{"type": "FeatureCollection", "features": [{"type": "Feature", "geometry": {"type": "Point", "coordinates": [-16.62503, 28.25366]}, "properties": {"climb_slug": "el-teide", "climb_name": "El Teide", "country": "ES", "region": "Canary Islands", "side": "from Los Cristianos", "category": "HC", "length_km": 41.8, "elevation_gain_m": 2301, "avg_grade_pct": 5.5, "max_grade_pct": 17.1, "summit_elevation_m": 2311, "summit_lat": 28.25366, "summit_lon": -16.62503, "start_lat": 28.05121, "start_lon": -16.71618, "wikidata_id": "", "cycletrip_url": "https://cycletrip.pro/climbs/el-teide"}}, {"type": "Feature", "geometry": {"type": "Point", "coordinates": [-16.62503, 28.25366]}, "properties": {"climb_slug": "el-teide", "climb_name": "El Teide", "country": "ES", "region": "Canary Islands", "side": "from Puerto de la Cruz", "category": "HC", "length_km": 38.3, "elevation_gain_m": 2309, "avg_grade_pct": 6.0, "max_grade_pct": "", "summit_elevation_m": 2311, "summit_lat": 28.25366, "summit_lon": -16.62503, "start_lat": 28.41459, "start_lon": -16.54847, "wikidata_id": "", "cycletrip_url": "https://cycletrip.pro/climbs/el-teide"}}, {"type": "Feature", "geometry": {"type": "Point", "coordinates": [12.9263418, 46.5024667]}, "properties": {"climb_slug": "monte-zoncolan-il-oncol-n", "climb_name": "Monte Zoncolan / Il  Çoncolàn", "country": "IT", "region": "Friuli", "side": "from Ovaro / Davâr", "category": "HC", "length_km": 7.9, "elevation_gain_m": 1039, "avg_grade_pct": 13.2, "max_grade_pct": 20.9, "summit_elevation_m": 1749, "summit_lat": 46.50247, "summit_lon": 12.92634, "start_lat": 46.49004, "start_lon": 12.87748, "wikidata_id": "Q1468844", "cycletrip_url": "https://cycletrip.pro/climbs/monte-zoncolan-il-oncol-n"}}, {"type": "Feature", "geometry": {"type": "Point", "coordinates": [10.4532056, 46.5286176]}, "properties": {"climb_slug": "passo-dello-stelvio-stilfser-joch", "climb_name": "Passo dello Stelvio - Stilfser Joch", "country": "IT", "region": "Dolomites", "side": "from Bormio", "category": "HC", "length_km": 21.9, "elevation_gain_m": 1574, "avg_grade_pct": 7.2, "max_grade_pct": 15.6, "summit_elevation_m": 2758, "summit_lat": 46.52862, "summit_lon": 10.45321, "start_lat": 46.46374, "start_lon": 10.36546, "wikidata_id": "Q1334855", "cycletrip_url": "https://cycletrip.pro/climbs/passo-dello-stelvio-stilfser-joch"}}, {"type": "Feature", "geometry": {"type": "Point", "coordinates": [10.4532056, 46.5286176]}, "properties": {"climb_slug": "passo-dello-stelvio-stilfser-joch", "climb_name": "Passo dello Stelvio - Stilfser Joch", "country": "IT", "region": "Dolomites", "side": "from Prad am Stilfser Joch - Prato allo Stelvio", "category": "HC", "length_km": 25.3, "elevation_gain_m": 1853, "avg_grade_pct": 7.3, "max_grade_pct": 17.1, "summit_elevation_m": 2758, "summit_lat": 46.52862, "summit_lon": 10.45321, "start_lat": 46.61916, "start_lon": 10.59667, "wikidata_id": "Q1334855", "cycletrip_url": "https://cycletrip.pro/climbs/passo-dello-stelvio-stilfser-joch"}}, {"type": "Feature", "geometry": {"type": "Point", "coordinates": [7.053339, 45.0720309]}, "properties": {"climb_slug": "colle-delle-finestre", "climb_name": "Colle delle Finestre", "country": "IT", "region": "Piedmont", "side": "from Fenestrelle", "category": "1", "length_km": 15.7, "elevation_gain_m": 1073, "avg_grade_pct": 6.8, "max_grade_pct": 16.4, "summit_elevation_m": 2176, "summit_lat": 45.07203, "summit_lon": 7.05334, "start_lat": 45.02679, "start_lon": 7.06848, "wikidata_id": "Q1108944", "cycletrip_url": "https://cycletrip.pro/climbs/colle-delle-finestre"}}, {"type": "Feature", "geometry": {"type": "Point", "coordinates": [7.053339, 45.0720309]}, "properties": {"climb_slug": "colle-delle-finestre", "climb_name": "Colle delle Finestre", "country": "IT", "region": "Piedmont", "side": "from Meana di Susa", "category": "HC", "length_km": 15.8, "elevation_gain_m": 1446, "avg_grade_pct": 9.2, "max_grade_pct": 19.8, "summit_elevation_m": 2176, "summit_lat": 45.07203, "summit_lon": 7.05334, "start_lat": 45.11895, "start_lon": 7.06498, "wikidata_id": "Q1108944", "cycletrip_url": "https://cycletrip.pro/climbs/colle-delle-finestre"}}, {"type": "Feature", "geometry": {"type": "Point", "coordinates": [6.3755223, 45.4349516]}, "properties": {"climb_slug": "col-de-la-madeleine", "climb_name": "Col de la Madeleine", "country": "FR", "region": "French Alps", "side": "from La Léchère", "category": "HC", "length_km": 25.6, "elevation_gain_m": 1561, "avg_grade_pct": 6.1, "max_grade_pct": 14.9, "summit_elevation_m": 1993, "summit_lat": 45.43495, "summit_lon": 6.37552, "start_lat": 45.53904, "start_lon": 6.46948, "wikidata_id": "Q1107475", "cycletrip_url": "https://cycletrip.pro/climbs/col-de-la-madeleine"}}, {"type": "Feature", "geometry": {"type": "Point", "coordinates": [6.3755223, 45.4349516]}, "properties": {"climb_slug": "col-de-la-madeleine", "climb_name": "Col de la Madeleine", "country": "FR", "region": "French Alps", "side": "from Saint-Avre", "category": "HC", "length_km": 20.1, "elevation_gain_m": 1539, "avg_grade_pct": 7.7, "max_grade_pct": 13.7, "summit_elevation_m": 1993, "summit_lat": 45.43495, "summit_lon": 6.37552, "start_lat": 45.35352, "start_lon": 6.30293, "wikidata_id": "Q1107475", "cycletrip_url": "https://cycletrip.pro/climbs/col-de-la-madeleine"}}, {"type": "Feature", "geometry": {"type": "Point", "coordinates": [6.8458497, 45.1332149]}, "properties": {"climb_slug": "col-de-sommeiller-colle-del-sommeiller", "climb_name": "Col de Sommeiller / Colle del Sommeiller", "country": "IT", "region": "Piedmont", "side": "from Bardonecchia", "category": "HC", "length_km": 24.9, "elevation_gain_m": 1722, "avg_grade_pct": 6.9, "max_grade_pct": 14.0, "summit_elevation_m": 3009, "summit_lat": 45.13321, "summit_lon": 6.84585, "start_lat": 45.08055, "start_lon": 6.71036, "wikidata_id": "Q525846", "cycletrip_url": "https://cycletrip.pro/climbs/col-de-sommeiller-colle-del-sommeiller"}}, {"type": "Feature", "geometry": {"type": "Point", "coordinates": [5.278271020996969, 44.172980997667004]}, "properties": {"climb_slug": "mont-ventoux", "climb_name": "Mont Ventoux", "country": "FR", "region": "Provence", "side": "from Bédoin", "category": "HC", "length_km": 21.0, "elevation_gain_m": 1569, "avg_grade_pct": 7.5, "max_grade_pct": 16.3, "summit_elevation_m": 1897, "summit_lat": 44.17298, "summit_lon": 5.27827, "start_lat": 44.12519, "start_lon": 5.18111, "wikidata_id": "", "cycletrip_url": "https://cycletrip.pro/climbs/mont-ventoux"}}, {"type": "Feature", "geometry": {"type": "Point", "coordinates": [5.278271020996969, 44.172980997667004]}, "properties": {"climb_slug": "mont-ventoux", "climb_name": "Mont Ventoux", "country": "FR", "region": "Provence", "side": "from Malaucène", "category": "HC", "length_km": 21.1, "elevation_gain_m": 1540, "avg_grade_pct": 7.3, "max_grade_pct": 13.6, "summit_elevation_m": 1897, "summit_lat": 44.17298, "summit_lon": 5.27827, "start_lat": 44.17311, "start_lon": 5.13559, "wikidata_id": "", "cycletrip_url": "https://cycletrip.pro/climbs/mont-ventoux"}}, {"type": "Feature", "geometry": {"type": "Point", "coordinates": [7.101243, 44.3816361]}, "properties": {"climb_slug": "colle-valcavera", "climb_name": "Colle Valcavera", "country": "IT", "region": "Piedmont", "side": "from Demonte", "category": "HC", "length_km": 22.7, "elevation_gain_m": 1626, "avg_grade_pct": 7.2, "max_grade_pct": 14.0, "summit_elevation_m": 2416, "summit_lat": 44.38164, "summit_lon": 7.10124, "start_lat": 44.31499, "start_lon": 7.29491, "wikidata_id": "Q3682752", "cycletrip_url": "https://cycletrip.pro/climbs/colle-valcavera"}}, {"type": "Feature", "geometry": {"type": "Point", "coordinates": [7.1218139, 44.3856486]}, "properties": {"climb_slug": "colle-fauniera", "climb_name": "Colle Fauniera", "country": "IT", "region": "Piedmont", "side": "from Castelmagno", "category": "1", "length_km": 8.5, "elevation_gain_m": 728, "avg_grade_pct": 8.6, "max_grade_pct": 16.7, "summit_elevation_m": 2481, "summit_lat": 44.38565, "summit_lon": 7.12181, "start_lat": 44.39975, "start_lon": 7.17089, "wikidata_id": "Q1108936", "cycletrip_url": "https://cycletrip.pro/climbs/colle-fauniera"}}, {"type": "Feature", "geometry": {"type": "Point", "coordinates": [7.1218139, 44.3856486]}, "properties": {"climb_slug": "colle-fauniera", "climb_name": "Colle Fauniera", "country": "IT", "region": "Piedmont", "side": "from Demonte", "category": "HC", "length_km": 24.5, "elevation_gain_m": 1685, "avg_grade_pct": 6.9, "max_grade_pct": 13.9, "summit_elevation_m": 2481, "summit_lat": 44.38565, "summit_lon": 7.12181, "start_lat": 44.31521, "start_lon": 7.29537, "wikidata_id": "Q1108936", "cycletrip_url": "https://cycletrip.pro/climbs/colle-fauniera"}}, {"type": "Feature", "geometry": {"type": "Point", "coordinates": [8.8454537, 46.1106685]}, "properties": {"climb_slug": "passo-dell-alpe-di-neggia", "climb_name": "Passo dell'Alpe di Neggia", "country": "IT", "region": null, "side": "from Indemini", "category": "1", "length_km": 5.3, "elevation_gain_m": 429, "avg_grade_pct": 8.1, "max_grade_pct": 15.5, "summit_elevation_m": 1395, "summit_lat": 46.11067, "summit_lon": 8.84545, "start_lat": 46.0958, "start_lon": 8.81879, "wikidata_id": "Q666442", "cycletrip_url": "https://cycletrip.pro/climbs/passo-dell-alpe-di-neggia"}}, {"type": "Feature", "geometry": {"type": "Point", "coordinates": [8.8454537, 46.1106685]}, "properties": {"climb_slug": "passo-dell-alpe-di-neggia", "climb_name": "Passo dell'Alpe di Neggia", "country": "IT", "region": null, "side": "from Vira (Gambarogno)", "category": "HC", "length_km": 12.6, "elevation_gain_m": 1193, "avg_grade_pct": 9.5, "max_grade_pct": 22.3, "summit_elevation_m": 1395, "summit_lat": 46.11067, "summit_lon": 8.84545, "start_lat": 46.14407, "start_lon": 8.84319, "wikidata_id": "Q666442", "cycletrip_url": "https://cycletrip.pro/climbs/passo-dell-alpe-di-neggia"}}, {"type": "Feature", "geometry": {"type": "Point", "coordinates": [9.6227781, 46.047194]}, "properties": {"climb_slug": "passo-san-marco", "climb_name": "Passo San Marco", "country": "IT", "region": "Lombardy", "side": "from Morbegno", "category": "HC", "length_km": 26.0, "elevation_gain_m": 1722, "avg_grade_pct": 6.6, "max_grade_pct": 17.6, "summit_elevation_m": 1991, "summit_lat": 46.04719, "summit_lon": 9.62278, "start_lat": 46.13149, "start_lon": 9.57513, "wikidata_id": "Q176606", "cycletrip_url": "https://cycletrip.pro/climbs/passo-san-marco"}}, {"type": "Feature", "geometry": {"type": "Point", "coordinates": [9.6227781, 46.047194]}, "properties": {"climb_slug": "passo-san-marco", "climb_name": "Passo San Marco", "country": "IT", "region": "Lombardy", "side": "from Olmo al Brembo", "category": "HC", "length_km": 20.1, "elevation_gain_m": 1428, "avg_grade_pct": 7.1, "max_grade_pct": 16.7, "summit_elevation_m": 1991, "summit_lat": 46.04719, "summit_lon": 9.62278, "start_lat": 45.96502, "start_lon": 9.6521, "wikidata_id": "Q176606", "cycletrip_url": "https://cycletrip.pro/climbs/passo-san-marco"}}, {"type": "Feature", "geometry": {"type": "Point", "coordinates": [10.4095085, 45.9075303]}, "properties": {"climb_slug": "passo-di-crocedomini", "climb_name": "Passo di Crocedomini", "country": "IT", "region": "Lombardy", "side": "from Anfo", "category": "1", "length_km": 31.1, "elevation_gain_m": 1426, "avg_grade_pct": 4.6, "max_grade_pct": 14.8, "summit_elevation_m": 1892, "summit_lat": 45.90753, "summit_lon": 10.40951, "start_lat": 45.79965, "start_lon": 10.50362, "wikidata_id": "Q353065", "cycletrip_url": "https://cycletrip.pro/climbs/passo-di-crocedomini"}}, {"type": "Feature", "geometry": {"type": "Point", "coordinates": [10.4095085, 45.9075303]}, "properties": {"climb_slug": "passo-di-crocedomini", "climb_name": "Passo di Crocedomini", "country": "IT", "region": "Lombardy", "side": "from Prestine", "category": "HC", "length_km": 18.1, "elevation_gain_m": 1435, "avg_grade_pct": 7.9, "max_grade_pct": 17.5, "summit_elevation_m": 1892, "summit_lat": 45.90753, "summit_lon": 10.40951, "start_lat": 45.93567, "start_lon": 10.29493, "wikidata_id": "Q353065", "cycletrip_url": "https://cycletrip.pro/climbs/passo-di-crocedomini"}}, {"type": "Feature", "geometry": {"type": "Point", "coordinates": [-5.9380347, 43.2256877]}, "properties": {"climb_slug": "angliru", "climb_name": "Angliru", "country": "ES", "region": "Asturias", "side": "from Purció", "category": "HC", "length_km": 9.3, "elevation_gain_m": 1021, "avg_grade_pct": 11.0, "max_grade_pct": 24.2, "summit_elevation_m": 1570, "summit_lat": 43.22569, "summit_lon": -5.93803, "start_lat": 43.24368, "start_lon": -5.90339, "wikidata_id": "Q443610", "cycletrip_url": "https://cycletrip.pro/climbs/angliru"}}, {"type": "Feature", "geometry": {"type": "Point", "coordinates": [11.4414698, 46.1732517]}, "properties": {"climb_slug": "passo-manghen", "climb_name": "Passo Manghen", "country": "IT", "region": "Dolomites", "side": "from Molina di Fiemme", "category": "HC", "length_km": 16.1, "elevation_gain_m": 1224, "avg_grade_pct": 7.6, "max_grade_pct": 14.1, "summit_elevation_m": 2047, "summit_lat": 46.17325, "summit_lon": 11.44147, "start_lat": 46.27176, "start_lon": 11.42307, "wikidata_id": "Q623236", "cycletrip_url": "https://cycletrip.pro/climbs/passo-manghen"}}, {"type": "Feature", "geometry": {"type": "Point", "coordinates": [11.4414698, 46.1732517]}, "properties": {"climb_slug": "passo-manghen", "climb_name": "Passo Manghen", "country": "IT", "region": "Dolomites", "side": "from Telve", "category": "HC", "length_km": 21.0, "elevation_gain_m": 1527, "avg_grade_pct": 7.3, "max_grade_pct": 14.3, "summit_elevation_m": 2047, "summit_lat": 46.17325, "summit_lon": 11.44147, "start_lat": 46.06773, "start_lon": 11.48175, "wikidata_id": "Q623236", "cycletrip_url": "https://cycletrip.pro/climbs/passo-manghen"}}, {"type": "Feature", "geometry": {"type": "Point", "coordinates": [6.8068886, 44.3216186]}, "properties": {"climb_slug": "cime-de-la-bonette", "climb_name": "Cime de la Bonette", "country": "FR", "region": "French Alps", "side": "from Jausiers", "category": "HC", "length_km": 23.1, "elevation_gain_m": 1593, "avg_grade_pct": 6.9, "max_grade_pct": 17.2, "summit_elevation_m": 2860, "summit_lat": 44.32162, "summit_lon": 6.80689, "start_lat": 44.42013, "start_lon": 6.73848, "wikidata_id": "Q2972421", "cycletrip_url": "https://cycletrip.pro/climbs/cime-de-la-bonette"}}, {"type": "Feature", "geometry": {"type": "Point", "coordinates": [6.8068886, 44.3216186]}, "properties": {"climb_slug": "cime-de-la-bonette", "climb_name": "Cime de la Bonette", "country": "FR", "region": "French Alps", "side": "from Saint-Étienne-de-Tinée", "category": "HC", "length_km": 31.9, "elevation_gain_m": 1769, "avg_grade_pct": 5.5, "max_grade_pct": 19.3, "summit_elevation_m": 2860, "summit_lat": 44.32162, "summit_lon": 6.80689, "start_lat": 44.22175, "start_lon": 6.96538, "wikidata_id": "Q2972421", "cycletrip_url": "https://cycletrip.pro/climbs/cime-de-la-bonette"}}, {"type": "Feature", "geometry": {"type": "Point", "coordinates": [7.1195782, 44.5509525]}, "properties": {"climb_slug": "colle-di-sampeyre", "climb_name": "Colle di Sampeyre", "country": "IT", "region": "Piedmont", "side": "from Elva", "category": "2", "length_km": 3.9, "elevation_gain_m": 326, "avg_grade_pct": 8.4, "max_grade_pct": 12.6, "summit_elevation_m": 2284, "summit_lat": 44.55095, "summit_lon": 7.11958, "start_lat": 44.52719, "start_lon": 7.10425, "wikidata_id": "Q1108948", "cycletrip_url": "https://cycletrip.pro/climbs/colle-di-sampeyre"}}, {"type": "Feature", "geometry": {"type": "Point", "coordinates": [7.1195782, 44.5509525]}, "properties": {"climb_slug": "colle-di-sampeyre", "climb_name": "Colle di Sampeyre", "country": "IT", "region": "Piedmont", "side": "from Sampeyre", "category": "HC", "length_km": 15.5, "elevation_gain_m": 1307, "avg_grade_pct": 8.4, "max_grade_pct": 14.5, "summit_elevation_m": 2284, "summit_lat": 44.55095, "summit_lon": 7.11958, "start_lat": 44.57791, "start_lon": 7.18486, "wikidata_id": "Q1108948", "cycletrip_url": "https://cycletrip.pro/climbs/colle-di-sampeyre"}}, {"type": "Feature", "geometry": {"type": "Point", "coordinates": [10.0276209, 46.4109207]}, "properties": {"climb_slug": "passo-del-bernina", "climb_name": "Passo del Bernina", "country": "IT", "region": null, "side": "from Pontresina", "category": "2", "length_km": 15.1, "elevation_gain_m": 552, "avg_grade_pct": 3.7, "max_grade_pct": 9.3, "summit_elevation_m": 2330, "summit_lat": 46.41092, "summit_lon": 10.02762, "start_lat": 46.49146, "start_lon": 9.89871, "wikidata_id": "Q204774", "cycletrip_url": "https://cycletrip.pro/climbs/passo-del-bernina"}}, {"type": "Feature", "geometry": {"type": "Point", "coordinates": [10.0276209, 46.4109207]}, "properties": {"climb_slug": "passo-del-bernina", "climb_name": "Passo del Bernina", "country": "IT", "region": null, "side": "from Tirano", "category": "HC", "length_km": 33.3, "elevation_gain_m": 1885, "avg_grade_pct": 5.7, "max_grade_pct": 15.5, "summit_elevation_m": 2330, "summit_lat": 46.41092, "summit_lon": 10.02762, "start_lat": 46.21795, "start_lon": 10.15598, "wikidata_id": "Q204774", "cycletrip_url": "https://cycletrip.pro/climbs/passo-del-bernina"}}, {"type": "Feature", "geometry": {"type": "Point", "coordinates": [7.1500964, 44.202669]}, "properties": {"climb_slug": "col-de-la-lombarde-colle-della-lombarda", "climb_name": "Col de la Lombarde / Colle della Lombarda", "country": "FR", "region": "French Alps", "side": "from Isola", "category": "HC", "length_km": 20.6, "elevation_gain_m": 1484, "avg_grade_pct": 7.2, "max_grade_pct": 14.3, "summit_elevation_m": 2351, "summit_lat": 44.20267, "summit_lon": 7.1501, "start_lat": 44.18509, "start_lon": 7.05467, "wikidata_id": "Q779782", "cycletrip_url": "https://cycletrip.pro/climbs/col-de-la-lombarde-colle-della-lombarda"}}, {"type": "Feature", "geometry": {"type": "Point", "coordinates": [7.1500964, 44.202669]}, "properties": {"climb_slug": "col-de-la-lombarde-colle-della-lombarda", "climb_name": "Col de la Lombarde / Colle della Lombarda", "country": "FR", "region": "French Alps", "side": "from Vinadio", "category": "HC", "length_km": 20.9, "elevation_gain_m": 1454, "avg_grade_pct": 7.0, "max_grade_pct": 13.4, "summit_elevation_m": 2351, "summit_lat": 44.20267, "summit_lon": 7.1501, "start_lat": 44.30315, "start_lon": 7.15991, "wikidata_id": "Q779782", "cycletrip_url": "https://cycletrip.pro/climbs/col-de-la-lombarde-colle-della-lombarda"}}, {"type": "Feature", "geometry": {"type": "Point", "coordinates": [11.0643045, 46.0396465]}, "properties": {"climb_slug": "monte-bondone", "climb_name": "Monte Bondone", "country": "IT", "region": "Lake Garda", "side": "from Padergnone", "category": "1", "length_km": 27.9, "elevation_gain_m": 1305, "avg_grade_pct": 4.7, "max_grade_pct": 11.8, "summit_elevation_m": "", "summit_lat": 46.03965, "summit_lon": 11.0643, "start_lat": 46.06052, "start_lon": 10.99262, "wikidata_id": "", "cycletrip_url": "https://cycletrip.pro/climbs/monte-bondone"}}, {"type": "Feature", "geometry": {"type": "Point", "coordinates": [11.0643045, 46.0396465]}, "properties": {"climb_slug": "monte-bondone", "climb_name": "Monte Bondone", "country": "IT", "region": "Lake Garda", "side": "from Vela", "category": "HC", "length_km": 17.2, "elevation_gain_m": 1339, "avg_grade_pct": 7.8, "max_grade_pct": 12.5, "summit_elevation_m": "", "summit_lat": 46.03965, "summit_lon": 11.0643, "start_lat": 46.07988, "start_lon": 11.09868, "wikidata_id": "", "cycletrip_url": "https://cycletrip.pro/climbs/monte-bondone"}}, {"type": "Feature", "geometry": {"type": "Point", "coordinates": [0.145297, 42.9083884]}, "properties": {"climb_slug": "col-du-tourmalet", "climb_name": "Col du Tourmalet", "country": "FR", "region": "Pyrenees", "side": "from Campan", "category": "HC", "length_km": 17.1, "elevation_gain_m": 1267, "avg_grade_pct": 7.4, "max_grade_pct": 15.2, "summit_elevation_m": 2115, "summit_lat": 42.90839, "summit_lon": 0.1453, "start_lat": 42.98347, "start_lon": 0.228, "wikidata_id": "Q942322", "cycletrip_url": "https://cycletrip.pro/climbs/col-du-tourmalet"}}, {"type": "Feature", "geometry": {"type": "Point", "coordinates": [0.145297, 42.9083884]}, "properties": {"climb_slug": "col-du-tourmalet", "climb_name": "Col du Tourmalet", "country": "FR", "region": "Pyrenees", "side": "from Luz-Saint-Sauveur", "category": "HC", "length_km": 18.9, "elevation_gain_m": 1406, "avg_grade_pct": 7.4, "max_grade_pct": 14.9, "summit_elevation_m": 2115, "summit_lat": 42.90839, "summit_lon": 0.1453, "start_lat": 42.87347, "start_lon": -0.00326, "wikidata_id": "Q942322", "cycletrip_url": "https://cycletrip.pro/climbs/col-du-tourmalet"}}, {"type": "Feature", "geometry": {"type": "Point", "coordinates": [6.1755353, 45.2396059]}, "properties": {"climb_slug": "col-du-glandon", "climb_name": "Col du Glandon", "country": "FR", "region": "French Alps", "side": "from Saint-Étienne-de-Cuines", "category": "HC", "length_km": 21.0, "elevation_gain_m": 1472, "avg_grade_pct": 7.0, "max_grade_pct": 13.3, "summit_elevation_m": 1924, "summit_lat": 45.23961, "summit_lon": 6.17554, "start_lat": 45.35005, "start_lon": 6.29992, "wikidata_id": "Q1107488", "cycletrip_url": "https://cycletrip.pro/climbs/col-du-glandon"}}, {"type": "Feature", "geometry": {"type": "Point", "coordinates": [11.441254, 46.818775]}, "properties": {"climb_slug": "penser-joch-passo-di-pennes", "climb_name": "Penser Joch - Passo di Pennes", "country": "IT", "region": "Dolomites", "side": "from Elzenbaum - Pruno", "category": "HC", "length_km": 15.1, "elevation_gain_m": 1236, "avg_grade_pct": 8.2, "max_grade_pct": 18.9, "summit_elevation_m": 2211, "summit_lat": 46.81878, "summit_lon": 11.44125, "start_lat": 46.88112, "start_lon": 11.43206, "wikidata_id": "Q1414399", "cycletrip_url": "https://cycletrip.pro/climbs/penser-joch-passo-di-pennes"}}, {"type": "Feature", "geometry": {"type": "Point", "coordinates": [11.441254, 46.818775]}, "properties": {"climb_slug": "penser-joch-passo-di-pennes", "climb_name": "Penser Joch - Passo di Pennes", "country": "IT", "region": "Dolomites", "side": "from Sarntal - Sarentino", "category": "1", "length_km": 35.3, "elevation_gain_m": 1440, "avg_grade_pct": 4.1, "max_grade_pct": 14.6, "summit_elevation_m": 2211, "summit_lat": 46.81878, "summit_lon": 11.44125, "start_lat": 46.59683, "start_lon": 11.38105, "wikidata_id": "Q1414399", "cycletrip_url": "https://cycletrip.pro/climbs/penser-joch-passo-di-pennes"}}, {"type": "Feature", "geometry": {"type": "Point", "coordinates": [11.3214724, 46.8396036]}, "properties": {"climb_slug": "jaufenpass-passo-di-monte-giovo", "climb_name": "Jaufenpass - Passo di Monte Giovo", "country": "IT", "region": "Dolomites", "side": "from St. Leonhard in Passeier - San Leonardo in Passiria", "category": "HC", "length_km": 19.5, "elevation_gain_m": 1399, "avg_grade_pct": 7.2, "max_grade_pct": 16.3, "summit_elevation_m": 2094, "summit_lat": 46.8396, "summit_lon": 11.32147, "start_lat": 46.81293, "start_lon": 11.24587, "wikidata_id": "Q533765", "cycletrip_url": "https://cycletrip.pro/climbs/jaufenpass-passo-di-monte-giovo"}}, {"type": "Feature", "geometry": {"type": "Point", "coordinates": [11.3214724, 46.8396036]}, "properties": {"climb_slug": "jaufenpass-passo-di-monte-giovo", "climb_name": "Jaufenpass - Passo di Monte Giovo", "country": "IT", "region": "Dolomites", "side": "from Thuins - Tunes", "category": "1", "length_km": 16.5, "elevation_gain_m": 1149, "avg_grade_pct": 7.0, "max_grade_pct": 13.7, "summit_elevation_m": 2094, "summit_lat": 46.8396, "summit_lon": 11.32147, "start_lat": 46.88698, "start_lon": 11.4219, "wikidata_id": "Q533765", "cycletrip_url": "https://cycletrip.pro/climbs/jaufenpass-passo-di-monte-giovo"}}, {"type": "Feature", "geometry": {"type": "Point", "coordinates": [6.9795875, 44.6838851]}, "properties": {"climb_slug": "col-agnel-colle-dell-agnello", "climb_name": "Col Agnel / Colle dell'Agnello", "country": "IT", "region": "Piedmont", "side": "from Casteldelfino", "category": "HC", "length_km": 20.4, "elevation_gain_m": 1433, "avg_grade_pct": 7.0, "max_grade_pct": 19.3, "summit_elevation_m": 2744, "summit_lat": 44.68389, "summit_lon": 6.97959, "start_lat": 44.59099, "start_lon": 7.06817, "wikidata_id": "Q511182", "cycletrip_url": "https://cycletrip.pro/climbs/col-agnel-colle-dell-agnello"}}, {"type": "Feature", "geometry": {"type": "Point", "coordinates": [6.9795875, 44.6838851]}, "properties": {"climb_slug": "col-agnel-colle-dell-agnello", "climb_name": "Col Agnel / Colle dell'Agnello", "country": "IT", "region": "Piedmont", "side": "from Guillestre", "category": "1", "length_km": 35.0, "elevation_gain_m": 1634, "avg_grade_pct": 4.7, "max_grade_pct": 11.4, "summit_elevation_m": 2744, "summit_lat": 44.68389, "summit_lon": 6.97959, "start_lat": 44.69128, "start_lon": 6.70212, "wikidata_id": "Q511182", "cycletrip_url": "https://cycletrip.pro/climbs/col-agnel-colle-dell-agnello"}}, {"type": "Feature", "geometry": {"type": "Point", "coordinates": [6.8012896, 44.3368191]}, "properties": {"climb_slug": "faux-col-de-restefond", "climb_name": "Faux col de Restefond", "country": "FR", "region": "French Alps", "side": "from Jausiers", "category": "HC", "length_km": 20.4, "elevation_gain_m": 1426, "avg_grade_pct": 7.0, "max_grade_pct": 12.1, "summit_elevation_m": 2656, "summit_lat": 44.33682, "summit_lon": 6.80129, "start_lat": 44.42023, "start_lon": 6.73767, "wikidata_id": "Q3067603", "cycletrip_url": "https://cycletrip.pro/climbs/faux-col-de-restefond"}}, {"type": "Feature", "geometry": {"type": "Point", "coordinates": [6.8012896, 44.3368191]}, "properties": {"climb_slug": "faux-col-de-restefond", "climb_name": "Faux col de Restefond", "country": "FR", "region": "French Alps", "side": "from Saint-Étienne-de-Tinée", "category": "1", "length_km": 34.4, "elevation_gain_m": 1637, "avg_grade_pct": 4.8, "max_grade_pct": 13.1, "summit_elevation_m": 2656, "summit_lat": 44.33682, "summit_lon": 6.80129, "start_lat": 44.20945, "start_lon": 6.9768, "wikidata_id": "Q3067603", "cycletrip_url": "https://cycletrip.pro/climbs/faux-col-de-restefond"}}, {"type": "Feature", "geometry": {"type": "Point", "coordinates": [14.99882, 37.70001]}, "properties": {"climb_slug": "rifugio-sapienza", "climb_name": "Rifugio Sapienza", "country": "IT", "region": "Sicily", "side": "from Ragala", "category": "1", "length_km": 18.8, "elevation_gain_m": 1176, "avg_grade_pct": 6.3, "max_grade_pct": 13.3, "summit_elevation_m": 1910, "summit_lat": 37.70001, "summit_lon": 14.99882, "start_lat": 37.61729, "start_lon": 15.02426, "wikidata_id": "", "cycletrip_url": "https://cycletrip.pro/climbs/rifugio-sapienza"}}, {"type": "Feature", "geometry": {"type": "Point", "coordinates": [14.99882, 37.70001]}, "properties": {"climb_slug": "rifugio-sapienza", "climb_name": "Rifugio Sapienza", "country": "IT", "region": "Sicily", "side": "from Zafferana Etnea", "category": "HC", "length_km": 18.3, "elevation_gain_m": 1334, "avg_grade_pct": 7.3, "max_grade_pct": 13.7, "summit_elevation_m": 1910, "summit_lat": 37.70001, "summit_lon": 14.99882, "start_lat": 37.68993, "start_lon": 15.10549, "wikidata_id": "", "cycletrip_url": "https://cycletrip.pro/climbs/rifugio-sapienza"}}, {"type": "Feature", "geometry": {"type": "Point", "coordinates": [6.9886128, 45.7428195]}, "properties": {"climb_slug": "colle-san-carlo", "climb_name": "Colle San Carlo", "country": "IT", "region": "Aosta Valley", "side": "from Cretaz Desot", "category": "HC", "length_km": 11.2, "elevation_gain_m": 1046, "avg_grade_pct": 9.3, "max_grade_pct": 15.9, "summit_elevation_m": 1951, "summit_lat": 45.74282, "summit_lon": 6.98861, "start_lat": 45.75342, "start_lon": 7.04386, "wikidata_id": "Q2691729", "cycletrip_url": "https://cycletrip.pro/climbs/colle-san-carlo"}}, {"type": "Feature", "geometry": {"type": "Point", "coordinates": [6.9886128, 45.7428195]}, "properties": {"climb_slug": "colle-san-carlo", "climb_name": "Colle San Carlo", "country": "IT", "region": "Aosta Valley", "side": "from La Thuile", "category": "1", "length_km": 7.3, "elevation_gain_m": 517, "avg_grade_pct": 7.1, "max_grade_pct": 11.7, "summit_elevation_m": 1951, "summit_lat": 45.74282, "summit_lon": 6.98861, "start_lat": 45.71741, "start_lon": 6.94813, "wikidata_id": "Q2691729", "cycletrip_url": "https://cycletrip.pro/climbs/colle-san-carlo"}}, {"type": "Feature", "geometry": {"type": "Point", "coordinates": [10.2983094, 46.2478567]}, "properties": {"climb_slug": "passo-del-mortirolo", "climb_name": "Passo del Mortirolo", "country": "IT", "region": "Lombardy", "side": "from Monno", "category": "1", "length_km": 12.6, "elevation_gain_m": 957, "avg_grade_pct": 7.6, "max_grade_pct": 14.7, "summit_elevation_m": 1852, "summit_lat": 46.24786, "summit_lon": 10.29831, "start_lat": 46.21481, "start_lon": 10.35166, "wikidata_id": "Q1633178", "cycletrip_url": "https://cycletrip.pro/climbs/passo-del-mortirolo"}}, {"type": "Feature", "geometry": {"type": "Point", "coordinates": [10.2983094, 46.2478567]}, "properties": {"climb_slug": "passo-del-mortirolo", "climb_name": "Passo del Mortirolo", "country": "IT", "region": "Lombardy", "side": "from Tiolo", "category": "HC", "length_km": 13.8, "elevation_gain_m": 1140, "avg_grade_pct": 8.3, "max_grade_pct": 15.0, "summit_elevation_m": 1852, "summit_lat": 46.24786, "summit_lon": 10.29831, "start_lat": 46.30597, "start_lon": 10.29462, "wikidata_id": "Q1633178", "cycletrip_url": "https://cycletrip.pro/climbs/passo-del-mortirolo"}}, {"type": "Feature", "geometry": {"type": "Point", "coordinates": [10.4331767, 46.5416453]}, "properties": {"climb_slug": "pass-umbrail-giogo-di-santa-maria", "climb_name": "Pass Umbrail - Giogo di Santa Maria", "country": "IT", "region": "Lombardy", "side": "from Sta. Maria Val Müstair", "category": "HC", "length_km": 13.3, "elevation_gain_m": 1118, "avg_grade_pct": 8.4, "max_grade_pct": 12.5, "summit_elevation_m": 2501, "summit_lat": 46.54165, "summit_lon": 10.43318, "start_lat": 46.6022, "start_lon": 10.42503, "wikidata_id": "Q665026", "cycletrip_url": "https://cycletrip.pro/climbs/pass-umbrail-giogo-di-santa-maria"}}, {"type": "Feature", "geometry": {"type": "Point", "coordinates": [6.6109055, 44.9627837]}, "properties": {"climb_slug": "col-de-granon", "climb_name": "Col de Granon", "country": "FR", "region": "French Alps", "side": "from Saint-Chaffrey", "category": "HC", "length_km": 11.8, "elevation_gain_m": 1050, "avg_grade_pct": 8.9, "max_grade_pct": 13.1, "summit_elevation_m": 2413, "summit_lat": 44.96278, "summit_lon": 6.61091, "start_lat": 44.93071, "start_lon": 6.59326, "wikidata_id": "Q1107359", "cycletrip_url": "https://cycletrip.pro/climbs/col-de-granon"}}, {"type": "Feature", "geometry": {"type": "Point", "coordinates": [-3.0298565, 37.1133625]}, "properties": {"climb_slug": "puerto-de-la-ragua", "climb_name": "Puerto de la Ragua", "country": "ES", "region": "Andalusia", "side": "from Cherín", "category": "HC", "length_km": 24.9, "elevation_gain_m": 1512, "avg_grade_pct": 6.1, "max_grade_pct": 13.3, "summit_elevation_m": "", "summit_lat": 37.11336, "summit_lon": -3.02986, "start_lat": 36.96604, "start_lon": -3.012, "wikidata_id": "", "cycletrip_url": "https://cycletrip.pro/climbs/puerto-de-la-ragua"}}, {"type": "Feature", "geometry": {"type": "Point", "coordinates": [-3.0298565, 37.1133625]}, "properties": {"climb_slug": "puerto-de-la-ragua", "climb_name": "Puerto de la Ragua", "country": "ES", "region": "Andalusia", "side": "from Ferreira", "category": "1", "length_km": 15.7, "elevation_gain_m": 910, "avg_grade_pct": 5.8, "max_grade_pct": 13.4, "summit_elevation_m": "", "summit_lat": 37.11336, "summit_lon": -3.02986, "start_lat": 37.20191, "start_lon": -3.04889, "wikidata_id": "", "cycletrip_url": "https://cycletrip.pro/climbs/puerto-de-la-ragua"}}, {"type": "Feature", "geometry": {"type": "Point", "coordinates": [7.1704088, 45.8690526]}, "properties": {"climb_slug": "col-du-grand-saint-bernard", "climb_name": "Col du Grand Saint-Bernard", "country": "IT", "region": "Aosta Valley", "side": "from Bourg-Saint-Pierre", "category": "1", "length_km": 6.7, "elevation_gain_m": 564, "avg_grade_pct": 8.4, "max_grade_pct": 14.6, "summit_elevation_m": 2469, "summit_lat": 45.86905, "summit_lon": 7.17041, "start_lat": 45.90311, "start_lon": 7.19854, "wikidata_id": "Q623424", "cycletrip_url": "https://cycletrip.pro/climbs/col-du-grand-saint-bernard"}}, {"type": "Feature", "geometry": {"type": "Point", "coordinates": [7.1704088, 45.8690526]}, "properties": {"climb_slug": "col-du-grand-saint-bernard", "climb_name": "Col du Grand Saint-Bernard", "country": "IT", "region": "Aosta Valley", "side": "from Gignod", "category": "HC", "length_km": 30.6, "elevation_gain_m": 1693, "avg_grade_pct": 5.5, "max_grade_pct": 11.8, "summit_elevation_m": 2469, "summit_lat": 45.86905, "summit_lon": 7.17041, "start_lat": 45.76459, "start_lon": 7.31209, "wikidata_id": "Q623424", "cycletrip_url": "https://cycletrip.pro/climbs/col-du-grand-saint-bernard"}}, {"type": "Feature", "geometry": {"type": "Point", "coordinates": [13.0061762, 42.4737347]}, "properties": {"climb_slug": "sella-di-leonessa", "climb_name": "Sella di Leonessa", "country": "IT", "region": "Central Apennines", "side": "from Leonessa", "category": "1", "length_km": 17.3, "elevation_gain_m": 951, "avg_grade_pct": 5.5, "max_grade_pct": 12.4, "summit_elevation_m": 1900, "summit_lat": 42.47373, "summit_lon": 13.00618, "start_lat": 42.56311, "start_lon": 12.96881, "wikidata_id": "Q1859988", "cycletrip_url": "https://cycletrip.pro/climbs/sella-di-leonessa"}}, {"type": "Feature", "geometry": {"type": "Point", "coordinates": [13.0061762, 42.4737347]}, "properties": {"climb_slug": "sella-di-leonessa", "climb_name": "Sella di Leonessa", "country": "IT", "region": "Central Apennines", "side": "from Lisciano", "category": "HC", "length_km": 21.0, "elevation_gain_m": 1384, "avg_grade_pct": 6.6, "max_grade_pct": 13.9, "summit_elevation_m": 1900, "summit_lat": 42.47373, "summit_lon": 13.00618, "start_lat": 42.43569, "start_lon": 12.9114, "wikidata_id": "Q1859988", "cycletrip_url": "https://cycletrip.pro/climbs/sella-di-leonessa"}}, {"type": "Feature", "geometry": {"type": "Point", "coordinates": [1.6852242463130533, 42.73121861242749]}, "properties": {"climb_slug": "plateau-de-beille", "climb_name": "Plateau de Beille", "country": "FR", "region": "Pyrenees", "side": "from Aulos", "category": "HC", "length_km": 16.5, "elevation_gain_m": 1220, "avg_grade_pct": 7.4, "max_grade_pct": 19.7, "summit_elevation_m": 1735, "summit_lat": 42.73122, "summit_lon": 1.68522, "start_lat": 42.79452, "start_lon": 1.67454, "wikidata_id": "", "cycletrip_url": "https://cycletrip.pro/climbs/plateau-de-beille"}}, {"type": "Feature", "geometry": {"type": "Point", "coordinates": [10.4652696, 45.7919706]}, "properties": {"climb_slug": "passo-del-baremone", "climb_name": "Passo del Baremone", "country": "IT", "region": "Lake Garda", "side": "from Anfo", "category": "1", "length_km": 11.3, "elevation_gain_m": 1004, "avg_grade_pct": 8.9, "max_grade_pct": 15.5, "summit_elevation_m": 1406, "summit_lat": 45.79197, "summit_lon": 10.46527, "start_lat": 45.76877, "start_lon": 10.49516, "wikidata_id": "Q2157217", "cycletrip_url": "https://cycletrip.pro/climbs/passo-del-baremone"}}, {"type": "Feature", "geometry": {"type": "Point", "coordinates": [5.8215858, 45.6609507]}, "properties": {"climb_slug": "mont-du-chat", "climb_name": "Mont du Chat", "country": "FR", "region": "French Alps", "side": "from La Motte-Servolex", "category": "1", "length_km": 20.1, "elevation_gain_m": 1212, "avg_grade_pct": 6.0, "max_grade_pct": 14.6, "summit_elevation_m": 1486, "summit_lat": 45.66095, "summit_lon": 5.82159, "start_lat": 45.59707, "start_lon": 5.87233, "wikidata_id": "Q3322225", "cycletrip_url": "https://cycletrip.pro/climbs/mont-du-chat"}}, {"type": "Feature", "geometry": {"type": "Point", "coordinates": [5.8215858, 45.6609507]}, "properties": {"climb_slug": "mont-du-chat", "climb_name": "Mont du Chat", "country": "FR", "region": "French Alps", "side": "from Saint-Paul-sur-Yenne", "category": "1", "length_km": 12.1, "elevation_gain_m": 1045, "avg_grade_pct": 8.6, "max_grade_pct": 16.4, "summit_elevation_m": 1486, "summit_lat": 45.66095, "summit_lon": 5.82159, "start_lat": 45.67611, "start_lon": 5.78343, "wikidata_id": "Q3322225", "cycletrip_url": "https://cycletrip.pro/climbs/mont-du-chat"}}, {"type": "Feature", "geometry": {"type": "Point", "coordinates": [5.7616633, 45.9034591]}, "properties": {"climb_slug": "col-du-grand-colombier", "climb_name": "Col du Grand Colombier", "country": "FR", "region": "Jura", "side": "from Bordèze", "category": "1", "length_km": 12.9, "elevation_gain_m": 887, "avg_grade_pct": 6.9, "max_grade_pct": 15.8, "summit_elevation_m": 1498, "summit_lat": 45.90346, "summit_lon": 5.76166, "start_lat": 45.92943, "start_lon": 5.72865, "wikidata_id": "Q2049244", "cycletrip_url": "https://cycletrip.pro/climbs/col-du-grand-colombier"}}, {"type": "Feature", "geometry": {"type": "Point", "coordinates": [5.7616633, 45.9034591]}, "properties": {"climb_slug": "col-du-grand-colombier", "climb_name": "Col du Grand Colombier", "country": "FR", "region": "Jura", "side": "from Culoz", "category": "1", "length_km": 17.7, "elevation_gain_m": 1252, "avg_grade_pct": 7.1, "max_grade_pct": 22.1, "summit_elevation_m": 1498, "summit_lat": 45.90346, "summit_lon": 5.76166, "start_lat": 45.84794, "start_lon": 5.7831, "wikidata_id": "Q2049244", "cycletrip_url": "https://cycletrip.pro/climbs/col-du-grand-colombier"}}, {"type": "Feature", "geometry": {"type": "Point", "coordinates": [10.4873336, 46.3434797]}, "properties": {"climb_slug": "passo-di-gavia", "climb_name": "Passo di Gavia", "country": "IT", "region": "Lombardy", "side": "from Bormio", "category": "1", "length_km": 26.3, "elevation_gain_m": 1435, "avg_grade_pct": 5.5, "max_grade_pct": 14.7, "summit_elevation_m": 2621, "summit_lat": 46.34348, "summit_lon": 10.48733, "start_lat": 46.46361, "start_lon": 10.36541, "wikidata_id": "Q1008597", "cycletrip_url": "https://cycletrip.pro/climbs/passo-di-gavia"}}, {"type": "Feature", "geometry": {"type": "Point", "coordinates": [10.4873336, 46.3434797]}, "properties": {"climb_slug": "passo-di-gavia", "climb_name": "Passo di Gavia", "country": "IT", "region": "Lombardy", "side": "from Ponte di Legno", "category": "1", "length_km": 17.9, "elevation_gain_m": 1252, "avg_grade_pct": 7.0, "max_grade_pct": 24.8, "summit_elevation_m": 2621, "summit_lat": 46.34348, "summit_lon": 10.48733, "start_lat": 46.25644, "start_lon": 10.52359, "wikidata_id": "Q1008597", "cycletrip_url": "https://cycletrip.pro/climbs/passo-di-gavia"}}, {"type": "Feature", "geometry": {"type": "Point", "coordinates": [12.2272588, 46.0133396]}, "properties": {"climb_slug": "sella-di-pian-de-le-femene", "climb_name": "Sella di Pian de le Femene", "country": "IT", "region": "Dolomites", "side": "from Revine", "category": "1", "length_km": 9.3, "elevation_gain_m": 895, "avg_grade_pct": 9.6, "max_grade_pct": 14.5, "summit_elevation_m": 1125, "summit_lat": 46.01334, "summit_lon": 12.22726, "start_lat": 45.99768, "start_lon": 12.2473, "wikidata_id": "Q3901874", "cycletrip_url": "https://cycletrip.pro/climbs/sella-di-pian-de-le-femene"}}, {"type": "Feature", "geometry": {"type": "Point", "coordinates": [6.0699, 45.0925]}, "properties": {"climb_slug": "alpe-dhuez", "climb_name": "Alpe d'Huez", "country": "FR", "region": "French Alps", "side": "from Le Bourg-d'Oisans", "category": "1", "length_km": 14.4, "elevation_gain_m": 1103, "avg_grade_pct": 7.7, "max_grade_pct": 15.5, "summit_elevation_m": 1860, "summit_lat": 45.0925, "summit_lon": 6.0699, "start_lat": 45.06275, "start_lon": 6.03704, "wikidata_id": "", "cycletrip_url": "https://cycletrip.pro/climbs/alpe-dhuez"}}, {"type": "Feature", "geometry": {"type": "Point", "coordinates": [11.1688648, 45.7290042]}, "properties": {"climb_slug": "passo-di-campogrosso", "climb_name": "Passo di Campogrosso", "country": "IT", "region": "Veneto", "side": "from Recoaro Terme", "category": "1", "length_km": 11.0, "elevation_gain_m": 969, "avg_grade_pct": 8.8, "max_grade_pct": 15.4, "summit_elevation_m": 1453, "summit_lat": 45.729, "summit_lon": 11.16886, "start_lat": 45.70248, "start_lon": 11.21566, "wikidata_id": "Q3897429", "cycletrip_url": "https://cycletrip.pro/climbs/passo-di-campogrosso"}}, {"type": "Feature", "geometry": {"type": "Point", "coordinates": [5.7399335, 45.3218615]}, "properties": {"climb_slug": "col-de-la-charmette", "climb_name": "Col de la Charmette", "country": "FR", "region": "French Alps", "side": "from Saint-Égrève", "category": "1", "length_km": 13.3, "elevation_gain_m": 1067, "avg_grade_pct": 8.0, "max_grade_pct": 16.3, "summit_elevation_m": 1261, "summit_lat": 45.32186, "summit_lon": 5.73993, "start_lat": 45.22844, "start_lon": 5.68152, "wikidata_id": "Q2982152", "cycletrip_url": "https://cycletrip.pro/climbs/col-de-la-charmette"}}, {"type": "Feature", "geometry": {"type": "Point", "coordinates": [1.4499846, 42.4593613]}, "properties": {"climb_slug": "coll-de-la-gallina", "climb_name": "Coll de la Gallina", "country": "AD", "region": "Andorra", "side": "from Aubinyà", "category": "1", "length_km": 12.0, "elevation_gain_m": 1005, "avg_grade_pct": 8.4, "max_grade_pct": 17.3, "summit_elevation_m": "", "summit_lat": 42.45936, "summit_lon": 1.44998, "start_lat": 42.46126, "start_lon": 1.48951, "wikidata_id": "", "cycletrip_url": "https://cycletrip.pro/climbs/coll-de-la-gallina"}}, {"type": "Feature", "geometry": {"type": "Point", "coordinates": [1.4499846, 42.4593613]}, "properties": {"climb_slug": "coll-de-la-gallina", "climb_name": "Coll de la Gallina", "country": "AD", "region": "Andorra", "side": "from Bixessarri", "category": "1", "length_km": 8.2, "elevation_gain_m": 722, "avg_grade_pct": 8.8, "max_grade_pct": 13.7, "summit_elevation_m": "", "summit_lat": 42.45936, "summit_lon": 1.44998, "start_lat": 42.4836, "start_lon": 1.45847, "wikidata_id": "", "cycletrip_url": "https://cycletrip.pro/climbs/coll-de-la-gallina"}}, {"type": "Feature", "geometry": {"type": "Point", "coordinates": [11.111801, 46.529549]}, "properties": {"climb_slug": "gampenpass-passo-delle-palade", "climb_name": "Gampenpass - Passo delle Palade", "country": "IT", "region": "Dolomites", "side": "from Castelfondo", "category": "2", "length_km": 13.5, "elevation_gain_m": 582, "avg_grade_pct": 4.3, "max_grade_pct": 11.2, "summit_elevation_m": 1518, "summit_lat": 46.52955, "summit_lon": 11.1118, "start_lat": 46.44041, "start_lon": 11.13308, "wikidata_id": "Q1493265", "cycletrip_url": "https://cycletrip.pro/climbs/gampenpass-passo-delle-palade"}}, {"type": "Feature", "geometry": {"type": "Point", "coordinates": [11.111801, 46.529549]}, "properties": {"climb_slug": "gampenpass-passo-delle-palade", "climb_name": "Gampenpass - Passo delle Palade", "country": "IT", "region": "Dolomites", "side": "from Lana", "category": "1", "length_km": 18.0, "elevation_gain_m": 1223, "avg_grade_pct": 6.8, "max_grade_pct": 14.4, "summit_elevation_m": 1518, "summit_lat": 46.52955, "summit_lon": 11.1118, "start_lat": 46.6165, "start_lon": 11.14343, "wikidata_id": "Q1493265", "cycletrip_url": "https://cycletrip.pro/climbs/gampenpass-passo-delle-palade"}}, {"type": "Feature", "geometry": {"type": "Point", "coordinates": [-0.9860712, 42.9974327]}, "properties": {"climb_slug": "col-d-erro-mendi", "climb_name": "Col d'Erroïmendi", "country": "FR", "region": "Pyrenees", "side": "from Menditte", "category": "1", "length_km": 11.5, "elevation_gain_m": 974, "avg_grade_pct": 8.5, "max_grade_pct": 18.6, "summit_elevation_m": 1350, "summit_lat": 42.99743, "summit_lon": -0.98607, "start_lat": 43.02702, "start_lon": -0.92382, "wikidata_id": "Q2981990", "cycletrip_url": "https://cycletrip.pro/climbs/col-d-erro-mendi"}}, {"type": "Feature", "geometry": {"type": "Point", "coordinates": [12.053666, 46.4825196]}, "properties": {"climb_slug": "passo-di-giau", "climb_name": "Passo di Giau", "country": "IT", "region": "Dolomites", "side": "from Cortina d'Ampezzo", "category": "1", "length_km": 9.1, "elevation_gain_m": 710, "avg_grade_pct": 7.8, "max_grade_pct": 13.4, "summit_elevation_m": 2236, "summit_lat": 46.48252, "summit_lon": 12.05367, "start_lat": 46.51706, "start_lon": 12.09972, "wikidata_id": "Q1975137", "cycletrip_url": "https://cycletrip.pro/climbs/passo-di-giau"}}, {"type": "Feature", "geometry": {"type": "Point", "coordinates": [12.053666, 46.4825196]}, "properties": {"climb_slug": "passo-di-giau", "climb_name": "Passo di Giau", "country": "IT", "region": "Dolomites", "side": "from Selva di Cadore", "category": "1", "length_km": 9.8, "elevation_gain_m": 905, "avg_grade_pct": 9.2, "max_grade_pct": 14.6, "summit_elevation_m": 2236, "summit_lat": 46.48252, "summit_lon": 12.05367, "start_lat": 46.45595, "start_lon": 12.03188, "wikidata_id": "Q1975137", "cycletrip_url": "https://cycletrip.pro/climbs/passo-di-giau"}}, {"type": "Feature", "geometry": {"type": "Point", "coordinates": [-0.339792, 42.9765752]}, "properties": {"climb_slug": "col-d-aubisque", "climb_name": "Col d'Aubisque", "country": "FR", "region": "Pyrenees", "side": "from Béost", "category": "2", "length_km": 5.6, "elevation_gain_m": 358, "avg_grade_pct": 6.4, "max_grade_pct": 12.8, "summit_elevation_m": 1709, "summit_lat": 42.97658, "summit_lon": -0.33979, "start_lat": 42.96266, "start_lon": -0.29981, "wikidata_id": "Q1107555", "cycletrip_url": "https://cycletrip.pro/climbs/col-d-aubisque"}}, {"type": "Feature", "geometry": {"type": "Point", "coordinates": [-0.339792, 42.9765752]}, "properties": {"climb_slug": "col-d-aubisque", "climb_name": "Col d'Aubisque", "country": "FR", "region": "Pyrenees", "side": "from Laruns", "category": "1", "length_km": 16.4, "elevation_gain_m": 1168, "avg_grade_pct": 7.1, "max_grade_pct": 13.4, "summit_elevation_m": 1709, "summit_lat": 42.97658, "summit_lon": -0.33979, "start_lat": 42.97789, "start_lon": -0.42073, "wikidata_id": "Q1107555", "cycletrip_url": "https://cycletrip.pro/climbs/col-d-aubisque"}}, {"type": "Feature", "geometry": {"type": "Point", "coordinates": [7.3108236, 45.687269]}, "properties": {"climb_slug": "pila", "climb_name": "Pila", "country": "IT", "region": "Aosta Valley", "side": "from Charvensod", "category": "1", "length_km": 18.3, "elevation_gain_m": 1234, "avg_grade_pct": 6.7, "max_grade_pct": 13.6, "summit_elevation_m": "", "summit_lat": 45.68727, "summit_lon": 7.31082, "start_lat": 45.72716, "start_lon": 7.33534, "wikidata_id": "", "cycletrip_url": "https://cycletrip.pro/climbs/pila"}}, {"type": "Feature", "geometry": {"type": "Point", "coordinates": [-0.7682888, 42.9689511]}, "properties": {"climb_slug": "col-de-la-pierre-saint-martin", "climb_name": "Col de la Pierre Saint-Martin", "country": "FR", "region": "Pyrenees", "side": "from Arette", "category": "1", "length_km": 24.4, "elevation_gain_m": 1425, "avg_grade_pct": 5.8, "max_grade_pct": 16.2, "summit_elevation_m": 1765, "summit_lat": 42.96895, "summit_lon": -0.76829, "start_lat": 43.08702, "start_lon": -0.72124, "wikidata_id": "Q1107451", "cycletrip_url": "https://cycletrip.pro/climbs/col-de-la-pierre-saint-martin"}}, {"type": "Feature", "geometry": {"type": "Point", "coordinates": [-0.7682888, 42.9689511]}, "properties": {"climb_slug": "col-de-la-pierre-saint-martin", "climb_name": "Col de la Pierre Saint-Martin", "country": "FR", "region": "Pyrenees", "side": "from Roncal / Erronkari", "category": "2", "length_km": 33.8, "elevation_gain_m": 1058, "avg_grade_pct": 3.1, "max_grade_pct": 11.3, "summit_elevation_m": 1765, "summit_lat": 42.96895, "summit_lon": -0.76829, "start_lat": 42.80626, "start_lon": -0.9564, "wikidata_id": "Q1107451", "cycletrip_url": "https://cycletrip.pro/climbs/col-de-la-pierre-saint-martin"}}, {"type": "Feature", "geometry": {"type": "Point", "coordinates": [7.0013461, 46.0577309]}, "properties": {"climb_slug": "col-de-la-forclaz-q670156", "climb_name": "Col de la Forclaz", "country": "IT", "region": null, "side": "from Ravoire", "category": "1", "length_km": 13.1, "elevation_gain_m": 1031, "avg_grade_pct": 7.9, "max_grade_pct": 13.9, "summit_elevation_m": 1527, "summit_lat": 46.05773, "summit_lon": 7.00135, "start_lat": 46.08819, "start_lon": 7.05552, "wikidata_id": "Q670156", "cycletrip_url": "https://cycletrip.pro/climbs/col-de-la-forclaz-q670156"}}, {"type": "Feature", "geometry": {"type": "Point", "coordinates": [7.0013461, 46.0577309]}, "properties": {"climb_slug": "col-de-la-forclaz-q670156", "climb_name": "Col de la Forclaz", "country": "IT", "region": null, "side": "from Trient", "category": "2", "length_km": 7.1, "elevation_gain_m": 415, "avg_grade_pct": 5.9, "max_grade_pct": 18.5, "summit_elevation_m": 1527, "summit_lat": 46.05773, "summit_lon": 7.00135, "start_lat": 46.05974, "start_lon": 6.96178, "wikidata_id": "Q670156", "cycletrip_url": "https://cycletrip.pro/climbs/col-de-la-forclaz-q670156"}}, {"type": "Feature", "geometry": {"type": "Point", "coordinates": [9.5142106, 45.788204]}, "properties": {"climb_slug": "passo-di-valcava", "climb_name": "Passo di Valcava", "country": "IT", "region": "Lombardy", "side": "from Almenno San Salvatore", "category": "1", "length_km": 25.5, "elevation_gain_m": 1061, "avg_grade_pct": 4.2, "max_grade_pct": 11.8, "summit_elevation_m": 1340, "summit_lat": 45.7882, "summit_lon": 9.51421, "start_lat": 45.74309, "start_lon": 9.6005, "wikidata_id": "Q4007964", "cycletrip_url": "https://cycletrip.pro/climbs/passo-di-valcava"}}, {"type": "Feature", "geometry": {"type": "Point", "coordinates": [9.5142106, 45.788204]}, "properties": {"climb_slug": "passo-di-valcava", "climb_name": "Passo di Valcava", "country": "IT", "region": "Lombardy", "side": "from Corte", "category": "1", "length_km": 14.5, "elevation_gain_m": 1087, "avg_grade_pct": 7.5, "max_grade_pct": 17.6, "summit_elevation_m": 1340, "summit_lat": 45.7882, "summit_lon": 9.51421, "start_lat": 45.79304, "start_lon": 9.44365, "wikidata_id": "Q4007964", "cycletrip_url": "https://cycletrip.pro/climbs/passo-di-valcava"}}, {"type": "Feature", "geometry": {"type": "Point", "coordinates": [-0.00985, 42.97451]}, "properties": {"climb_slug": "hautacam", "climb_name": "Hautacam", "country": "FR", "region": "Pyrenees", "side": "from Ayros-Arbouix", "category": "1", "length_km": 13.7, "elevation_gain_m": 1060, "avg_grade_pct": 7.7, "max_grade_pct": 15.0, "summit_elevation_m": 1514, "summit_lat": 42.97451, "summit_lon": -0.00985, "start_lat": 43.00172, "start_lon": -0.06935, "wikidata_id": "", "cycletrip_url": "https://cycletrip.pro/climbs/hautacam"}}, {"type": "Feature", "geometry": {"type": "Point", "coordinates": [6.407857, 45.0641384]}, "properties": {"climb_slug": "col-du-galibier", "climb_name": "Col du Galibier", "country": "FR", "region": "French Alps", "side": "from Le Monêtier-les-Bains", "category": "1", "length_km": 8.7, "elevation_gain_m": 578, "avg_grade_pct": 6.6, "max_grade_pct": 11.8, "summit_elevation_m": 2642, "summit_lat": 45.06414, "summit_lon": 6.40786, "start_lat": 45.03592, "start_lon": 6.40577, "wikidata_id": "Q732143", "cycletrip_url": "https://cycletrip.pro/climbs/col-du-galibier"}}, {"type": "Feature", "geometry": {"type": "Point", "coordinates": [6.407857, 45.0641384]}, "properties": {"climb_slug": "col-du-galibier", "climb_name": "Col du Galibier", "country": "FR", "region": "French Alps", "side": "from Valloire", "category": "1", "length_km": 17.0, "elevation_gain_m": 1168, "avg_grade_pct": 6.9, "max_grade_pct": 13.7, "summit_elevation_m": 2642, "summit_lat": 45.06414, "summit_lon": 6.40786, "start_lat": 45.16016, "start_lon": 6.42143, "wikidata_id": "Q732143", "cycletrip_url": "https://cycletrip.pro/climbs/col-du-galibier"}}, {"type": "Feature", "geometry": {"type": "Point", "coordinates": [-16.50303, 28.30926]}, "properties": {"climb_slug": "izana", "climb_name": "Izaña", "country": "ES", "region": "Canary Islands", "side": "from El Portillo", "category": "3", "length_km": 6.8, "elevation_gain_m": 245, "avg_grade_pct": 3.6, "max_grade_pct": 11.0, "summit_elevation_m": 2278, "summit_lat": 28.30926, "summit_lon": -16.50303, "start_lat": 28.30614, "start_lon": -16.56318, "wikidata_id": "", "cycletrip_url": "https://cycletrip.pro/climbs/izana"}}, {"type": "Feature", "geometry": {"type": "Point", "coordinates": [-16.50303, 28.30926]}, "properties": {"climb_slug": "izana", "climb_name": "Izaña", "country": "ES", "region": "Canary Islands", "side": "from La Cuesta", "category": "1", "length_km": 34.9, "elevation_gain_m": 1673, "avg_grade_pct": 4.8, "max_grade_pct": 13.7, "summit_elevation_m": 2278, "summit_lat": 28.30926, "summit_lon": -16.50303, "start_lat": 28.47536, "start_lon": -16.32503, "wikidata_id": "", "cycletrip_url": "https://cycletrip.pro/climbs/izana"}}, {"type": "Feature", "geometry": {"type": "Point", "coordinates": [10.6095544, 44.118278]}, "properties": {"climb_slug": "foce-a-giovo", "climb_name": "Foce a Giovo", "country": "IT", "region": "Tuscany", "side": "from Chifenti", "category": "1", "length_km": 30.8, "elevation_gain_m": 1556, "avg_grade_pct": 5.1, "max_grade_pct": 18.2, "summit_elevation_m": 1664, "summit_lat": 44.11828, "summit_lon": 10.60955, "start_lat": 43.99987, "start_lon": 10.55875, "wikidata_id": "Q3746946", "cycletrip_url": "https://cycletrip.pro/climbs/foce-a-giovo"}}, {"type": "Feature", "geometry": {"type": "Point", "coordinates": [10.6095544, 44.118278]}, "properties": {"climb_slug": "foce-a-giovo", "climb_name": "Foce a Giovo", "country": "IT", "region": "Tuscany", "side": "from Val di Luce", "category": "3", "length_km": 7.3, "elevation_gain_m": 315, "avg_grade_pct": 4.3, "max_grade_pct": 12.5, "summit_elevation_m": 1664, "summit_lat": 44.11828, "summit_lon": 10.60955, "start_lat": 44.14635, "start_lon": 10.63381, "wikidata_id": "Q3746946", "cycletrip_url": "https://cycletrip.pro/climbs/foce-a-giovo"}}, {"type": "Feature", "geometry": {"type": "Point", "coordinates": [6.9008841, 45.2598281]}, "properties": {"climb_slug": "col-du-mont-cenis", "climb_name": "Col du Mont Cenis", "country": "FR", "region": "French Alps", "side": "from Modane", "category": "2", "length_km": 33.4, "elevation_gain_m": 1021, "avg_grade_pct": 3.1, "max_grade_pct": 14.6, "summit_elevation_m": 2083, "summit_lat": 45.25983, "summit_lon": 6.90088, "start_lat": 45.20234, "start_lon": 6.67126, "wikidata_id": "Q13411496", "cycletrip_url": "https://cycletrip.pro/climbs/col-du-mont-cenis"}}, {"type": "Feature", "geometry": {"type": "Point", "coordinates": [6.9008841, 45.2598281]}, "properties": {"climb_slug": "col-du-mont-cenis", "climb_name": "Col du Mont Cenis", "country": "FR", "region": "French Alps", "side": "from Susa", "category": "1", "length_km": 31.8, "elevation_gain_m": 1602, "avg_grade_pct": 5.0, "max_grade_pct": 14.2, "summit_elevation_m": 2083, "summit_lat": 45.25983, "summit_lon": 6.90088, "start_lat": 45.13649, "start_lon": 7.06702, "wikidata_id": "Q13411496", "cycletrip_url": "https://cycletrip.pro/climbs/col-du-mont-cenis"}}, {"type": "Feature", "geometry": {"type": "Point", "coordinates": [7.3916029, 43.9775666]}, "properties": {"climb_slug": "col-de-turini", "climb_name": "Col de Turini", "country": "FR", "region": "French Alps", "side": "from La Bollène-Vésubie", "category": "1", "length_km": 15.3, "elevation_gain_m": 1098, "avg_grade_pct": 7.2, "max_grade_pct": 19.4, "summit_elevation_m": 1604, "summit_lat": 43.97757, "summit_lon": 7.3916, "start_lat": 43.98909, "start_lon": 7.32073, "wikidata_id": "Q1107405", "cycletrip_url": "https://cycletrip.pro/climbs/col-de-turini"}}, {"type": "Feature", "geometry": {"type": "Point", "coordinates": [7.3916029, 43.9775666]}, "properties": {"climb_slug": "col-de-turini", "climb_name": "Col de Turini", "country": "FR", "region": "French Alps", "side": "from Lucéram", "category": "1", "length_km": 20.6, "elevation_gain_m": 929, "avg_grade_pct": 4.5, "max_grade_pct": 17.1, "summit_elevation_m": 1604, "summit_lat": 43.97757, "summit_lon": 7.3916, "start_lat": 43.88363, "start_lon": 7.35944, "wikidata_id": "Q1107405", "cycletrip_url": "https://cycletrip.pro/climbs/col-de-turini"}}, {"type": "Feature", "geometry": {"type": "Point", "coordinates": [7.16078, 44.185]}, "properties": {"climb_slug": "isola-2000", "climb_name": "Isola 2000", "country": "FR", "region": "French Alps", "side": "from Isola", "category": "1", "length_km": 17.6, "elevation_gain_m": 1174, "avg_grade_pct": 6.7, "max_grade_pct": 14.0, "summit_elevation_m": 2062, "summit_lat": 44.185, "summit_lon": 7.16078, "start_lat": 44.18488, "start_lon": 7.05483, "wikidata_id": "", "cycletrip_url": "https://cycletrip.pro/climbs/isola-2000"}}, {"type": "Feature", "geometry": {"type": "Point", "coordinates": [10.475708976717371, 44.18217870115723]}, "properties": {"climb_slug": "alpe-san-pellegrino", "climb_name": "Alpe San Pellegrino", "country": "IT", "region": "Tuscany", "side": "from Pieve Fosciana", "category": "1", "length_km": 11.4, "elevation_gain_m": 945, "avg_grade_pct": 8.3, "max_grade_pct": 17.2, "summit_elevation_m": 1341, "summit_lat": 44.18218, "summit_lon": 10.47571, "start_lat": 44.13715, "start_lon": 10.41706, "wikidata_id": "", "cycletrip_url": "https://cycletrip.pro/climbs/alpe-san-pellegrino"}}, {"type": "Feature", "geometry": {"type": "Point", "coordinates": [5.8748399, 45.1108068]}, "properties": {"climb_slug": "chamrousse", "climb_name": "Chamrousse", "country": "FR", "region": "French Alps", "side": "from Vaulnaveys-le-Bas", "category": "1", "length_km": 25.7, "elevation_gain_m": 1412, "avg_grade_pct": 5.5, "max_grade_pct": 13.7, "summit_elevation_m": "", "summit_lat": 45.11081, "summit_lon": 5.87484, "start_lat": 45.10095, "start_lon": 5.79763, "wikidata_id": "", "cycletrip_url": "https://cycletrip.pro/climbs/chamrousse"}}, {"type": "Feature", "geometry": {"type": "Point", "coordinates": [9.0666586, 45.8736906]}, "properties": {"climb_slug": "monte-bisbino", "climb_name": "Monte Bisbino", "country": "IT", "region": "Lombardy", "side": "from Olzino", "category": "1", "length_km": 15.4, "elevation_gain_m": 1094, "avg_grade_pct": 7.1, "max_grade_pct": 13.9, "summit_elevation_m": 1325, "summit_lat": 45.87369, "summit_lon": 9.06666, "start_lat": 45.84044, "start_lon": 9.07533, "wikidata_id": "Q3861242", "cycletrip_url": "https://cycletrip.pro/climbs/monte-bisbino"}}, {"type": "Feature", "geometry": {"type": "Point", "coordinates": [12.0960553, 46.3249145]}, "properties": {"climb_slug": "passo-duran", "climb_name": "Passo Duran", "country": "IT", "region": "Dolomites", "side": "from Dozza", "category": "1", "length_km": 12.5, "elevation_gain_m": 793, "avg_grade_pct": 6.3, "max_grade_pct": 15.2, "summit_elevation_m": 1605, "summit_lat": 46.32491, "summit_lon": 12.09606, "start_lat": 46.34583, "start_lon": 12.19234, "wikidata_id": "Q634522", "cycletrip_url": "https://cycletrip.pro/climbs/passo-duran"}}, {"type": "Feature", "geometry": {"type": "Point", "coordinates": [12.0960553, 46.3249145]}, "properties": {"climb_slug": "passo-duran", "climb_name": "Passo Duran", "country": "IT", "region": "Dolomites", "side": "from La Pief de Agort", "category": "1", "length_km": 13.2, "elevation_gain_m": 997, "avg_grade_pct": 7.6, "max_grade_pct": 15.8, "summit_elevation_m": 1605, "summit_lat": 46.32491, "summit_lon": 12.09606, "start_lat": 46.27132, "start_lon": 12.03699, "wikidata_id": "Q634522", "cycletrip_url": "https://cycletrip.pro/climbs/passo-duran"}}, {"type": "Feature", "geometry": {"type": "Point", "coordinates": [5.9149776, 45.4804946]}, "properties": {"climb_slug": "col-du-granier", "climb_name": "Col du Granier", "country": "FR", "region": "French Alps", "side": "from Chapareillan", "category": "1", "length_km": 9.7, "elevation_gain_m": 849, "avg_grade_pct": 8.8, "max_grade_pct": 14.1, "summit_elevation_m": 1134, "summit_lat": 45.48049, "summit_lon": 5.91498, "start_lat": 45.46575, "start_lon": 5.98593, "wikidata_id": "Q2982282", "cycletrip_url": "https://cycletrip.pro/climbs/col-du-granier"}}, {"type": "Feature", "geometry": {"type": "Point", "coordinates": [5.9149776, 45.4804946]}, "properties": {"climb_slug": "col-du-granier", "climb_name": "Col du Granier", "country": "FR", "region": "French Alps", "side": "from Jacob-Bellecombette", "category": "1", "length_km": 13.3, "elevation_gain_m": 741, "avg_grade_pct": 5.6, "max_grade_pct": 12.5, "summit_elevation_m": 1134, "summit_lat": 45.48049, "summit_lon": 5.91498, "start_lat": 45.55442, "start_lon": 5.92168, "wikidata_id": "Q2982282", "cycletrip_url": "https://cycletrip.pro/climbs/col-du-granier"}}, {"type": "Feature", "geometry": {"type": "Point", "coordinates": [5.9149776, 45.4804946]}, "properties": {"climb_slug": "col-du-granier", "climb_name": "Col du Granier", "country": "FR", "region": "French Alps", "side": "from Saint-Pierre-d'Entremont", "category": "2", "length_km": 9.4, "elevation_gain_m": 479, "avg_grade_pct": 5.1, "max_grade_pct": 11.9, "summit_elevation_m": 1134, "summit_lat": 45.48049, "summit_lon": 5.91498, "start_lat": 45.41881, "start_lon": 5.85641, "wikidata_id": "Q2982282", "cycletrip_url": "https://cycletrip.pro/climbs/col-du-granier"}}, {"type": "Feature", "geometry": {"type": "Point", "coordinates": [6.1018971, 45.7909791]}, "properties": {"climb_slug": "le-semnoz", "climb_name": "Le Semnoz", "country": "FR", "region": "French Alps", "side": "from Les Balmettes", "category": "1", "length_km": 17.7, "elevation_gain_m": 1152, "avg_grade_pct": 6.5, "max_grade_pct": 12.2, "summit_elevation_m": "", "summit_lat": 45.79098, "summit_lon": 6.1019, "start_lat": 45.89393, "start_lon": 6.1301, "wikidata_id": "", "cycletrip_url": "https://cycletrip.pro/climbs/le-semnoz"}}, {"type": "Feature", "geometry": {"type": "Point", "coordinates": [6.1018971, 45.7909791]}, "properties": {"climb_slug": "le-semnoz", "climb_name": "Le Semnoz", "country": "FR", "region": "French Alps", "side": "from Sevrier", "category": "1", "length_km": 24.6, "elevation_gain_m": 1173, "avg_grade_pct": 4.8, "max_grade_pct": 9.7, "summit_elevation_m": "", "summit_lat": 45.79098, "summit_lon": 6.1019, "start_lat": 45.86216, "start_lon": 6.14099, "wikidata_id": "", "cycletrip_url": "https://cycletrip.pro/climbs/le-semnoz"}}, {"type": "Feature", "geometry": {"type": "Point", "coordinates": [6.4756948, 45.9922299]}, "properties": {"climb_slug": "col-de-la-colombi-re", "climb_name": "Col de la Colombière", "country": "FR", "region": "French Alps", "side": "from Saint-Jean-de-Sixt", "category": "1", "length_km": 13.1, "elevation_gain_m": 718, "avg_grade_pct": 5.5, "max_grade_pct": 12.6, "summit_elevation_m": 1613, "summit_lat": 45.99223, "summit_lon": 6.47569, "start_lat": 45.93386, "start_lon": 6.4155, "wikidata_id": "Q868223", "cycletrip_url": "https://cycletrip.pro/climbs/col-de-la-colombi-re"}}, {"type": "Feature", "geometry": {"type": "Point", "coordinates": [6.4756948, 45.9922299]}, "properties": {"climb_slug": "col-de-la-colombi-re", "climb_name": "Col de la Colombière", "country": "FR", "region": "French Alps", "side": "from Scionzier", "category": "1", "length_km": 17.1, "elevation_gain_m": 1124, "avg_grade_pct": 6.6, "max_grade_pct": 14.3, "summit_elevation_m": 1613, "summit_lat": 45.99223, "summit_lon": 6.47569, "start_lat": 46.05462, "start_lon": 6.56028, "wikidata_id": "Q868223", "cycletrip_url": "https://cycletrip.pro/climbs/col-de-la-colombi-re"}}, {"type": "Feature", "geometry": {"type": "Point", "coordinates": [14.1165473, 42.1711161]}, "properties": {"climb_slug": "cima-mammarosa", "climb_name": "Cima Mammarosa", "country": "IT", "region": "Central Apennines", "side": "from Abbateggio", "category": "1", "length_km": 17.0, "elevation_gain_m": 1120, "avg_grade_pct": 6.6, "max_grade_pct": 13.9, "summit_elevation_m": 1650, "summit_lat": 42.17112, "summit_lon": 14.11655, "start_lat": 42.21761, "start_lon": 13.99657, "wikidata_id": "Q108137931", "cycletrip_url": "https://cycletrip.pro/climbs/cima-mammarosa"}}, {"type": "Feature", "geometry": {"type": "Point", "coordinates": [14.1165473, 42.1711161]}, "properties": {"climb_slug": "cima-mammarosa", "climb_name": "Cima Mammarosa", "country": "IT", "region": "Central Apennines", "side": "from Pretoro", "category": "2", "length_km": 4.9, "elevation_gain_m": 323, "avg_grade_pct": 6.6, "max_grade_pct": 11.5, "summit_elevation_m": 1650, "summit_lat": 42.17112, "summit_lon": 14.11655, "start_lat": 42.18896, "start_lon": 14.10455, "wikidata_id": "Q108137931", "cycletrip_url": "https://cycletrip.pro/climbs/cima-mammarosa"}}, {"type": "Feature", "geometry": {"type": "Point", "coordinates": [6.7439734, 44.259142]}, "properties": {"climb_slug": "col-de-la-cayolle", "climb_name": "Col de la Cayolle", "country": "FR", "region": "French Alps", "side": "from Barcelonnette", "category": "1", "length_km": 27.5, "elevation_gain_m": 1194, "avg_grade_pct": 4.3, "max_grade_pct": 20.9, "summit_elevation_m": 2326, "summit_lat": 44.25914, "summit_lon": 6.74397, "start_lat": 44.37971, "start_lon": 6.62897, "wikidata_id": "Q1107430", "cycletrip_url": "https://cycletrip.pro/climbs/col-de-la-cayolle"}}, {"type": "Feature", "geometry": {"type": "Point", "coordinates": [6.7439734, 44.259142]}, "properties": {"climb_slug": "col-de-la-cayolle", "climb_name": "Col de la Cayolle", "country": "FR", "region": "French Alps", "side": "from Guillaumes", "category": "1", "length_km": 33.4, "elevation_gain_m": 1566, "avg_grade_pct": 4.7, "max_grade_pct": 17.8, "summit_elevation_m": 2326, "summit_lat": 44.25914, "summit_lon": 6.74397, "start_lat": 44.07921, "start_lon": 6.85682, "wikidata_id": "Q1107430", "cycletrip_url": "https://cycletrip.pro/climbs/col-de-la-cayolle"}}, {"type": "Feature", "geometry": {"type": "Point", "coordinates": [5.7669989, 45.2899423]}, "properties": {"climb_slug": "col-de-porte", "climb_name": "Col de Porte", "country": "FR", "region": "French Alps", "side": "from Grenoble", "category": "1", "length_km": 16.8, "elevation_gain_m": 1112, "avg_grade_pct": 6.6, "max_grade_pct": 14.1, "summit_elevation_m": "", "summit_lat": 45.28994, "summit_lon": 5.767, "start_lat": 45.19385, "start_lon": 5.72513, "wikidata_id": "", "cycletrip_url": "https://cycletrip.pro/climbs/col-de-porte"}}, {"type": "Feature", "geometry": {"type": "Point", "coordinates": [5.7669989, 45.2899423]}, "properties": {"climb_slug": "col-de-porte", "climb_name": "Col de Porte", "country": "FR", "region": "French Alps", "side": "from Saint-Pierre-de-Chartreuse", "category": "1", "length_km": 8.1, "elevation_gain_m": 516, "avg_grade_pct": 6.4, "max_grade_pct": 12.3, "summit_elevation_m": "", "summit_lat": 45.28994, "summit_lon": 5.767, "start_lat": 45.3383, "start_lon": 5.80738, "wikidata_id": "", "cycletrip_url": "https://cycletrip.pro/climbs/col-de-porte"}}, {"type": "Feature", "geometry": {"type": "Point", "coordinates": [-1.0267192, 43.0381289]}, "properties": {"climb_slug": "col-bagargiak", "climb_name": "Col Bagargiak", "country": "FR", "region": "Pyrenees", "side": "from Iholdy", "category": "3", "length_km": 11.0, "elevation_gain_m": 394, "avg_grade_pct": 3.6, "max_grade_pct": 11.9, "summit_elevation_m": 1327, "summit_lat": 43.03813, "summit_lon": -1.02672, "start_lat": 43.01449, "start_lon": -1.08371, "wikidata_id": "Q1107321", "cycletrip_url": "https://cycletrip.pro/climbs/col-bagargiak"}}, {"type": "Feature", "geometry": {"type": "Point", "coordinates": [-1.0267192, 43.0381289]}, "properties": {"climb_slug": "col-bagargiak", "climb_name": "Col Bagargiak", "country": "FR", "region": "Pyrenees", "side": "from Menditte", "category": "1", "length_km": 9.4, "elevation_gain_m": 825, "avg_grade_pct": 8.8, "max_grade_pct": 15.9, "summit_elevation_m": 1327, "summit_lat": 43.03813, "summit_lon": -1.02672, "start_lat": 43.02554, "start_lon": -0.97343, "wikidata_id": "Q1107321", "cycletrip_url": "https://cycletrip.pro/climbs/col-bagargiak"}}, {"type": "Feature", "geometry": {"type": "Point", "coordinates": [7.702871, 45.7540194]}, "properties": {"climb_slug": "col-de-joux", "climb_name": "Col de Joux", "country": "IT", "region": "Aosta Valley", "side": "from Saint-Vincent", "category": "1", "length_km": 15.7, "elevation_gain_m": 1064, "avg_grade_pct": 6.8, "max_grade_pct": 13.7, "summit_elevation_m": 1639, "summit_lat": 45.75402, "summit_lon": 7.70287, "start_lat": 45.75098, "start_lon": 7.65027, "wikidata_id": "Q2583852", "cycletrip_url": "https://cycletrip.pro/climbs/col-de-joux"}}, {"type": "Feature", "geometry": {"type": "Point", "coordinates": [7.702871, 45.7540194]}, "properties": {"climb_slug": "col-de-joux", "climb_name": "Col de Joux", "country": "IT", "region": "Aosta Valley", "side": "from Vollon", "category": "3", "length_km": 6.1, "elevation_gain_m": 346, "avg_grade_pct": 5.7, "max_grade_pct": 15.4, "summit_elevation_m": 1639, "summit_lat": 45.75402, "summit_lon": 7.70287, "start_lat": 45.76036, "start_lon": 7.72275, "wikidata_id": "Q2583852", "cycletrip_url": "https://cycletrip.pro/climbs/col-de-joux"}}, {"type": "Feature", "geometry": {"type": "Point", "coordinates": [10.9771399, 45.9071405]}, "properties": {"climb_slug": "passo-bordala", "climb_name": "Passo Bordala", "country": "IT", "region": "Lake Garda", "side": "from Castellano", "category": "2", "length_km": 6.1, "elevation_gain_m": 357, "avg_grade_pct": 5.9, "max_grade_pct": 10.4, "summit_elevation_m": 1250, "summit_lat": 45.90714, "summit_lon": 10.97714, "start_lat": 45.93197, "start_lon": 11.0072, "wikidata_id": "Q2056116", "cycletrip_url": "https://cycletrip.pro/climbs/passo-bordala"}}, {"type": "Feature", "geometry": {"type": "Point", "coordinates": [10.9771399, 45.9071405]}, "properties": {"climb_slug": "passo-bordala", "climb_name": "Passo Bordala", "country": "IT", "region": "Lake Garda", "side": "from Loppio", "category": "1", "length_km": 14.8, "elevation_gain_m": 1040, "avg_grade_pct": 7.0, "max_grade_pct": 15.7, "summit_elevation_m": 1250, "summit_lat": 45.90714, "summit_lon": 10.97714, "start_lat": 45.85496, "start_lon": 10.93205, "wikidata_id": "Q2056116", "cycletrip_url": "https://cycletrip.pro/climbs/passo-bordala"}}, {"type": "Feature", "geometry": {"type": "Point", "coordinates": [-0.7546885, 42.9867032]}, "properties": {"climb_slug": "col-du-soudet", "climb_name": "Col du Soudet", "country": "FR", "region": "Pyrenees", "side": "from Arette", "category": "1", "length_km": 20.6, "elevation_gain_m": 1191, "avg_grade_pct": 5.8, "max_grade_pct": 16.6, "summit_elevation_m": 1533, "summit_lat": 42.9867, "summit_lon": -0.75469, "start_lat": 43.08764, "start_lon": -0.72086, "wikidata_id": "Q954436", "cycletrip_url": "https://cycletrip.pro/climbs/col-du-soudet"}}, {"type": "Feature", "geometry": {"type": "Point", "coordinates": [-0.7546885, 42.9867032]}, "properties": {"climb_slug": "col-du-soudet", "climb_name": "Col du Soudet", "country": "FR", "region": "Pyrenees", "side": "from Menditte", "category": "1", "length_km": 18.8, "elevation_gain_m": 1169, "avg_grade_pct": 6.2, "max_grade_pct": 17.8, "summit_elevation_m": 1533, "summit_lat": 42.9867, "summit_lon": -0.75469, "start_lat": 43.02863, "start_lon": -0.86959, "wikidata_id": "Q954436", "cycletrip_url": "https://cycletrip.pro/climbs/col-du-soudet"}}, {"type": "Feature", "geometry": {"type": "Point", "coordinates": [-0.9938707, 42.9741282]}, "properties": {"climb_slug": "larraineko-mendatea", "climb_name": "Larraineko mendatea", "country": "FR", "region": "Pyrenees", "side": "from 9. fazeria", "category": "1", "length_km": 10.8, "elevation_gain_m": 659, "avg_grade_pct": 6.1, "max_grade_pct": 13.2, "summit_elevation_m": 1573, "summit_lat": 42.97413, "summit_lon": -0.99387, "start_lat": 42.92883, "start_lon": -1.00556, "wikidata_id": "Q1851165", "cycletrip_url": "https://cycletrip.pro/climbs/larraineko-mendatea"}}, {"type": "Feature", "geometry": {"type": "Point", "coordinates": [-0.9938707, 42.9741282]}, "properties": {"climb_slug": "larraineko-mendatea", "climb_name": "Larraineko mendatea", "country": "FR", "region": "Pyrenees", "side": "from Menditte", "category": "1", "length_km": 23.8, "elevation_gain_m": 1310, "avg_grade_pct": 5.5, "max_grade_pct": 19.6, "summit_elevation_m": 1573, "summit_lat": 42.97413, "summit_lon": -0.99387, "start_lat": 43.07505, "start_lon": -0.87447, "wikidata_id": "Q1851165", "cycletrip_url": "https://cycletrip.pro/climbs/larraineko-mendatea"}}, {"type": "Feature", "geometry": {"type": "Point", "coordinates": [1.5207202, 42.4353428]}, "properties": {"climb_slug": "la-rabassa", "climb_name": "la Rabassa", "country": "AD", "region": "Andorra", "side": "from Nagol", "category": "1", "length_km": 17.0, "elevation_gain_m": 1108, "avg_grade_pct": 6.5, "max_grade_pct": 14.3, "summit_elevation_m": "", "summit_lat": 42.43534, "summit_lon": 1.52072, "start_lat": 42.46717, "start_lon": 1.49152, "wikidata_id": "", "cycletrip_url": "https://cycletrip.pro/climbs/la-rabassa"}}, {"type": "Feature", "geometry": {"type": "Point", "coordinates": [7.2360756, 43.9986404]}, "properties": {"climb_slug": "col-d-andrion", "climb_name": "Col d'Andrion", "country": "FR", "region": "French Alps", "side": "from La Tour", "category": "1", "length_km": 17.4, "elevation_gain_m": 1107, "avg_grade_pct": 6.4, "max_grade_pct": 19.4, "summit_elevation_m": 1680, "summit_lat": 43.99864, "summit_lon": 7.23608, "start_lat": 43.94863, "start_lon": 7.18598, "wikidata_id": "Q1107520", "cycletrip_url": "https://cycletrip.pro/climbs/col-d-andrion"}}, {"type": "Feature", "geometry": {"type": "Point", "coordinates": [-6.191772438220064, 43.14143592528773]}, "properties": {"climb_slug": "san-lorenzo", "climb_name": "San Lorenzo", "country": "ES", "region": "Asturias", "side": "from Samartín", "category": "1", "length_km": 10.8, "elevation_gain_m": 880, "avg_grade_pct": 8.1, "max_grade_pct": 17.5, "summit_elevation_m": 1348, "summit_lat": 43.14144, "summit_lon": -6.19177, "start_lat": 43.16156, "start_lon": -6.0973, "wikidata_id": "", "cycletrip_url": "https://cycletrip.pro/climbs/san-lorenzo"}}, {"type": "Feature", "geometry": {"type": "Point", "coordinates": [-6.191772438220064, 43.14143592528773]}, "properties": {"climb_slug": "san-lorenzo", "climb_name": "San Lorenzo", "country": "ES", "region": "Asturias", "side": "from San Pedru", "category": "1", "length_km": 11.7, "elevation_gain_m": 862, "avg_grade_pct": 7.4, "max_grade_pct": 19.9, "summit_elevation_m": 1348, "summit_lat": 43.14144, "summit_lon": -6.19177, "start_lat": 43.16563, "start_lon": -6.26927, "wikidata_id": "", "cycletrip_url": "https://cycletrip.pro/climbs/san-lorenzo"}}, {"type": "Feature", "geometry": {"type": "Point", "coordinates": [8.6705299, 45.9269745]}, "properties": {"climb_slug": "passo-del-cuvignone", "climb_name": "Passo del Cuvignone", "country": "IT", "region": "Lombardy", "side": "from Cittiglio", "category": "1", "length_km": 9.5, "elevation_gain_m": 812, "avg_grade_pct": 8.6, "max_grade_pct": 18.3, "summit_elevation_m": 1036, "summit_lat": 45.92697, "summit_lon": 8.67053, "start_lat": 45.89535, "start_lon": 8.66477, "wikidata_id": "Q2385332", "cycletrip_url": "https://cycletrip.pro/climbs/passo-del-cuvignone"}}, {"type": "Feature", "geometry": {"type": "Point", "coordinates": [8.6705299, 45.9269745]}, "properties": {"climb_slug": "passo-del-cuvignone", "climb_name": "Passo del Cuvignone", "country": "IT", "region": "Lombardy", "side": "from Zuigno", "category": "1", "length_km": 11.2, "elevation_gain_m": 765, "avg_grade_pct": 6.8, "max_grade_pct": 19.2, "summit_elevation_m": 1036, "summit_lat": 45.92697, "summit_lon": 8.67053, "start_lat": 45.90666, "start_lon": 8.71705, "wikidata_id": "Q2385332", "cycletrip_url": "https://cycletrip.pro/climbs/passo-del-cuvignone"}}, {"type": "Feature", "geometry": {"type": "Point", "coordinates": [0.5765779657852879, 42.76666484790059]}, "properties": {"climb_slug": "luchon-superbagneres", "climb_name": "Luchon-Superbagnères", "country": "FR", "region": "Pyrenees", "side": "from Bagnères-de-Luchon", "category": "1", "length_km": 12.8, "elevation_gain_m": 942, "avg_grade_pct": 7.4, "max_grade_pct": 14.0, "summit_elevation_m": 1781, "summit_lat": 42.76666, "summit_lon": 0.57658, "start_lat": 42.7498, "start_lon": 0.60956, "wikidata_id": "", "cycletrip_url": "https://cycletrip.pro/climbs/luchon-superbagneres"}}, {"type": "Feature", "geometry": {"type": "Point", "coordinates": [11.786321, 46.2963002]}, "properties": {"climb_slug": "passo-rolle", "climb_name": "Passo Rolle", "country": "IT", "region": "Dolomites", "side": "from Mezzano", "category": "1", "length_km": 25.9, "elevation_gain_m": 1348, "avg_grade_pct": 5.2, "max_grade_pct": 14.2, "summit_elevation_m": 1971, "summit_lat": 46.2963, "summit_lon": 11.78632, "start_lat": 46.14991, "start_lon": 11.80742, "wikidata_id": "Q634939", "cycletrip_url": "https://cycletrip.pro/climbs/passo-rolle"}}, {"type": "Feature", "geometry": {"type": "Point", "coordinates": [11.786321, 46.2963002]}, "properties": {"climb_slug": "passo-rolle", "climb_name": "Passo Rolle", "country": "IT", "region": "Dolomites", "side": "from Paneveggio", "category": "2", "length_km": 9.4, "elevation_gain_m": 512, "avg_grade_pct": 5.5, "max_grade_pct": 10.1, "summit_elevation_m": 1971, "summit_lat": 46.2963, "summit_lon": 11.78632, "start_lat": 46.30042, "start_lon": 11.72011, "wikidata_id": "Q634939", "cycletrip_url": "https://cycletrip.pro/climbs/passo-rolle"}}, {"type": "Feature", "geometry": {"type": "Point", "coordinates": [0.5006369, 42.8741673]}, "properties": {"climb_slug": "port-de-bal-s", "climb_name": "Port de Balès", "country": "FR", "region": "Pyrenees", "side": "from Cirès", "category": "1", "length_km": 7.4, "elevation_gain_m": 498, "avg_grade_pct": 6.7, "max_grade_pct": 12.0, "summit_elevation_m": 1755, "summit_lat": 42.87417, "summit_lon": 0.50064, "start_lat": 42.85225, "start_lon": 0.517, "wikidata_id": "Q2031519", "cycletrip_url": "https://cycletrip.pro/climbs/port-de-bal-s"}}, {"type": "Feature", "geometry": {"type": "Point", "coordinates": [0.5006369, 42.8741673]}, "properties": {"climb_slug": "port-de-bal-s", "climb_name": "Port de Balès", "country": "FR", "region": "Pyrenees", "side": "from Troubat", "category": "1", "length_km": 20.7, "elevation_gain_m": 1205, "avg_grade_pct": 5.8, "max_grade_pct": 19.4, "summit_elevation_m": 1755, "summit_lat": 42.87417, "summit_lon": 0.50064, "start_lat": 42.97005, "start_lon": 0.57633, "wikidata_id": "Q2031519", "cycletrip_url": "https://cycletrip.pro/climbs/port-de-bal-s"}}, {"type": "Feature", "geometry": {"type": "Point", "coordinates": [6.6906249, 45.6913293]}, "properties": {"climb_slug": "cormet-de-roselend", "climb_name": "Cormet de Roselend", "country": "FR", "region": "French Alps", "side": "from Bourg-Saint-Maurice", "category": "1", "length_km": 19.3, "elevation_gain_m": 1156, "avg_grade_pct": 6.0, "max_grade_pct": 14.3, "summit_elevation_m": 1968, "summit_lat": 45.69133, "summit_lon": 6.69062, "start_lat": 45.62036, "start_lon": 6.77094, "wikidata_id": "Q1133080", "cycletrip_url": "https://cycletrip.pro/climbs/cormet-de-roselend"}}, {"type": "Feature", "geometry": {"type": "Point", "coordinates": [6.6906249, 45.6913293]}, "properties": {"climb_slug": "cormet-de-roselend", "climb_name": "Cormet de Roselend", "country": "FR", "region": "French Alps", "side": "from Queige", "category": "1", "length_km": 32.0, "elevation_gain_m": 1432, "avg_grade_pct": 4.5, "max_grade_pct": 19.5, "summit_elevation_m": 1968, "summit_lat": 45.69133, "summit_lon": 6.69062, "start_lat": 45.71562, "start_lon": 6.44461, "wikidata_id": "Q1133080", "cycletrip_url": "https://cycletrip.pro/climbs/cormet-de-roselend"}}, {"type": "Feature", "geometry": {"type": "Point", "coordinates": [8.0162578, 48.065001]}, "properties": {"climb_slug": "kandel", "climb_name": "Kandel", "country": "FR", "region": null, "side": "from Denzlingen", "category": "1", "length_km": 19.2, "elevation_gain_m": 936, "avg_grade_pct": 4.9, "max_grade_pct": 11.5, "summit_elevation_m": 1204, "summit_lat": 48.065, "summit_lon": 8.01626, "start_lat": 48.05726, "start_lon": 7.91067, "wikidata_id": "Q314746", "cycletrip_url": "https://cycletrip.pro/climbs/kandel"}}, {"type": "Feature", "geometry": {"type": "Point", "coordinates": [8.0162578, 48.065001]}, "properties": {"climb_slug": "kandel", "climb_name": "Kandel", "country": "FR", "region": null, "side": "from Waldkirch", "category": "1", "length_km": 12.0, "elevation_gain_m": 909, "avg_grade_pct": 7.6, "max_grade_pct": 14.6, "summit_elevation_m": 1204, "summit_lat": 48.065, "summit_lon": 8.01626, "start_lat": 48.10306, "start_lon": 7.97914, "wikidata_id": "Q314746", "cycletrip_url": "https://cycletrip.pro/climbs/kandel"}}, {"type": "Feature", "geometry": {"type": "Point", "coordinates": [10.690258, 45.8366915]}, "properties": {"climb_slug": "passo-di-tremalzo", "climb_name": "Passo di Tremalzo", "country": "IT", "region": "Lake Garda", "side": "from Tiarno di Sopra", "category": "1", "length_km": 12.9, "elevation_gain_m": 941, "avg_grade_pct": 7.3, "max_grade_pct": 14.0, "summit_elevation_m": 1664, "summit_lat": 45.83669, "summit_lon": 10.69026, "start_lat": 45.8644, "start_lon": 10.64553, "wikidata_id": "Q497266", "cycletrip_url": "https://cycletrip.pro/climbs/passo-di-tremalzo"}}, {"type": "Feature", "geometry": {"type": "Point", "coordinates": [0.29311, 42.81268]}, "properties": {"climb_slug": "saint-lary-soulan-pla-d-adet", "climb_name": "Saint-Lary-Soulan - Pla d'Adet", "country": "FR", "region": "Pyrenees", "side": "from Vignec", "category": "1", "length_km": 10.4, "elevation_gain_m": 847, "avg_grade_pct": 8.1, "max_grade_pct": 16.7, "summit_elevation_m": 1656, "summit_lat": 42.81268, "summit_lon": 0.29311, "start_lat": 42.82379, "start_lon": 0.32263, "wikidata_id": "", "cycletrip_url": "https://cycletrip.pro/climbs/saint-lary-soulan-pla-d-adet"}}, {"type": "Feature", "geometry": {"type": "Point", "coordinates": [9.8376821, 46.5822515]}, "properties": {"climb_slug": "albulapass", "climb_name": "Albulapass", "country": "IT", "region": null, "side": "from La Punt Chamues-ch", "category": "1", "length_km": 9.2, "elevation_gain_m": 627, "avg_grade_pct": 6.8, "max_grade_pct": 13.1, "summit_elevation_m": 2312, "summit_lat": 46.58225, "summit_lon": 9.83768, "start_lat": 46.57971, "start_lon": 9.92605, "wikidata_id": "Q685235", "cycletrip_url": "https://cycletrip.pro/climbs/albulapass"}}, {"type": "Feature", "geometry": {"type": "Point", "coordinates": [9.8376821, 46.5822515]}, "properties": {"climb_slug": "albulapass", "climb_name": "Albulapass", "country": "IT", "region": null, "side": "from Surava", "category": "1", "length_km": 28.4, "elevation_gain_m": 1404, "avg_grade_pct": 4.9, "max_grade_pct": 19.8, "summit_elevation_m": 2312, "summit_lat": 46.58225, "summit_lon": 9.83768, "start_lat": 46.66122, "start_lon": 9.60181, "wikidata_id": "Q685235", "cycletrip_url": "https://cycletrip.pro/climbs/albulapass"}}, {"type": "Feature", "geometry": {"type": "Point", "coordinates": [-0.7314131, 43.0035994]}, "properties": {"climb_slug": "col-de-labays", "climb_name": "Col de Labays", "country": "FR", "region": "Pyrenees", "side": "from Arette", "category": "1", "length_km": 11.8, "elevation_gain_m": 899, "avg_grade_pct": 7.6, "max_grade_pct": 16.5, "summit_elevation_m": 1354, "summit_lat": 43.0036, "summit_lon": -0.73141, "start_lat": 43.05643, "start_lon": -0.75911, "wikidata_id": "Q2982065", "cycletrip_url": "https://cycletrip.pro/climbs/col-de-labays"}}, {"type": "Feature", "geometry": {"type": "Point", "coordinates": [-0.7314131, 43.0035994]}, "properties": {"climb_slug": "col-de-labays", "climb_name": "Col de Labays", "country": "FR", "region": "Pyrenees", "side": "from Osse-en-Aspe", "category": "1", "length_km": 6.1, "elevation_gain_m": 474, "avg_grade_pct": 7.8, "max_grade_pct": 14.2, "summit_elevation_m": 1354, "summit_lat": 43.0036, "summit_lon": -0.73141, "start_lat": 43.00234, "start_lon": -0.70351, "wikidata_id": "Q2982065", "cycletrip_url": "https://cycletrip.pro/climbs/col-de-labays"}}, {"type": "Feature", "geometry": {"type": "Point", "coordinates": [1.3741212, 42.793992]}, "properties": {"climb_slug": "col-d-agnes", "climb_name": "Col d'Agnes", "country": "FR", "region": "Pyrenees", "side": "from Aulus-les-Bains", "category": "1", "length_km": 10.1, "elevation_gain_m": 825, "avg_grade_pct": 8.2, "max_grade_pct": 13.8, "summit_elevation_m": 1570, "summit_lat": 42.79399, "summit_lon": 1.37412, "start_lat": 42.78938, "start_lon": 1.33702, "wikidata_id": "Q2749001", "cycletrip_url": "https://cycletrip.pro/climbs/col-d-agnes"}}, {"type": "Feature", "geometry": {"type": "Point", "coordinates": [1.3741212, 42.793992]}, "properties": {"climb_slug": "col-d-agnes", "climb_name": "Col d'Agnes", "country": "FR", "region": "Pyrenees", "side": "from Le Port", "category": "2", "length_km": 4.1, "elevation_gain_m": 290, "avg_grade_pct": 7.1, "max_grade_pct": 12.7, "summit_elevation_m": 1570, "summit_lat": 42.79399, "summit_lon": 1.37412, "start_lat": 42.8095, "start_lon": 1.37516, "wikidata_id": "Q2749001", "cycletrip_url": "https://cycletrip.pro/climbs/col-d-agnes"}}, {"type": "Feature", "geometry": {"type": "Point", "coordinates": [-0.2186192, 43.0113268]}, "properties": {"climb_slug": "col-de-spandelles", "climb_name": "Col de Spandelles", "country": "FR", "region": "Pyrenees", "side": "from Ferrières", "category": "1", "length_km": 10.1, "elevation_gain_m": 831, "avg_grade_pct": 8.2, "max_grade_pct": 14.3, "summit_elevation_m": 1380, "summit_lat": 43.01133, "summit_lon": -0.21862, "start_lat": 43.02033, "start_lon": -0.25668, "wikidata_id": "Q2982120", "cycletrip_url": "https://cycletrip.pro/climbs/col-de-spandelles"}}, {"type": "Feature", "geometry": {"type": "Point", "coordinates": [-0.2186192, 43.0113268]}, "properties": {"climb_slug": "col-de-spandelles", "climb_name": "Col de Spandelles", "country": "FR", "region": "Pyrenees", "side": "from Gez", "category": "1", "length_km": 12.8, "elevation_gain_m": 750, "avg_grade_pct": 5.9, "max_grade_pct": 12.1, "summit_elevation_m": 1380, "summit_lat": 43.01133, "summit_lon": -0.21862, "start_lat": 43.01319, "start_lon": -0.113, "wikidata_id": "Q2982120", "cycletrip_url": "https://cycletrip.pro/climbs/col-de-spandelles"}}, {"type": "Feature", "geometry": {"type": "Point", "coordinates": [1.7706923, 42.2011667]}, "properties": {"climb_slug": "coll-de-pradell-q17598206", "climb_name": "Coll de Pradell", "country": "FR", "region": null, "side": "from Saldes", "category": "2", "length_km": 6.8, "elevation_gain_m": 422, "avg_grade_pct": 6.2, "max_grade_pct": 14.1, "summit_elevation_m": 1727, "summit_lat": 42.20117, "summit_lon": 1.77069, "start_lat": 42.2164, "start_lon": 1.71807, "wikidata_id": "Q17598206", "cycletrip_url": "https://cycletrip.pro/climbs/coll-de-pradell-q17598206"}}, {"type": "Feature", "geometry": {"type": "Point", "coordinates": [1.7706923, 42.2011667]}, "properties": {"climb_slug": "coll-de-pradell-q17598206", "climb_name": "Coll de Pradell", "country": "FR", "region": null, "side": "from Vallcebre", "category": "1", "length_km": 5.8, "elevation_gain_m": 626, "avg_grade_pct": 10.8, "max_grade_pct": 18.6, "summit_elevation_m": 1727, "summit_lat": 42.20117, "summit_lon": 1.77069, "start_lat": 42.20535, "start_lon": 1.81884, "wikidata_id": "Q17598206", "cycletrip_url": "https://cycletrip.pro/climbs/coll-de-pradell-q17598206"}}, {"type": "Feature", "geometry": {"type": "Point", "coordinates": [7.1423209, 45.4792099]}, "properties": {"climb_slug": "colle-del-nivolet", "climb_name": "Colle del Nivolet", "country": "IT", "region": "Piedmont", "side": "from Ceresole Reale", "category": "1", "length_km": 14.6, "elevation_gain_m": 987, "avg_grade_pct": 6.8, "max_grade_pct": 13.9, "summit_elevation_m": 2612, "summit_lat": 45.47921, "summit_lon": 7.14232, "start_lat": 45.44925, "start_lon": 7.19992, "wikidata_id": "Q1061556", "cycletrip_url": "https://cycletrip.pro/climbs/colle-del-nivolet"}}, {"type": "Feature", "geometry": {"type": "Point", "coordinates": [11.4927359, 46.3546686]}, "properties": {"climb_slug": "passo-di-lavaz", "climb_name": "Passo di Lavazè", "country": "IT", "region": "Dolomites", "side": "from Cavalese", "category": "1", "length_km": 10.3, "elevation_gain_m": 788, "avg_grade_pct": 7.7, "max_grade_pct": 15.1, "summit_elevation_m": 1807, "summit_lat": 46.35467, "summit_lon": 11.49274, "start_lat": 46.29275, "start_lon": 11.45613, "wikidata_id": "Q680789", "cycletrip_url": "https://cycletrip.pro/climbs/passo-di-lavaz"}}, {"type": "Feature", "geometry": {"type": "Point", "coordinates": [11.4927359, 46.3546686]}, "properties": {"climb_slug": "passo-di-lavaz", "climb_name": "Passo di Lavazè", "country": "IT", "region": "Dolomites", "side": "from Eggen - Ega", "category": "1", "length_km": 12.6, "elevation_gain_m": 918, "avg_grade_pct": 7.3, "max_grade_pct": 13.7, "summit_elevation_m": 1807, "summit_lat": 46.35467, "summit_lon": 11.49274, "start_lat": 46.42507, "start_lon": 11.48086, "wikidata_id": "Q680789", "cycletrip_url": "https://cycletrip.pro/climbs/passo-di-lavaz"}}, {"type": "Feature", "geometry": {"type": "Point", "coordinates": [6.5806587, 46.1593242]}, "properties": {"climb_slug": "col-de-la-ramaz", "climb_name": "Col de la Ramaz", "country": "FR", "region": "French Alps", "side": "from Les Gets", "category": "1", "length_km": 8.9, "elevation_gain_m": 649, "avg_grade_pct": 7.3, "max_grade_pct": 14.3, "summit_elevation_m": 1619, "summit_lat": 46.15932, "summit_lon": 6.58066, "start_lat": 46.1359, "start_lon": 6.62467, "wikidata_id": "Q2982196", "cycletrip_url": "https://cycletrip.pro/climbs/col-de-la-ramaz"}}, {"type": "Feature", "geometry": {"type": "Point", "coordinates": [6.5806587, 46.1593242]}, "properties": {"climb_slug": "col-de-la-ramaz", "climb_name": "Col de la Ramaz", "country": "FR", "region": "French Alps", "side": "from Mieussy", "category": "1", "length_km": 14.1, "elevation_gain_m": 977, "avg_grade_pct": 6.9, "max_grade_pct": 25.9, "summit_elevation_m": 1619, "summit_lat": 46.15932, "summit_lon": 6.58066, "start_lat": 46.13264, "start_lon": 6.52741, "wikidata_id": "Q2982196", "cycletrip_url": "https://cycletrip.pro/climbs/col-de-la-ramaz"}}, {"type": "Feature", "geometry": {"type": "Point", "coordinates": [0.463075, 42.8023062]}, "properties": {"climb_slug": "col-de-peyresourde", "climb_name": "Col de Peyresourde", "country": "FR", "region": "Pyrenees", "side": "from Arreau", "category": "1", "length_km": 18.5, "elevation_gain_m": 881, "avg_grade_pct": 4.8, "max_grade_pct": 13.2, "summit_elevation_m": 1569, "summit_lat": 42.80231, "summit_lon": 0.46308, "start_lat": 42.90647, "start_lon": 0.35749, "wikidata_id": "Q1107397", "cycletrip_url": "https://cycletrip.pro/climbs/col-de-peyresourde"}}, {"type": "Feature", "geometry": {"type": "Point", "coordinates": [0.463075, 42.8023062]}, "properties": {"climb_slug": "col-de-peyresourde", "climb_name": "Col de Peyresourde", "country": "FR", "region": "Pyrenees", "side": "from Bagnères-de-Luchon", "category": "1", "length_km": 13.7, "elevation_gain_m": 953, "avg_grade_pct": 7.0, "max_grade_pct": 13.3, "summit_elevation_m": 1569, "summit_lat": 42.80231, "summit_lon": 0.46308, "start_lat": 42.79497, "start_lon": 0.59384, "wikidata_id": "Q1107397", "cycletrip_url": "https://cycletrip.pro/climbs/col-de-peyresourde"}}, {"type": "Feature", "geometry": {"type": "Point", "coordinates": [6.734975, 44.8196595]}, "properties": {"climb_slug": "col-d-izoard", "climb_name": "Col d'Izoard", "country": "FR", "region": "French Alps", "side": "from Briançon", "category": "1", "length_km": 19.2, "elevation_gain_m": 1141, "avg_grade_pct": 5.9, "max_grade_pct": 12.3, "summit_elevation_m": 2361, "summit_lat": 44.81966, "summit_lon": 6.73498, "start_lat": 44.89489, "start_lon": 6.63702, "wikidata_id": "Q1107545", "cycletrip_url": "https://cycletrip.pro/climbs/col-d-izoard"}}, {"type": "Feature", "geometry": {"type": "Point", "coordinates": [6.734975, 44.8196595]}, "properties": {"climb_slug": "col-d-izoard", "climb_name": "Col d'Izoard", "country": "FR", "region": "French Alps", "side": "from Guillestre", "category": "1", "length_km": 26.4, "elevation_gain_m": 1282, "avg_grade_pct": 4.9, "max_grade_pct": 18.7, "summit_elevation_m": 2361, "summit_lat": 44.81966, "summit_lon": 6.73498, "start_lat": 44.67404, "start_lon": 6.68698, "wikidata_id": "Q1107545", "cycletrip_url": "https://cycletrip.pro/climbs/col-d-izoard"}}, {"type": "Feature", "geometry": {"type": "Point", "coordinates": [11.5398288, 46.3538109]}, "properties": {"climb_slug": "reiterjoch-passo-di-pampeago", "climb_name": "Reiterjoch - Passo di Pampeago", "country": "IT", "region": "Dolomites", "side": "from Eggen - Ega", "category": "1", "length_km": 4.7, "elevation_gain_m": 435, "avg_grade_pct": 9.3, "max_grade_pct": 15.2, "summit_elevation_m": 1983, "summit_lat": 46.35381, "summit_lon": 11.53983, "start_lat": 46.38567, "start_lon": 11.5244, "wikidata_id": "Q303904", "cycletrip_url": "https://cycletrip.pro/climbs/reiterjoch-passo-di-pampeago"}}, {"type": "Feature", "geometry": {"type": "Point", "coordinates": [11.5398288, 46.3538109]}, "properties": {"climb_slug": "reiterjoch-passo-di-pampeago", "climb_name": "Reiterjoch - Passo di Pampeago", "country": "IT", "region": "Dolomites", "side": "from Stava", "category": "1", "length_km": 7.4, "elevation_gain_m": 704, "avg_grade_pct": 9.5, "max_grade_pct": 15.4, "summit_elevation_m": 1983, "summit_lat": 46.35381, "summit_lon": 11.53983, "start_lat": 46.32018, "start_lon": 11.50206, "wikidata_id": "Q303904", "cycletrip_url": "https://cycletrip.pro/climbs/reiterjoch-passo-di-pampeago"}}, {"type": "Feature", "geometry": {"type": "Point", "coordinates": [11.7917199, 46.3783576]}, "properties": {"climb_slug": "passo-san-pellegrino", "climb_name": "Passo San Pellegrino", "country": "IT", "region": "Dolomites", "side": "from Moena", "category": "1", "length_km": 10.9, "elevation_gain_m": 683, "avg_grade_pct": 6.3, "max_grade_pct": 11.9, "summit_elevation_m": 1918, "summit_lat": 46.37836, "summit_lon": 11.79172, "start_lat": 46.37443, "start_lon": 11.6663, "wikidata_id": "Q379948", "cycletrip_url": "https://cycletrip.pro/climbs/passo-san-pellegrino"}}, {"type": "Feature", "geometry": {"type": "Point", "coordinates": [11.7917199, 46.3783576]}, "properties": {"climb_slug": "passo-san-pellegrino", "climb_name": "Passo San Pellegrino", "country": "IT", "region": "Dolomites", "side": "from Sachet", "category": "1", "length_km": 16.8, "elevation_gain_m": 1061, "avg_grade_pct": 6.3, "max_grade_pct": 15.0, "summit_elevation_m": 1918, "summit_lat": 46.37836, "summit_lon": 11.79172, "start_lat": 46.36192, "start_lon": 11.95305, "wikidata_id": "Q379948", "cycletrip_url": "https://cycletrip.pro/climbs/passo-san-pellegrino"}}, {"type": "Feature", "geometry": {"type": "Point", "coordinates": [9.9502838, 46.7474997]}, "properties": {"climb_slug": "fl-elapass", "climb_name": "Flüelapass", "country": "IT", "region": null, "side": "from Davos", "category": "1", "length_km": 13.1, "elevation_gain_m": 823, "avg_grade_pct": 6.3, "max_grade_pct": 12.8, "summit_elevation_m": 2383, "summit_lat": 46.7475, "summit_lon": 9.95028, "start_lat": 46.81149, "start_lon": 9.8449, "wikidata_id": "Q372467", "cycletrip_url": "https://cycletrip.pro/climbs/fl-elapass"}}, {"type": "Feature", "geometry": {"type": "Point", "coordinates": [9.9502838, 46.7474997]}, "properties": {"climb_slug": "fl-elapass", "climb_name": "Flüelapass", "country": "IT", "region": null, "side": "from Susch", "category": "1", "length_km": 14.1, "elevation_gain_m": 961, "avg_grade_pct": 6.8, "max_grade_pct": 13.4, "summit_elevation_m": 2383, "summit_lat": 46.7475, "summit_lon": 9.95028, "start_lat": 46.75905, "start_lon": 10.08902, "wikidata_id": "Q372467", "cycletrip_url": "https://cycletrip.pro/climbs/fl-elapass"}}, {"type": "Feature", "geometry": {"type": "Point", "coordinates": [11.8625899, 46.4640236]}, "properties": {"climb_slug": "passo-fedaia", "climb_name": "Passo Fedaia", "country": "IT", "region": "Dolomites", "side": "from Canazei", "category": "2", "length_km": 10.5, "elevation_gain_m": 585, "avg_grade_pct": 5.6, "max_grade_pct": 15.0, "summit_elevation_m": 2057, "summit_lat": 46.46402, "summit_lon": 11.86259, "start_lat": 46.47026, "start_lon": 11.77866, "wikidata_id": "Q2056132", "cycletrip_url": "https://cycletrip.pro/climbs/passo-fedaia"}}, {"type": "Feature", "geometry": {"type": "Point", "coordinates": [11.8625899, 46.4640236]}, "properties": {"climb_slug": "passo-fedaia", "climb_name": "Passo Fedaia", "country": "IT", "region": "Dolomites", "side": "from Caprile", "category": "1", "length_km": 16.4, "elevation_gain_m": 1037, "avg_grade_pct": 6.3, "max_grade_pct": 18.3, "summit_elevation_m": 2057, "summit_lat": 46.46402, "summit_lon": 11.86259, "start_lat": 46.43896, "start_lon": 11.99267, "wikidata_id": "Q2056132", "cycletrip_url": "https://cycletrip.pro/climbs/passo-fedaia"}}, {"type": "Feature", "geometry": {"type": "Point", "coordinates": [11.5858858, 46.4559894]}, "properties": {"climb_slug": "nigerpass-passo-nigra", "climb_name": "Nigerpass - Passo Nigra", "country": "IT", "region": "Dolomites", "side": "from Völs am Schlern - Fiè allo Sciliar", "category": "1", "length_km": 22.3, "elevation_gain_m": 1206, "avg_grade_pct": 5.4, "max_grade_pct": 15.7, "summit_elevation_m": 1690, "summit_lat": 46.45599, "summit_lon": 11.58589, "start_lat": 46.50583, "start_lon": 11.46828, "wikidata_id": "Q505070", "cycletrip_url": "https://cycletrip.pro/climbs/nigerpass-passo-nigra"}}, {"type": "Feature", "geometry": {"type": "Point", "coordinates": [8.8298922, 42.2235011]}, "properties": {"climb_slug": "col-de-sevi", "climb_name": "Col de Sevi", "country": "FR", "region": "Corsica", "side": "from Cristinacce", "category": "3", "length_km": 5.1, "elevation_gain_m": 311, "avg_grade_pct": 6.1, "max_grade_pct": 10.3, "summit_elevation_m": 1103, "summit_lat": 42.2235, "summit_lon": 8.82989, "start_lat": 42.23791, "start_lon": 8.8447, "wikidata_id": "Q16507516", "cycletrip_url": "https://cycletrip.pro/climbs/col-de-sevi"}}, {"type": "Feature", "geometry": {"type": "Point", "coordinates": [8.8298922, 42.2235011]}, "properties": {"climb_slug": "col-de-sevi", "climb_name": "Col de Sevi", "country": "FR", "region": "Corsica", "side": "from Vico", "category": "1", "length_km": 18.0, "elevation_gain_m": 1083, "avg_grade_pct": 6.0, "max_grade_pct": 16.0, "summit_elevation_m": 1103, "summit_lat": 42.2235, "summit_lon": 8.82989, "start_lat": 42.13704, "start_lon": 8.7118, "wikidata_id": "Q16507516", "cycletrip_url": "https://cycletrip.pro/climbs/col-de-sevi"}}, {"type": "Feature", "geometry": {"type": "Point", "coordinates": [5.765495, 45.2728823]}, "properties": {"climb_slug": "col-de-palaquit", "climb_name": "Col de Palaquit", "country": "FR", "region": "French Alps", "side": "from Grenoble", "category": "1", "length_km": 14.3, "elevation_gain_m": 962, "avg_grade_pct": 6.7, "max_grade_pct": 14.3, "summit_elevation_m": 1154, "summit_lat": 45.27288, "summit_lon": 5.76549, "start_lat": 45.19398, "start_lon": 5.72569, "wikidata_id": "Q2982088", "cycletrip_url": "https://cycletrip.pro/climbs/col-de-palaquit"}}, {"type": "Feature", "geometry": {"type": "Point", "coordinates": [5.765495, 45.2728823]}, "properties": {"climb_slug": "col-de-palaquit", "climb_name": "Col de Palaquit", "country": "FR", "region": "French Alps", "side": "from Quaix-en-Chartreuse", "category": "1", "length_km": 7.5, "elevation_gain_m": 607, "avg_grade_pct": 8.1, "max_grade_pct": 16.4, "summit_elevation_m": 1154, "summit_lat": 45.27288, "summit_lon": 5.76549, "start_lat": 45.24699, "start_lon": 5.73073, "wikidata_id": "Q2982088", "cycletrip_url": "https://cycletrip.pro/climbs/col-de-palaquit"}}, {"type": "Feature", "geometry": {"type": "Point", "coordinates": [-5.137167462966467, 43.20080059722485]}, "properties": {"climb_slug": "collada-llomena", "climb_name": "Collada Llomena", "country": "ES", "region": "Asturias", "side": "from Rubriellos", "category": "1", "length_km": 7.2, "elevation_gain_m": 676, "avg_grade_pct": 9.4, "max_grade_pct": 20.2, "summit_elevation_m": 1005, "summit_lat": 43.2008, "summit_lon": -5.13717, "start_lat": 43.21041, "start_lon": -5.09277, "wikidata_id": "", "cycletrip_url": "https://cycletrip.pro/climbs/collada-llomena"}}, {"type": "Feature", "geometry": {"type": "Point", "coordinates": [-5.137167462966467, 43.20080059722485]}, "properties": {"climb_slug": "collada-llomena", "climb_name": "Collada Llomena", "country": "ES", "region": "Asturias", "side": "from San Xuan de Beleño / San Juan de Beleño", "category": "2", "length_km": 5.5, "elevation_gain_m": 375, "avg_grade_pct": 6.8, "max_grade_pct": 17.2, "summit_elevation_m": 1005, "summit_lat": 43.2008, "summit_lon": -5.13717, "start_lat": 43.18991, "start_lon": -5.16375, "wikidata_id": "", "cycletrip_url": "https://cycletrip.pro/climbs/collada-llomena"}}, {"type": "Feature", "geometry": {"type": "Point", "coordinates": [-1.0871083, 43.0625994]}, "properties": {"climb_slug": "col-de-burdincurutcheta", "climb_name": "Col de Burdincurutcheta", "country": "FR", "region": "Pyrenees", "side": "from Iholdy", "category": "1", "length_km": 10.7, "elevation_gain_m": 824, "avg_grade_pct": 7.7, "max_grade_pct": 16.9, "summit_elevation_m": 1135, "summit_lat": 43.0626, "summit_lon": -1.08711, "start_lat": 43.11463, "start_lon": -1.13306, "wikidata_id": "Q953084", "cycletrip_url": "https://cycletrip.pro/climbs/col-de-burdincurutcheta"}}, {"type": "Feature", "geometry": {"type": "Point", "coordinates": [8.196958, 44.2302874]}, "properties": {"climb_slug": "colle-del-melogno", "climb_name": "Colle del Melogno", "country": "IT", "region": "Liguria", "side": "from Calizzano", "category": "3", "length_km": 9.1, "elevation_gain_m": 399, "avg_grade_pct": 4.4, "max_grade_pct": 10.8, "summit_elevation_m": 1028, "summit_lat": 44.23029, "summit_lon": 8.19696, "start_lat": 44.23821, "start_lon": 8.11457, "wikidata_id": "Q3682770", "cycletrip_url": "https://cycletrip.pro/climbs/colle-del-melogno"}}, {"type": "Feature", "geometry": {"type": "Point", "coordinates": [8.196958, 44.2302874]}, "properties": {"climb_slug": "colle-del-melogno", "climb_name": "Colle del Melogno", "country": "IT", "region": "Liguria", "side": "from Calvisio", "category": "1", "length_km": 16.5, "elevation_gain_m": 1018, "avg_grade_pct": 6.2, "max_grade_pct": 13.4, "summit_elevation_m": 1028, "summit_lat": 44.23029, "summit_lon": 8.19696, "start_lat": 44.16846, "start_lon": 8.33705, "wikidata_id": "Q3682770", "cycletrip_url": "https://cycletrip.pro/climbs/colle-del-melogno"}}, {"type": "Feature", "geometry": {"type": "Point", "coordinates": [8.8783989, 42.2903223]}, "properties": {"climb_slug": "col-de-vergio", "climb_name": "Col de Vergio", "country": "FR", "region": "Corsica", "side": "from Castirla", "category": "2", "length_km": 35.4, "elevation_gain_m": 1012, "avg_grade_pct": 2.9, "max_grade_pct": 9.4, "summit_elevation_m": 1467, "summit_lat": 42.29032, "summit_lon": 8.8784, "start_lat": 42.37275, "start_lon": 9.10803, "wikidata_id": "Q1107407", "cycletrip_url": "https://cycletrip.pro/climbs/col-de-vergio"}}, {"type": "Feature", "geometry": {"type": "Point", "coordinates": [8.8783989, 42.2903223]}, "properties": {"climb_slug": "col-de-vergio", "climb_name": "Col de Vergio", "country": "FR", "region": "Corsica", "side": "from Porto", "category": "1", "length_km": 32.6, "elevation_gain_m": 1446, "avg_grade_pct": 4.4, "max_grade_pct": 14.1, "summit_elevation_m": 1467, "summit_lat": 42.29032, "summit_lon": 8.8784, "start_lat": 42.26132, "start_lon": 8.70963, "wikidata_id": "Q1107407", "cycletrip_url": "https://cycletrip.pro/climbs/col-de-vergio"}}, {"type": "Feature", "geometry": {"type": "Point", "coordinates": [6.8829399, 45.6792488]}, "properties": {"climb_slug": "col-du-petit-saint-bernard", "climb_name": "Col du Petit-Saint-Bernard", "country": "IT", "region": "Aosta Valley", "side": "from Bourg-Saint-Maurice", "category": "1", "length_km": 29.8, "elevation_gain_m": 1377, "avg_grade_pct": 4.6, "max_grade_pct": 9.1, "summit_elevation_m": 2188, "summit_lat": 45.67925, "summit_lon": 6.88294, "start_lat": 45.6233, "start_lon": 6.77849, "wikidata_id": "Q1345705", "cycletrip_url": "https://cycletrip.pro/climbs/col-du-petit-saint-bernard"}}, {"type": "Feature", "geometry": {"type": "Point", "coordinates": [6.8829399, 45.6792488]}, "properties": {"climb_slug": "col-du-petit-saint-bernard", "climb_name": "Col du Petit-Saint-Bernard", "country": "IT", "region": "Aosta Valley", "side": "from Morgex", "category": "1", "length_km": 26.3, "elevation_gain_m": 1252, "avg_grade_pct": 4.8, "max_grade_pct": 19.5, "summit_elevation_m": 2188, "summit_lat": 45.67925, "summit_lon": 6.88294, "start_lat": 45.76031, "start_lon": 7.02883, "wikidata_id": "Q1345705", "cycletrip_url": "https://cycletrip.pro/climbs/col-du-petit-saint-bernard"}}, {"type": "Feature", "geometry": {"type": "Point", "coordinates": [10.1992691, 46.0365862]}, "properties": {"climb_slug": "passo-del-vivione", "climb_name": "Passo del Vivione", "country": "IT", "region": "Lombardy", "side": "from Grumello", "category": "1", "length_km": 12.1, "elevation_gain_m": 875, "avg_grade_pct": 7.2, "max_grade_pct": 18.9, "summit_elevation_m": 1828, "summit_lat": 46.03659, "summit_lon": 10.19927, "start_lat": 46.07471, "start_lon": 10.27882, "wikidata_id": "Q2056139", "cycletrip_url": "https://cycletrip.pro/climbs/passo-del-vivione"}}, {"type": "Feature", "geometry": {"type": "Point", "coordinates": [10.1992691, 46.0365862]}, "properties": {"climb_slug": "passo-del-vivione", "climb_name": "Passo del Vivione", "country": "IT", "region": "Lombardy", "side": "from Valle Richetti", "category": "1", "length_km": 22.0, "elevation_gain_m": 1082, "avg_grade_pct": 4.9, "max_grade_pct": 16.6, "summit_elevation_m": 1828, "summit_lat": 46.03659, "summit_lon": 10.19927, "start_lat": 45.96947, "start_lon": 10.1087, "wikidata_id": "Q2056139", "cycletrip_url": "https://cycletrip.pro/climbs/passo-del-vivione"}}, {"type": "Feature", "geometry": {"type": "Point", "coordinates": [1.4197414, 42.5463595]}, "properties": {"climb_slug": "port-de-cab-s", "climb_name": "Port de Cabús", "country": "AD", "region": "Andorra", "side": "from Erts", "category": "1", "length_km": 17.8, "elevation_gain_m": 1049, "avg_grade_pct": 5.9, "max_grade_pct": 14.3, "summit_elevation_m": 2306, "summit_lat": 42.54636, "summit_lon": 1.41974, "start_lat": 42.54826, "start_lon": 1.51328, "wikidata_id": "Q7231065", "cycletrip_url": "https://cycletrip.pro/climbs/port-de-cab-s"}}, {"type": "Feature", "geometry": {"type": "Point", "coordinates": [7.0229315, 44.1002269]}, "properties": {"climb_slug": "col-de-la-couillole", "climb_name": "Col de la Couillole", "country": "FR", "region": "French Alps", "side": "from Clans", "category": "1", "length_km": 30.9, "elevation_gain_m": 1370, "avg_grade_pct": 4.4, "max_grade_pct": 16.9, "summit_elevation_m": 1678, "summit_lat": 44.10023, "summit_lon": 7.02293, "start_lat": 43.97279, "start_lon": 7.14301, "wikidata_id": "Q2084625", "cycletrip_url": "https://cycletrip.pro/climbs/col-de-la-couillole"}}, {"type": "Feature", "geometry": {"type": "Point", "coordinates": [7.0229315, 44.1002269]}, "properties": {"climb_slug": "col-de-la-couillole", "climb_name": "Col de la Couillole", "country": "FR", "region": "French Alps", "side": "from Rigaud", "category": "1", "length_km": 24.6, "elevation_gain_m": 1218, "avg_grade_pct": 5.0, "max_grade_pct": 18.1, "summit_elevation_m": 1678, "summit_lat": 44.10023, "summit_lon": 7.02293, "start_lat": 43.97883, "start_lon": 7.0035, "wikidata_id": "Q2084625", "cycletrip_url": "https://cycletrip.pro/climbs/col-de-la-couillole"}}, {"type": "Feature", "geometry": {"type": "Point", "coordinates": [6.7028384, 44.5388042]}, "properties": {"climb_slug": "col-de-vars", "climb_name": "Col de Vars", "country": "FR", "region": "French Alps", "side": "from Guillestre", "category": "1", "length_km": 18.9, "elevation_gain_m": 1073, "avg_grade_pct": 5.7, "max_grade_pct": 13.8, "summit_elevation_m": 2109, "summit_lat": 44.5388, "summit_lon": 6.70284, "start_lat": 44.655, "start_lon": 6.65209, "wikidata_id": "Q265759", "cycletrip_url": "https://cycletrip.pro/climbs/col-de-vars"}}, {"type": "Feature", "geometry": {"type": "Point", "coordinates": [6.7028384, 44.5388042]}, "properties": {"climb_slug": "col-de-vars", "climb_name": "Col de Vars", "country": "FR", "region": "French Alps", "side": "from Saint-Paul-sur-Ubaye", "category": "1", "length_km": 12.0, "elevation_gain_m": 757, "avg_grade_pct": 6.3, "max_grade_pct": 12.8, "summit_elevation_m": 2109, "summit_lat": 44.5388, "summit_lon": 6.70284, "start_lat": 44.49011, "start_lon": 6.74318, "wikidata_id": "Q265759", "cycletrip_url": "https://cycletrip.pro/climbs/col-de-vars"}}, {"type": "Feature", "geometry": {"type": "Point", "coordinates": [11.2083285, 46.4167623]}, "properties": {"climb_slug": "passo-della-mendola-mendelpass", "climb_name": "Passo della Mendola - Mendelpass", "country": "IT", "region": "Dolomites", "side": "from Frangart - Frangarto", "category": "1", "length_km": 20.1, "elevation_gain_m": 1104, "avg_grade_pct": 5.5, "max_grade_pct": 17.6, "summit_elevation_m": 1363, "summit_lat": 46.41676, "summit_lon": 11.20833, "start_lat": 46.47858, "start_lon": 11.28217, "wikidata_id": "Q253818", "cycletrip_url": "https://cycletrip.pro/climbs/passo-della-mendola-mendelpass"}}, {"type": "Feature", "geometry": {"type": "Point", "coordinates": [11.2083285, 46.4167623]}, "properties": {"climb_slug": "passo-della-mendola-mendelpass", "climb_name": "Passo della Mendola - Mendelpass", "country": "IT", "region": "Dolomites", "side": "from Revò", "category": "2", "length_km": 26.8, "elevation_gain_m": 805, "avg_grade_pct": 3.0, "max_grade_pct": 13.2, "summit_elevation_m": 1363, "summit_lat": 46.41676, "summit_lon": 11.20833, "start_lat": 46.39574, "start_lon": 11.03568, "wikidata_id": "Q253818", "cycletrip_url": "https://cycletrip.pro/climbs/passo-della-mendola-mendelpass"}}, {"type": "Feature", "geometry": {"type": "Point", "coordinates": [12.2598047, 46.3744325]}, "properties": {"climb_slug": "passo-cibiana", "climb_name": "Passo Cibiana", "country": "IT", "region": "Dolomites", "side": "from Dozza", "category": "1", "length_km": 10.1, "elevation_gain_m": 728, "avg_grade_pct": 7.2, "max_grade_pct": 11.7, "summit_elevation_m": 1530, "summit_lat": 46.37443, "summit_lon": 12.2598, "start_lat": 46.34648, "start_lon": 12.19261, "wikidata_id": "Q634689", "cycletrip_url": "https://cycletrip.pro/climbs/passo-cibiana"}}, {"type": "Feature", "geometry": {"type": "Point", "coordinates": [12.2598047, 46.3744325]}, "properties": {"climb_slug": "passo-cibiana", "climb_name": "Passo Cibiana", "country": "IT", "region": "Dolomites", "side": "from Venas di Cadore", "category": "1", "length_km": 9.5, "elevation_gain_m": 758, "avg_grade_pct": 8.0, "max_grade_pct": 17.0, "summit_elevation_m": 1530, "summit_lat": 46.37443, "summit_lon": 12.2598, "start_lat": 46.4064, "start_lon": 12.27984, "wikidata_id": "Q634689", "cycletrip_url": "https://cycletrip.pro/climbs/passo-cibiana"}}, {"type": "Feature", "geometry": {"type": "Point", "coordinates": [11.625103576278493, 46.57821715255698]}, "properties": {"climb_slug": "passo-pinei", "climb_name": "Passo Pinei", "country": "IT", "region": "Dolomites", "side": "from Runcadic - Runggaditsch - Roncadizza", "category": "3", "length_km": 3.9, "elevation_gain_m": 238, "avg_grade_pct": 6.1, "max_grade_pct": 13.2, "summit_elevation_m": 1450, "summit_lat": 46.57822, "summit_lon": 11.6251, "start_lat": 46.57314, "start_lon": 11.65992, "wikidata_id": "", "cycletrip_url": "https://cycletrip.pro/climbs/passo-pinei"}}, {"type": "Feature", "geometry": {"type": "Point", "coordinates": [11.625103576278493, 46.57821715255698]}, "properties": {"climb_slug": "passo-pinei", "climb_name": "Passo Pinei", "country": "IT", "region": "Dolomites", "side": "from Waidbruck - Ponte Gardena", "category": "1", "length_km": 15.2, "elevation_gain_m": 962, "avg_grade_pct": 6.3, "max_grade_pct": 24.1, "summit_elevation_m": 1450, "summit_lat": 46.57822, "summit_lon": 11.6251, "start_lat": 46.59561, "start_lon": 11.5304, "wikidata_id": "", "cycletrip_url": "https://cycletrip.pro/climbs/passo-pinei"}}, {"type": "Feature", "geometry": {"type": "Point", "coordinates": [10.0956108, 46.9180441]}, "properties": {"climb_slug": "bielerh-he", "climb_name": "Bielerhöhe", "country": "IT", "region": null, "side": "from Galtür", "category": "3", "length_km": 6.0, "elevation_gain_m": 279, "avg_grade_pct": 4.7, "max_grade_pct": 13.6, "summit_elevation_m": 2037, "summit_lat": 46.91804, "summit_lon": 10.09561, "start_lat": 46.94777, "start_lon": 10.14632, "wikidata_id": "Q668326", "cycletrip_url": "https://cycletrip.pro/climbs/bielerh-he"}}, {"type": "Feature", "geometry": {"type": "Point", "coordinates": [10.0956108, 46.9180441]}, "properties": {"climb_slug": "bielerh-he", "climb_name": "Bielerhöhe", "country": "IT", "region": null, "side": "from Partenen", "category": "1", "length_km": 13.3, "elevation_gain_m": 893, "avg_grade_pct": 6.7, "max_grade_pct": 13.9, "summit_elevation_m": 2037, "summit_lat": 46.91804, "summit_lon": 10.09561, "start_lat": 46.96102, "start_lon": 10.07532, "wikidata_id": "Q668326", "cycletrip_url": "https://cycletrip.pro/climbs/bielerh-he"}}, {"type": "Feature", "geometry": {"type": "Point", "coordinates": [11.6885369, 46.1186135]}, "properties": {"climb_slug": "passo-brocon", "climb_name": "Passo Brocon", "country": "IT", "region": "Dolomites", "side": "from Canal San Bovo", "category": "1", "length_km": 13.7, "elevation_gain_m": 906, "avg_grade_pct": 6.6, "max_grade_pct": 19.5, "summit_elevation_m": 1616, "summit_lat": 46.11861, "summit_lon": 11.68854, "start_lat": 46.16182, "start_lon": 11.7161, "wikidata_id": "Q639308", "cycletrip_url": "https://cycletrip.pro/climbs/passo-brocon"}}, {"type": "Feature", "geometry": {"type": "Point", "coordinates": [11.6885369, 46.1186135]}, "properties": {"climb_slug": "passo-brocon", "climb_name": "Passo Brocon", "country": "IT", "region": "Dolomites", "side": "from Castello Tesino", "category": "1", "length_km": 18.5, "elevation_gain_m": 837, "avg_grade_pct": 4.5, "max_grade_pct": 12.1, "summit_elevation_m": 1616, "summit_lat": 46.11861, "summit_lon": 11.68854, "start_lat": 46.06998, "start_lon": 11.62262, "wikidata_id": "Q639308", "cycletrip_url": "https://cycletrip.pro/climbs/passo-brocon"}}, {"type": "Feature", "geometry": {"type": "Point", "coordinates": [-16.4577587, 28.3808763]}, "properties": {"climb_slug": "chipeque", "climb_name": "Chipeque", "country": "ES", "region": "Canary Islands", "side": "from La Cuesta", "category": "1", "length_km": 24.8, "elevation_gain_m": 1219, "avg_grade_pct": 4.9, "max_grade_pct": 13.3, "summit_elevation_m": "", "summit_lat": 28.38088, "summit_lon": -16.45776, "start_lat": 28.48043, "start_lon": -16.31837, "wikidata_id": "", "cycletrip_url": "https://cycletrip.pro/climbs/chipeque"}}, {"type": "Feature", "geometry": {"type": "Point", "coordinates": [6.4446143, 45.2026999]}, "properties": {"climb_slug": "col-du-t-l-graphe", "climb_name": "Col du Télégraphe", "country": "FR", "region": "French Alps", "side": "from Saint-Michel-de-Maurienne", "category": "1", "length_km": 12.1, "elevation_gain_m": 841, "avg_grade_pct": 7.0, "max_grade_pct": 12.5, "summit_elevation_m": 1566, "summit_lat": 45.2027, "summit_lon": 6.44461, "start_lat": 45.21578, "start_lon": 6.47474, "wikidata_id": "Q1107529", "cycletrip_url": "https://cycletrip.pro/climbs/col-du-t-l-graphe"}}, {"type": "Feature", "geometry": {"type": "Point", "coordinates": [6.4446143, 45.2026999]}, "properties": {"climb_slug": "col-du-t-l-graphe", "climb_name": "Col du Télégraphe", "country": "FR", "region": "French Alps", "side": "from Valloire", "category": "4", "length_km": 4.7, "elevation_gain_m": 150, "avg_grade_pct": 3.2, "max_grade_pct": 8.5, "summit_elevation_m": 1566, "summit_lat": 45.2027, "summit_lon": 6.44461, "start_lat": 45.16527, "start_lon": 6.43199, "wikidata_id": "Q1107529", "cycletrip_url": "https://cycletrip.pro/climbs/col-du-t-l-graphe"}}, {"type": "Feature", "geometry": {"type": "Point", "coordinates": [10.7778395, 44.1321205]}, "properties": {"climb_slug": "passo-di-croce-arcana", "climb_name": "Passo di Croce Arcana", "country": "IT", "region": "Tuscany", "side": "from Cutigliano", "category": "1", "length_km": 16.4, "elevation_gain_m": 985, "avg_grade_pct": 6.0, "max_grade_pct": 15.0, "summit_elevation_m": 1669, "summit_lat": 44.13212, "summit_lon": 10.77784, "start_lat": 44.10053, "start_lon": 10.75461, "wikidata_id": "Q3897388", "cycletrip_url": "https://cycletrip.pro/climbs/passo-di-croce-arcana"}}, {"type": "Feature", "geometry": {"type": "Point", "coordinates": [10.7778395, 44.1321205]}, "properties": {"climb_slug": "passo-di-croce-arcana", "climb_name": "Passo di Croce Arcana", "country": "IT", "region": "Tuscany", "side": "from Ospitale", "category": "1", "length_km": 9.4, "elevation_gain_m": 732, "avg_grade_pct": 7.8, "max_grade_pct": 13.4, "summit_elevation_m": 1669, "summit_lat": 44.13212, "summit_lon": 10.77784, "start_lat": 44.16579, "start_lon": 10.78933, "wikidata_id": "Q3897388", "cycletrip_url": "https://cycletrip.pro/climbs/passo-di-croce-arcana"}}, {"type": "Feature", "geometry": {"type": "Point", "coordinates": [9.22901, 45.8829576]}, "properties": {"climb_slug": "colma-di-sormano", "climb_name": "Colma di Sormano", "country": "IT", "region": "Lombardy", "side": "from Asso", "category": "1", "length_km": 9.5, "elevation_gain_m": 614, "avg_grade_pct": 6.5, "max_grade_pct": 12.3, "summit_elevation_m": "", "summit_lat": 45.88296, "summit_lon": 9.22901, "start_lat": 45.87299, "start_lon": 9.26043, "wikidata_id": "", "cycletrip_url": "https://cycletrip.pro/climbs/colma-di-sormano"}}, {"type": "Feature", "geometry": {"type": "Point", "coordinates": [9.22901, 45.8829576]}, "properties": {"climb_slug": "colma-di-sormano", "climb_name": "Colma di Sormano", "country": "IT", "region": "Lombardy", "side": "from Nesso", "category": "1", "length_km": 13.1, "elevation_gain_m": 872, "avg_grade_pct": 6.7, "max_grade_pct": 12.7, "summit_elevation_m": "", "summit_lat": 45.88296, "summit_lon": 9.22901, "start_lat": 45.91185, "start_lon": 9.15521, "wikidata_id": "", "cycletrip_url": "https://cycletrip.pro/climbs/colma-di-sormano"}}, {"type": "Feature", "geometry": {"type": "Point", "coordinates": [-6.091025625391706, 43.05785262997187]}, "properties": {"climb_slug": "alto-de-la-farrapona", "climb_name": "Alto de La Farrapona", "country": "ES", "region": "Asturias", "side": "from Castru", "category": "1", "length_km": 18.0, "elevation_gain_m": 1025, "avg_grade_pct": 5.7, "max_grade_pct": 12.9, "summit_elevation_m": 1703, "summit_lat": 43.05785, "summit_lon": -6.09103, "start_lat": 43.11635, "start_lon": -6.24666, "wikidata_id": "", "cycletrip_url": "https://cycletrip.pro/climbs/alto-de-la-farrapona"}}, {"type": "Feature", "geometry": {"type": "Point", "coordinates": [10.8402325, 46.24312]}, "properties": {"climb_slug": "passo-campo-carlo-magno", "climb_name": "Passo Campo Carlo Magno", "country": "IT", "region": "Dolomites", "side": "from Dimaro", "category": "1", "length_km": 14.7, "elevation_gain_m": 919, "avg_grade_pct": 6.3, "max_grade_pct": 11.7, "summit_elevation_m": 1682, "summit_lat": 46.24312, "summit_lon": 10.84023, "start_lat": 46.32687, "start_lon": 10.87277, "wikidata_id": "Q1031398", "cycletrip_url": "https://cycletrip.pro/climbs/passo-campo-carlo-magno"}}, {"type": "Feature", "geometry": {"type": "Point", "coordinates": [7.692528826990691, 45.817455126869746]}, "properties": {"climb_slug": "antagnod", "climb_name": "Antagnod", "country": "IT", "region": "Aosta Valley", "side": "from Verrès", "category": "1", "length_km": 31.3, "elevation_gain_m": 1342, "avg_grade_pct": 4.3, "max_grade_pct": 12.8, "summit_elevation_m": 1745, "summit_lat": 45.81746, "summit_lon": 7.69253, "start_lat": 45.66935, "start_lon": 7.68668, "wikidata_id": "", "cycletrip_url": "https://cycletrip.pro/climbs/antagnod"}}, {"type": "Feature", "geometry": {"type": "Point", "coordinates": [11.1733246, 45.7601964]}, "properties": {"climb_slug": "pian-delle-fugazze", "climb_name": "Pian delle Fugazze", "country": "IT", "region": "Dolomites", "side": "from Enna", "category": "1", "length_km": 12.5, "elevation_gain_m": 852, "avg_grade_pct": 6.8, "max_grade_pct": 17.2, "summit_elevation_m": 1163, "summit_lat": 45.7602, "summit_lon": 11.17332, "start_lat": 45.73314, "start_lon": 11.27295, "wikidata_id": "Q3901892", "cycletrip_url": "https://cycletrip.pro/climbs/pian-delle-fugazze"}}, {"type": "Feature", "geometry": {"type": "Point", "coordinates": [11.1733246, 45.7601964]}, "properties": {"climb_slug": "pian-delle-fugazze", "climb_name": "Pian delle Fugazze", "country": "IT", "region": "Dolomites", "side": "from Rovereto", "category": "1", "length_km": 26.0, "elevation_gain_m": 967, "avg_grade_pct": 3.7, "max_grade_pct": 17.7, "summit_elevation_m": 1163, "summit_lat": 45.7602, "summit_lon": 11.17332, "start_lat": 45.88725, "start_lon": 11.04303, "wikidata_id": "Q3901892", "cycletrip_url": "https://cycletrip.pro/climbs/pian-delle-fugazze"}}, {"type": "Feature", "geometry": {"type": "Point", "coordinates": [7.9297234, 44.1081561]}, "properties": {"climb_slug": "colle-di-caprauna", "climb_name": "Colle di Caprauna", "country": "IT", "region": "Liguria", "side": "from Cenesi", "category": "1", "length_km": 28.5, "elevation_gain_m": 1287, "avg_grade_pct": 4.5, "max_grade_pct": 13.6, "summit_elevation_m": 1376, "summit_lat": 44.10816, "summit_lon": 7.92972, "start_lat": 44.09228, "start_lon": 8.12873, "wikidata_id": "Q3682799", "cycletrip_url": "https://cycletrip.pro/climbs/colle-di-caprauna"}}, {"type": "Feature", "geometry": {"type": "Point", "coordinates": [7.9297234, 44.1081561]}, "properties": {"climb_slug": "colle-di-caprauna", "climb_name": "Colle di Caprauna", "country": "IT", "region": "Liguria", "side": "from Ormea", "category": "2", "length_km": 4.4, "elevation_gain_m": 310, "avg_grade_pct": 7.1, "max_grade_pct": 13.0, "summit_elevation_m": 1376, "summit_lat": 44.10816, "summit_lon": 7.92972, "start_lat": 44.12237, "start_lon": 7.90334, "wikidata_id": "Q3682799", "cycletrip_url": "https://cycletrip.pro/climbs/colle-di-caprauna"}}, {"type": "Feature", "geometry": {"type": "Point", "coordinates": [-4.9832, 43.2764]}, "properties": {"climb_slug": "lacs-de-covadonga", "climb_name": "Lagos de Covadonga", "country": "ES", "region": "Asturias", "side": "from Cuadonga / Covadonga", "category": "1", "length_km": 12.1, "elevation_gain_m": 833, "avg_grade_pct": 6.9, "max_grade_pct": 15.4, "summit_elevation_m": "", "summit_lat": 43.2764, "summit_lon": -4.9832, "start_lat": 43.30744, "start_lon": -5.05048, "wikidata_id": "", "cycletrip_url": "https://cycletrip.pro/climbs/lacs-de-covadonga"}}, {"type": "Feature", "geometry": {"type": "Point", "coordinates": [-17.18026, 28.09868]}, "properties": {"climb_slug": "degollada-de-peraza", "climb_name": "Degollada de Peraza", "country": "ES", "region": "Canary Islands", "side": "from San Sebastián de la Gomera", "category": "1", "length_km": 14.5, "elevation_gain_m": 917, "avg_grade_pct": 6.3, "max_grade_pct": 12.2, "summit_elevation_m": 931, "summit_lat": 28.09868, "summit_lon": -17.18026, "start_lat": 28.09131, "start_lon": -17.11362, "wikidata_id": "", "cycletrip_url": "https://cycletrip.pro/climbs/degollada-de-peraza"}}, {"type": "Feature", "geometry": {"type": "Point", "coordinates": [-0.4184485, 42.8059002]}, "properties": {"climb_slug": "col-du-pourtalet", "climb_name": "Col du Pourtalet", "country": "FR", "region": "Pyrenees", "side": "from Biescas", "category": "2", "length_km": 28.4, "elevation_gain_m": 933, "avg_grade_pct": 3.3, "max_grade_pct": 19.1, "summit_elevation_m": 1794, "summit_lat": 42.8059, "summit_lon": -0.41845, "start_lat": 42.61732, "start_lon": -0.32752, "wikidata_id": "Q2641320", "cycletrip_url": "https://cycletrip.pro/climbs/col-du-pourtalet"}}, {"type": "Feature", "geometry": {"type": "Point", "coordinates": [-0.4184485, 42.8059002]}, "properties": {"climb_slug": "col-du-pourtalet", "climb_name": "Col du Pourtalet", "country": "FR", "region": "Pyrenees", "side": "from Laruns", "category": "1", "length_km": 28.4, "elevation_gain_m": 1278, "avg_grade_pct": 4.5, "max_grade_pct": 16.3, "summit_elevation_m": 1794, "summit_lat": 42.8059, "summit_lon": -0.41845, "start_lat": 42.9809, "start_lon": -0.42081, "wikidata_id": "Q2641320", "cycletrip_url": "https://cycletrip.pro/climbs/col-du-pourtalet"}}, {"type": "Feature", "geometry": {"type": "Point", "coordinates": [6.4060163, 45.8775759]}, "properties": {"climb_slug": "col-de-la-croix-fry", "climb_name": "Col de la Croix Fry", "country": "FR", "region": "French Alps", "side": "from La Clusaz", "category": "2", "length_km": 7.3, "elevation_gain_m": 434, "avg_grade_pct": 6.0, "max_grade_pct": 12.0, "summit_elevation_m": 1467, "summit_lat": 45.87758, "summit_lon": 6.40602, "start_lat": 45.90602, "start_lon": 6.42196, "wikidata_id": "Q2982162", "cycletrip_url": "https://cycletrip.pro/climbs/col-de-la-croix-fry"}}, {"type": "Feature", "geometry": {"type": "Point", "coordinates": [6.4060163, 45.8775759]}, "properties": {"climb_slug": "col-de-la-croix-fry", "climb_name": "Col de la Croix Fry", "country": "FR", "region": "French Alps", "side": "from Thônes", "category": "1", "length_km": 11.7, "elevation_gain_m": 817, "avg_grade_pct": 7.0, "max_grade_pct": 12.0, "summit_elevation_m": 1467, "summit_lat": 45.87758, "summit_lon": 6.40602, "start_lat": 45.86956, "start_lon": 6.32419, "wikidata_id": "Q2982162", "cycletrip_url": "https://cycletrip.pro/climbs/col-de-la-croix-fry"}}, {"type": "Feature", "geometry": {"type": "Point", "coordinates": [-7.293671596285447, 42.274634937898924]}, "properties": {"climb_slug": "estacion-de-montana-de-manzaneda", "climb_name": "Estacion de Montaña de Manzaneda", "country": "ES", "region": "Galicia", "side": "from Manzaneda", "category": "1", "length_km": 13.5, "elevation_gain_m": 875, "avg_grade_pct": 6.5, "max_grade_pct": 13.4, "summit_elevation_m": 1490, "summit_lat": 42.27463, "summit_lon": -7.29367, "start_lat": 42.31113, "start_lon": -7.24031, "wikidata_id": "", "cycletrip_url": "https://cycletrip.pro/climbs/estacion-de-montana-de-manzaneda"}}, {"type": "Feature", "geometry": {"type": "Point", "coordinates": [-7.293671596285447, 42.274634937898924]}, "properties": {"climb_slug": "estacion-de-montana-de-manzaneda", "climb_name": "Estacion de Montaña de Manzaneda", "country": "ES", "region": "Galicia", "side": "from O Chao", "category": "2", "length_km": 10.0, "elevation_gain_m": 498, "avg_grade_pct": 5.0, "max_grade_pct": 9.9, "summit_elevation_m": 1490, "summit_lat": 42.27463, "summit_lon": -7.29367, "start_lat": 42.29077, "start_lon": -7.3455, "wikidata_id": "", "cycletrip_url": "https://cycletrip.pro/climbs/estacion-de-montana-de-manzaneda"}}, {"type": "Feature", "geometry": {"type": "Point", "coordinates": [0.3809508, 42.7918785]}, "properties": {"climb_slug": "col-d-azet", "climb_name": "Col d'Azet", "country": "FR", "region": "Pyrenees", "side": "from Bourisp", "category": "1", "length_km": 10.7, "elevation_gain_m": 776, "avg_grade_pct": 7.3, "max_grade_pct": 14.2, "summit_elevation_m": 1580, "summit_lat": 42.79188, "summit_lon": 0.38095, "start_lat": 42.82754, "start_lon": 0.33483, "wikidata_id": "Q2981982", "cycletrip_url": "https://cycletrip.pro/climbs/col-d-azet"}}, {"type": "Feature", "geometry": {"type": "Point", "coordinates": [9.2249566, 41.7958688]}, "properties": {"climb_slug": "col-de-bavella", "climb_name": "Col de Bavella", "country": "FR", "region": "Corsica", "side": "from Quenza", "category": "1", "length_km": 8.9, "elevation_gain_m": 715, "avg_grade_pct": 8.0, "max_grade_pct": 15.1, "summit_elevation_m": 1218, "summit_lat": 41.79587, "summit_lon": 9.22496, "start_lat": 41.82022, "start_lon": 9.25885, "wikidata_id": "Q1107323", "cycletrip_url": "https://cycletrip.pro/climbs/col-de-bavella"}}, {"type": "Feature", "geometry": {"type": "Point", "coordinates": [9.2249566, 41.7958688]}, "properties": {"climb_slug": "col-de-bavella", "climb_name": "Col de Bavella", "country": "FR", "region": "Corsica", "side": "from Zonza", "category": "2", "length_km": 8.8, "elevation_gain_m": 444, "avg_grade_pct": 5.0, "max_grade_pct": 10.3, "summit_elevation_m": 1218, "summit_lat": 41.79587, "summit_lon": 9.22496, "start_lat": 41.75094, "start_lon": 9.17182, "wikidata_id": "Q1107323", "cycletrip_url": "https://cycletrip.pro/climbs/col-de-bavella"}}, {"type": "Feature", "geometry": {"type": "Point", "coordinates": [9.4456009, 44.4380631]}, "properties": {"climb_slug": "passo-dei-ghiffi", "climb_name": "Passo dei Ghiffi", "country": "IT", "region": "Liguria", "side": "from Borzonasca", "category": "1", "length_km": 14.3, "elevation_gain_m": 895, "avg_grade_pct": 6.3, "max_grade_pct": 15.2, "summit_elevation_m": 1067, "summit_lat": 44.43806, "summit_lon": 9.4456, "start_lat": 44.42014, "start_lon": 9.3896, "wikidata_id": "Q41248266", "cycletrip_url": "https://cycletrip.pro/climbs/passo-dei-ghiffi"}}, {"type": "Feature", "geometry": {"type": "Point", "coordinates": [9.4456009, 44.4380631]}, "properties": {"climb_slug": "passo-dei-ghiffi", "climb_name": "Passo dei Ghiffi", "country": "IT", "region": "Liguria", "side": "from Morgallo", "category": "3", "length_km": 4.9, "elevation_gain_m": 299, "avg_grade_pct": 6.1, "max_grade_pct": 14.2, "summit_elevation_m": 1067, "summit_lat": 44.43806, "summit_lon": 9.4456, "start_lat": 44.44118, "start_lon": 9.48348, "wikidata_id": "Q41248266", "cycletrip_url": "https://cycletrip.pro/climbs/passo-dei-ghiffi"}}, {"type": "Feature", "geometry": {"type": "Point", "coordinates": [-0.058821, 42.8850872]}, "properties": {"climb_slug": "luz-ardiden", "climb_name": "Luz-Ardiden", "country": "FR", "region": "Pyrenees", "side": "from Villelongue", "category": "1", "length_km": 24.6, "elevation_gain_m": 1187, "avg_grade_pct": 4.8, "max_grade_pct": 13.7, "summit_elevation_m": "", "summit_lat": 42.88509, "summit_lon": -0.05882, "start_lat": 42.94845, "start_lon": -0.06129, "wikidata_id": "", "cycletrip_url": "https://cycletrip.pro/climbs/luz-ardiden"}}, {"type": "Feature", "geometry": {"type": "Point", "coordinates": [7.1026303, 46.3989758]}, "properties": {"climb_slug": "col-des-mosses", "climb_name": "Col des Mosses", "country": "IT", "region": null, "side": "from Aigle", "category": "1", "length_km": 18.7, "elevation_gain_m": 1026, "avg_grade_pct": 5.5, "max_grade_pct": 13.4, "summit_elevation_m": 1445, "summit_lat": 46.39898, "summit_lon": 7.10263, "start_lat": 46.3189, "start_lon": 6.97051, "wikidata_id": "Q636165", "cycletrip_url": "https://cycletrip.pro/climbs/col-des-mosses"}}, {"type": "Feature", "geometry": {"type": "Point", "coordinates": [7.1026303, 46.3989758]}, "properties": {"climb_slug": "col-des-mosses", "climb_name": "Col des Mosses", "country": "IT", "region": null, "side": "from Les Moulins", "category": "2", "length_km": 13.3, "elevation_gain_m": 544, "avg_grade_pct": 4.1, "max_grade_pct": 11.7, "summit_elevation_m": 1445, "summit_lat": 46.39898, "summit_lon": 7.10263, "start_lat": 46.46607, "start_lon": 7.12588, "wikidata_id": "Q636165", "cycletrip_url": "https://cycletrip.pro/climbs/col-des-mosses"}}, {"type": "Feature", "geometry": {"type": "Point", "coordinates": [11.6016534, 43.7829527]}, "properties": {"climb_slug": "passo-della-consuma", "climb_name": "Passo della Consuma", "country": "IT", "region": "Tuscany", "side": "from Le Palaie", "category": "1", "length_km": 15.2, "elevation_gain_m": 925, "avg_grade_pct": 6.1, "max_grade_pct": 11.6, "summit_elevation_m": 1055, "summit_lat": 43.78295, "summit_lon": 11.60165, "start_lat": 43.77254, "start_lon": 11.45638, "wikidata_id": "Q3897386", "cycletrip_url": "https://cycletrip.pro/climbs/passo-della-consuma"}}, {"type": "Feature", "geometry": {"type": "Point", "coordinates": [11.6016534, 43.7829527]}, "properties": {"climb_slug": "passo-della-consuma", "climb_name": "Passo della Consuma", "country": "IT", "region": "Tuscany", "side": "from Ponte a Poppi", "category": "2", "length_km": 17.1, "elevation_gain_m": 703, "avg_grade_pct": 4.1, "max_grade_pct": 11.1, "summit_elevation_m": 1055, "summit_lat": 43.78295, "summit_lon": 11.60165, "start_lat": 43.73808, "start_lon": 11.74974, "wikidata_id": "Q3897386", "cycletrip_url": "https://cycletrip.pro/climbs/passo-della-consuma"}}, {"type": "Feature", "geometry": {"type": "Point", "coordinates": [11.6089903, 46.4042798]}, "properties": {"climb_slug": "passo-di-costalunga-karerpass", "climb_name": "Passo di Costalunga - Karerpass", "country": "IT", "region": "Dolomites", "side": "from Gummer - San Valentino in Campo", "category": "1", "length_km": 15.7, "elevation_gain_m": 937, "avg_grade_pct": 6.0, "max_grade_pct": 13.5, "summit_elevation_m": 1745, "summit_lat": 46.40428, "summit_lon": 11.60899, "start_lat": 46.43719, "start_lon": 11.46753, "wikidata_id": "Q361615", "cycletrip_url": "https://cycletrip.pro/climbs/passo-di-costalunga-karerpass"}}, {"type": "Feature", "geometry": {"type": "Point", "coordinates": [11.6089903, 46.4042798]}, "properties": {"climb_slug": "passo-di-costalunga-karerpass", "climb_name": "Passo di Costalunga - Karerpass", "country": "IT", "region": "Dolomites", "side": "from Pera", "category": "3", "length_km": 10.5, "elevation_gain_m": 443, "avg_grade_pct": 4.2, "max_grade_pct": 12.9, "summit_elevation_m": 1745, "summit_lat": 46.40428, "summit_lon": 11.60899, "start_lat": 46.42895, "start_lon": 11.68517, "wikidata_id": "Q361615", "cycletrip_url": "https://cycletrip.pro/climbs/passo-di-costalunga-karerpass"}}, {"type": "Feature", "geometry": {"type": "Point", "coordinates": [10.207859, 46.496356]}, "properties": {"climb_slug": "passo-foscagno", "climb_name": "Passo Foscagno", "country": "IT", "region": "Lombardy", "side": "from Semogo", "category": "1", "length_km": 15.1, "elevation_gain_m": 926, "avg_grade_pct": 6.1, "max_grade_pct": 13.3, "summit_elevation_m": 2291, "summit_lat": 46.49636, "summit_lon": 10.20786, "start_lat": 46.48901, "start_lon": 10.29563, "wikidata_id": "Q1502214", "cycletrip_url": "https://cycletrip.pro/climbs/passo-foscagno"}}, {"type": "Feature", "geometry": {"type": "Point", "coordinates": [10.207859, 46.496356]}, "properties": {"climb_slug": "passo-foscagno", "climb_name": "Passo Foscagno", "country": "IT", "region": "Lombardy", "side": "from Trepalle", "category": "3", "length_km": 3.8, "elevation_gain_m": 255, "avg_grade_pct": 6.7, "max_grade_pct": 8.9, "summit_elevation_m": 2291, "summit_lat": 46.49636, "summit_lon": 10.20786, "start_lat": 46.51726, "start_lon": 10.18198, "wikidata_id": "Q1502214", "cycletrip_url": "https://cycletrip.pro/climbs/passo-foscagno"}}, {"type": "Feature", "geometry": {"type": "Point", "coordinates": [7.2213726, 44.0709578]}, "properties": {"climb_slug": "col-saint-martin", "climb_name": "Col Saint-Martin", "country": "FR", "region": "French Alps", "side": "from Clans", "category": "1", "length_km": 26.5, "elevation_gain_m": 1220, "avg_grade_pct": 4.6, "max_grade_pct": 16.9, "summit_elevation_m": 1500, "summit_lat": 44.07096, "summit_lon": 7.22137, "start_lat": 43.97333, "start_lon": 7.14109, "wikidata_id": "Q2981961", "cycletrip_url": "https://cycletrip.pro/climbs/col-saint-martin"}}, {"type": "Feature", "geometry": {"type": "Point", "coordinates": [7.2213726, 44.0709578]}, "properties": {"climb_slug": "col-saint-martin", "climb_name": "Col Saint-Martin", "country": "FR", "region": "French Alps", "side": "from Roquebillière", "category": "1", "length_km": 16.8, "elevation_gain_m": 926, "avg_grade_pct": 5.5, "max_grade_pct": 15.7, "summit_elevation_m": 1500, "summit_lat": 44.07096, "summit_lon": 7.22137, "start_lat": 44.01935, "start_lon": 7.31097, "wikidata_id": "Q2981961", "cycletrip_url": "https://cycletrip.pro/climbs/col-saint-martin"}}, {"type": "Feature", "geometry": {"type": "Point", "coordinates": [6.2481105, 45.4899281]}, "properties": {"climb_slug": "col-du-grand-cucheron", "climb_name": "Col du Grand Cucheron", "country": "FR", "region": "French Alps", "side": "from Détrier", "category": "1", "length_km": 19.5, "elevation_gain_m": 864, "avg_grade_pct": 4.4, "max_grade_pct": 16.2, "summit_elevation_m": 1183, "summit_lat": 45.48993, "summit_lon": 6.24811, "start_lat": 45.45257, "start_lon": 6.10308, "wikidata_id": "Q2982283", "cycletrip_url": "https://cycletrip.pro/climbs/col-du-grand-cucheron"}}, {"type": "Feature", "geometry": {"type": "Point", "coordinates": [6.2481105, 45.4899281]}, "properties": {"climb_slug": "col-du-grand-cucheron", "climb_name": "Col du Grand Cucheron", "country": "FR", "region": "French Alps", "side": "from Saint-Pierre-de-Belleville", "category": "1", "length_km": 12.8, "elevation_gain_m": 848, "avg_grade_pct": 6.6, "max_grade_pct": 12.8, "summit_elevation_m": 1183, "summit_lat": 45.48993, "summit_lon": 6.24811, "start_lat": 45.46717, "start_lon": 6.28665, "wikidata_id": "Q2982283", "cycletrip_url": "https://cycletrip.pro/climbs/col-du-grand-cucheron"}}, {"type": "Feature", "geometry": {"type": "Point", "coordinates": [0.9824531, 42.6635129]}, "properties": {"climb_slug": "port-de-la-bonaigua", "climb_name": "Port de la Bonaigua", "country": "ES", "region": "Southern Pyrenees", "side": "from Baqueira", "category": "1", "length_km": 9.8, "elevation_gain_m": 622, "avg_grade_pct": 6.4, "max_grade_pct": 9.6, "summit_elevation_m": 2075, "summit_lat": 42.66351, "summit_lon": 0.98245, "start_lat": 42.70079, "start_lon": 0.92772, "wikidata_id": "Q1571977", "cycletrip_url": "https://cycletrip.pro/climbs/port-de-la-bonaigua"}}, {"type": "Feature", "geometry": {"type": "Point", "coordinates": [0.9824531, 42.6635129]}, "properties": {"climb_slug": "port-de-la-bonaigua", "climb_name": "Port de la Bonaigua", "country": "ES", "region": "Southern Pyrenees", "side": "from la Guingueta d'Àneu", "category": "1", "length_km": 26.3, "elevation_gain_m": 1199, "avg_grade_pct": 4.6, "max_grade_pct": 12.5, "summit_elevation_m": 2075, "summit_lat": 42.66351, "summit_lon": 0.98245, "start_lat": 42.55449, "start_lon": 1.15155, "wikidata_id": "Q1571977", "cycletrip_url": "https://cycletrip.pro/climbs/port-de-la-bonaigua"}}, {"type": "Feature", "geometry": {"type": "Point", "coordinates": [13.8157757, 41.7517582]}, "properties": {"climb_slug": "forca-d-acero", "climb_name": "Forca d'Acero", "country": "IT", "region": "Central Apennines", "side": "from Carnello", "category": "1", "length_km": 28.7, "elevation_gain_m": 1252, "avg_grade_pct": 4.4, "max_grade_pct": 11.9, "summit_elevation_m": 1538, "summit_lat": 41.75176, "summit_lon": 13.81578, "start_lat": 41.72255, "start_lon": 13.62178, "wikidata_id": "Q3747928", "cycletrip_url": "https://cycletrip.pro/climbs/forca-d-acero"}}, {"type": "Feature", "geometry": {"type": "Point", "coordinates": [13.8157757, 41.7517582]}, "properties": {"climb_slug": "forca-d-acero", "climb_name": "Forca d'Acero", "country": "IT", "region": "Central Apennines", "side": "from Opi", "category": "3", "length_km": 9.5, "elevation_gain_m": 396, "avg_grade_pct": 4.2, "max_grade_pct": 12.2, "summit_elevation_m": 1538, "summit_lat": 41.75176, "summit_lon": 13.81578, "start_lat": 41.77514, "start_lon": 13.82901, "wikidata_id": "Q3747928", "cycletrip_url": "https://cycletrip.pro/climbs/forca-d-acero"}}, {"type": "Feature", "geometry": {"type": "Point", "coordinates": [6.9772582, 46.4515055]}, "properties": {"climb_slug": "col-de-jaman", "climb_name": "Col de Jaman", "country": "IT", "region": null, "side": "from Les Avants", "category": "1", "length_km": 4.5, "elevation_gain_m": 498, "avg_grade_pct": 11.1, "max_grade_pct": 18.6, "summit_elevation_m": 1512, "summit_lat": 46.45151, "summit_lon": 6.97726, "start_lat": 46.45322, "start_lon": 6.94759, "wikidata_id": "Q5141841", "cycletrip_url": "https://cycletrip.pro/climbs/col-de-jaman"}}, {"type": "Feature", "geometry": {"type": "Point", "coordinates": [9.6958071, 46.3999357]}, "properties": {"climb_slug": "malojapass", "climb_name": "Malojapass", "country": "IT", "region": null, "side": "from Bondo", "category": "1", "length_km": 18.3, "elevation_gain_m": 1006, "avg_grade_pct": 5.5, "max_grade_pct": 24.3, "summit_elevation_m": 1815, "summit_lat": 46.39994, "summit_lon": 9.69581, "start_lat": 46.33706, "start_lon": 9.55298, "wikidata_id": "Q664978", "cycletrip_url": "https://cycletrip.pro/climbs/malojapass"}}, {"type": "Feature", "geometry": {"type": "Point", "coordinates": [7.12603, 47.9806263]}, "properties": {"climb_slug": "petit-ballon", "climb_name": "Petit Ballon", "country": "FR", "region": "Vosges", "side": "from Luttenbach-près-Munster", "category": "1", "length_km": 9.8, "elevation_gain_m": 737, "avg_grade_pct": 7.5, "max_grade_pct": 13.1, "summit_elevation_m": "", "summit_lat": 47.98063, "summit_lon": 7.12603, "start_lat": 48.03277, "start_lon": 7.11945, "wikidata_id": "", "cycletrip_url": "https://cycletrip.pro/climbs/petit-ballon"}}, {"type": "Feature", "geometry": {"type": "Point", "coordinates": [7.12603, 47.9806263]}, "properties": {"climb_slug": "petit-ballon", "climb_name": "Petit Ballon", "country": "FR", "region": "Vosges", "side": "from Sondernach", "category": "2", "length_km": 9.6, "elevation_gain_m": 549, "avg_grade_pct": 5.7, "max_grade_pct": 11.8, "summit_elevation_m": "", "summit_lat": 47.98063, "summit_lon": 7.12603, "start_lat": 47.98958, "start_lon": 7.06945, "wikidata_id": "", "cycletrip_url": "https://cycletrip.pro/climbs/petit-ballon"}}, {"type": "Feature", "geometry": {"type": "Point", "coordinates": [-0.17705, 38.83042]}, "properties": {"climb_slug": "el-miserat", "climb_name": "El Miserat", "country": "ES", "region": "Costa Blanca", "side": "from Pego", "category": "1", "length_km": 8.0, "elevation_gain_m": 661, "avg_grade_pct": 8.3, "max_grade_pct": 17.6, "summit_elevation_m": 757, "summit_lat": 38.83042, "summit_lon": -0.17705, "start_lat": 38.84373, "start_lon": -0.11799, "wikidata_id": "", "cycletrip_url": "https://cycletrip.pro/climbs/el-miserat"}}, {"type": "Feature", "geometry": {"type": "Point", "coordinates": [6.5745849, 46.0300458]}, "properties": {"climb_slug": "col-de-romme", "climb_name": "Col de Romme", "country": "FR", "region": "French Alps", "side": "from Le Reposoir", "category": "3", "length_km": 6.3, "elevation_gain_m": 321, "avg_grade_pct": 5.1, "max_grade_pct": 12.9, "summit_elevation_m": 1297, "summit_lat": 46.03005, "summit_lon": 6.57458, "start_lat": 46.01243, "start_lon": 6.53847, "wikidata_id": "Q2746513", "cycletrip_url": "https://cycletrip.pro/climbs/col-de-romme"}}, {"type": "Feature", "geometry": {"type": "Point", "coordinates": [6.5745849, 46.0300458]}, "properties": {"climb_slug": "col-de-romme", "climb_name": "Col de Romme", "country": "FR", "region": "French Alps", "side": "from Nancy-sur-Cluses", "category": "1", "length_km": 6.6, "elevation_gain_m": 597, "avg_grade_pct": 9.1, "max_grade_pct": 17.2, "summit_elevation_m": 1297, "summit_lat": 46.03005, "summit_lon": 6.57458, "start_lat": 46.05295, "start_lon": 6.57311, "wikidata_id": "Q2746513", "cycletrip_url": "https://cycletrip.pro/climbs/col-de-romme"}}, {"type": "Feature", "geometry": {"type": "Point", "coordinates": [10.4101045, 45.8226344]}, "properties": {"climb_slug": "giogo-del-maniva", "climb_name": "Giogo del Maniva", "country": "IT", "region": "Lake Garda", "side": "from Tavernole sul Mella", "category": "1", "length_km": 23.7, "elevation_gain_m": 1140, "avg_grade_pct": 4.8, "max_grade_pct": 15.6, "summit_elevation_m": 1664, "summit_lat": 45.82263, "summit_lon": 10.4101, "start_lat": 45.75206, "start_lon": 10.24206, "wikidata_id": "Q2108573", "cycletrip_url": "https://cycletrip.pro/climbs/giogo-del-maniva"}}, {"type": "Feature", "geometry": {"type": "Point", "coordinates": [10.2921702, 46.639767]}, "properties": {"climb_slug": "pass-dal-fuorn", "climb_name": "Pass dal Fuorn", "country": "IT", "region": null, "side": "from Laatsch - Laudes", "category": "1", "length_km": 25.8, "elevation_gain_m": 1193, "avg_grade_pct": 4.6, "max_grade_pct": 12.7, "summit_elevation_m": 2150, "summit_lat": 46.63977, "summit_lon": 10.29217, "start_lat": 46.66751, "start_lon": 10.52576, "wikidata_id": "Q662646", "cycletrip_url": "https://cycletrip.pro/climbs/pass-dal-fuorn"}}, {"type": "Feature", "geometry": {"type": "Point", "coordinates": [10.2921702, 46.639767]}, "properties": {"climb_slug": "pass-dal-fuorn", "climb_name": "Pass dal Fuorn", "country": "IT", "region": null, "side": "from Zernez", "category": "3", "length_km": 10.0, "elevation_gain_m": 431, "avg_grade_pct": 4.3, "max_grade_pct": 16.1, "summit_elevation_m": 2150, "summit_lat": 46.63977, "summit_lon": 10.29217, "start_lat": 46.65306, "start_lon": 10.18376, "wikidata_id": "Q662646", "cycletrip_url": "https://cycletrip.pro/climbs/pass-dal-fuorn"}}, {"type": "Feature", "geometry": {"type": "Point", "coordinates": [12.1045012, 46.4207005]}, "properties": {"climb_slug": "passo-staulanza", "climb_name": "Passo Staulanza", "country": "IT", "region": "Dolomites", "side": "from Dozza", "category": "1", "length_km": 16.8, "elevation_gain_m": 963, "avg_grade_pct": 5.7, "max_grade_pct": 13.9, "summit_elevation_m": 1766, "summit_lat": 46.4207, "summit_lon": 12.1045, "start_lat": 46.34581, "start_lon": 12.19339, "wikidata_id": "Q1433749", "cycletrip_url": "https://cycletrip.pro/climbs/passo-staulanza"}}, {"type": "Feature", "geometry": {"type": "Point", "coordinates": [12.1045012, 46.4207005]}, "properties": {"climb_slug": "passo-staulanza", "climb_name": "Passo Staulanza", "country": "IT", "region": "Dolomites", "side": "from Selva di Cadore", "category": "2", "length_km": 9.5, "elevation_gain_m": 459, "avg_grade_pct": 4.8, "max_grade_pct": 10.2, "summit_elevation_m": 1766, "summit_lat": 46.4207, "summit_lon": 12.1045, "start_lat": 46.45408, "start_lon": 12.03294, "wikidata_id": "Q1433749", "cycletrip_url": "https://cycletrip.pro/climbs/passo-staulanza"}}, {"type": "Feature", "geometry": {"type": "Point", "coordinates": [6.2201426, 44.6010559]}, "properties": {"climb_slug": "col-de-moissi-re", "climb_name": "Col de Moissière", "country": "FR", "region": "French Alps", "side": "from Les Cesaris", "category": "1", "length_km": 9.6, "elevation_gain_m": 716, "avg_grade_pct": 7.5, "max_grade_pct": 14.8, "summit_elevation_m": 1573, "summit_lat": 44.60106, "summit_lon": 6.22014, "start_lat": 44.56469, "start_lon": 6.19897, "wikidata_id": "Q2982084", "cycletrip_url": "https://cycletrip.pro/climbs/col-de-moissi-re"}}, {"type": "Feature", "geometry": {"type": "Point", "coordinates": [6.2201426, 44.6010559]}, "properties": {"climb_slug": "col-de-moissi-re", "climb_name": "Col de Moissière", "country": "FR", "region": "French Alps", "side": "from Saint-Léger-les-Mélèzes", "category": "3", "length_km": 8.9, "elevation_gain_m": 323, "avg_grade_pct": 3.6, "max_grade_pct": 9.7, "summit_elevation_m": 1573, "summit_lat": 44.60106, "summit_lon": 6.22014, "start_lat": 44.64455, "start_lon": 6.20027, "wikidata_id": "Q2982084", "cycletrip_url": "https://cycletrip.pro/climbs/col-de-moissi-re"}}, {"type": "Feature", "geometry": {"type": "Point", "coordinates": [11.9054202, 46.1930477]}, "properties": {"climb_slug": "passo-cereda", "climb_name": "Passo Cereda", "country": "IT", "region": "Dolomites", "side": "from Primiero San Martino di Castrozza", "category": "1", "length_km": 8.0, "elevation_gain_m": 655, "avg_grade_pct": 8.2, "max_grade_pct": 16.1, "summit_elevation_m": 1369, "summit_lat": 46.19305, "summit_lon": 11.90542, "start_lat": 46.17897, "start_lon": 11.83248, "wikidata_id": "Q2056120", "cycletrip_url": "https://cycletrip.pro/climbs/passo-cereda"}}, {"type": "Feature", "geometry": {"type": "Point", "coordinates": [11.9054202, 46.1930477]}, "properties": {"climb_slug": "passo-cereda", "climb_name": "Passo Cereda", "country": "IT", "region": "Dolomites", "side": "from Sagron", "category": "3", "length_km": 3.5, "elevation_gain_m": 261, "avg_grade_pct": 7.5, "max_grade_pct": 13.1, "summit_elevation_m": 1369, "summit_lat": 46.19305, "summit_lon": 11.90542, "start_lat": 46.20615, "start_lon": 11.92749, "wikidata_id": "Q2056120", "cycletrip_url": "https://cycletrip.pro/climbs/passo-cereda"}}, {"type": "Feature", "geometry": {"type": "Point", "coordinates": [13.1709748, 46.5659799]}, "properties": {"climb_slug": "passo-del-cason-di-lanza-lanzenpass-pas-di-lance", "climb_name": "Passo del Cason di Lanza / Lanzenpass / Pas di Lance", "country": "IT", "region": "Friuli", "side": "from Moggio Udinese / Mueç", "category": "3", "length_km": 2.2, "elevation_gain_m": 145, "avg_grade_pct": 6.6, "max_grade_pct": 11.7, "summit_elevation_m": 1555, "summit_lat": 46.56598, "summit_lon": 13.17097, "start_lat": 46.55408, "start_lon": 13.19145, "wikidata_id": "Q3897364", "cycletrip_url": "https://cycletrip.pro/climbs/passo-del-cason-di-lanza-lanzenpass-pas-di-lance"}}, {"type": "Feature", "geometry": {"type": "Point", "coordinates": [13.1709748, 46.5659799]}, "properties": {"climb_slug": "passo-del-cason-di-lanza-lanzenpass-pas-di-lance", "climb_name": "Passo del Cason di Lanza / Lanzenpass / Pas di Lance", "country": "IT", "region": "Friuli", "side": "from Rio / Rù", "category": "1", "length_km": 6.2, "elevation_gain_m": 574, "avg_grade_pct": 9.3, "max_grade_pct": 18.3, "summit_elevation_m": 1555, "summit_lat": 46.56598, "summit_lon": 13.17097, "start_lat": 46.57709, "start_lon": 13.11387, "wikidata_id": "Q3897364", "cycletrip_url": "https://cycletrip.pro/climbs/passo-del-cason-di-lanza-lanzenpass-pas-di-lance"}}, {"type": "Feature", "geometry": {"type": "Point", "coordinates": [-1.0620644, 43.1024811]}, "properties": {"climb_slug": "col-d-aphanitze", "climb_name": "Col d'Aphanitze", "country": "FR", "region": "Pyrenees", "side": "from Iholdy", "category": "1", "length_km": 11.2, "elevation_gain_m": 775, "avg_grade_pct": 6.9, "max_grade_pct": 13.6, "summit_elevation_m": 1044, "summit_lat": 43.10248, "summit_lon": -1.06206, "start_lat": 43.13075, "start_lon": -1.13927, "wikidata_id": "Q2981979", "cycletrip_url": "https://cycletrip.pro/climbs/col-d-aphanitze"}}, {"type": "Feature", "geometry": {"type": "Point", "coordinates": [-1.0620644, 43.1024811]}, "properties": {"climb_slug": "col-d-aphanitze", "climb_name": "Col d'Aphanitze", "country": "FR", "region": "Pyrenees", "side": "from Menditte", "category": "1", "length_km": 15.7, "elevation_gain_m": 800, "avg_grade_pct": 5.1, "max_grade_pct": 15.7, "summit_elevation_m": 1044, "summit_lat": 43.10248, "summit_lon": -1.06206, "start_lat": 43.09323, "start_lon": -0.91014, "wikidata_id": "Q2981979", "cycletrip_url": "https://cycletrip.pro/climbs/col-d-aphanitze"}}, {"type": "Feature", "geometry": {"type": "Point", "coordinates": [11.8143123, 46.6751109]}, "properties": {"climb_slug": "j-de-b-rz-w-rzjoch-passo-delle-erbe", "climb_name": "Jü de Börz - Würzjoch - Passo delle Erbe", "country": "IT", "region": "Dolomites", "side": "from Antermëia - Untermoi - Antermoia", "category": "1", "length_km": 6.3, "elevation_gain_m": 582, "avg_grade_pct": 9.2, "max_grade_pct": 13.8, "summit_elevation_m": 1987, "summit_lat": 46.67511, "summit_lon": 11.81431, "start_lat": 46.68742, "start_lon": 11.85538, "wikidata_id": "Q489301", "cycletrip_url": "https://cycletrip.pro/climbs/j-de-b-rz-w-rzjoch-passo-delle-erbe"}}, {"type": "Feature", "geometry": {"type": "Point", "coordinates": [11.8143123, 46.6751109]}, "properties": {"climb_slug": "j-de-b-rz-w-rzjoch-passo-delle-erbe", "climb_name": "Jü de Börz - Würzjoch - Passo delle Erbe", "country": "IT", "region": "Dolomites", "side": "from San Martin de Tor - San Martino in Badia - St. Martin in Thurn", "category": "3", "length_km": 3.1, "elevation_gain_m": 192, "avg_grade_pct": 6.2, "max_grade_pct": 10.4, "summit_elevation_m": 1987, "summit_lat": 46.67511, "summit_lon": 11.81431, "start_lat": 46.66423, "start_lon": 11.79538, "wikidata_id": "Q489301", "cycletrip_url": "https://cycletrip.pro/climbs/j-de-b-rz-w-rzjoch-passo-delle-erbe"}}, {"type": "Feature", "geometry": {"type": "Point", "coordinates": [7.0308508, 45.4171129]}, "properties": {"climb_slug": "col-de-l-iseran", "climb_name": "Col de l'Iseran", "country": "FR", "region": "French Alps", "side": "from Bessans", "category": "1", "length_km": 23.7, "elevation_gain_m": 1082, "avg_grade_pct": 4.6, "max_grade_pct": 13.7, "summit_elevation_m": 2764, "summit_lat": 45.41711, "summit_lon": 7.03085, "start_lat": 45.30653, "start_lon": 6.96716, "wikidata_id": "Q547474", "cycletrip_url": "https://cycletrip.pro/climbs/col-de-l-iseran"}}, {"type": "Feature", "geometry": {"type": "Point", "coordinates": [7.0308508, 45.4171129]}, "properties": {"climb_slug": "col-de-l-iseran", "climb_name": "Col de l'Iseran", "country": "FR", "region": "French Alps", "side": "from Val-d'Isère", "category": "1", "length_km": 16.4, "elevation_gain_m": 935, "avg_grade_pct": 5.7, "max_grade_pct": 12.1, "summit_elevation_m": 2764, "summit_lat": 45.41711, "summit_lon": 7.03085, "start_lat": 45.45012, "start_lon": 6.97752, "wikidata_id": "Q547474", "cycletrip_url": "https://cycletrip.pro/climbs/col-de-l-iseran"}}, {"type": "Feature", "geometry": {"type": "Point", "coordinates": [11.8002577, 46.3386138]}, "properties": {"climb_slug": "passo-valles", "climb_name": "Passo Valles", "country": "IT", "region": "Dolomites", "side": "from Falcade", "category": "1", "length_km": 7.2, "elevation_gain_m": 618, "avg_grade_pct": 8.6, "max_grade_pct": 14.7, "summit_elevation_m": 2032, "summit_lat": 46.33861, "summit_lon": 11.80026, "start_lat": 46.36061, "start_lon": 11.84408, "wikidata_id": "Q2509338", "cycletrip_url": "https://cycletrip.pro/climbs/passo-valles"}}, {"type": "Feature", "geometry": {"type": "Point", "coordinates": [11.8002577, 46.3386138]}, "properties": {"climb_slug": "passo-valles", "climb_name": "Passo Valles", "country": "IT", "region": "Dolomites", "side": "from San Martino di Castrozza", "category": "2", "length_km": 6.7, "elevation_gain_m": 465, "avg_grade_pct": 6.9, "max_grade_pct": 16.0, "summit_elevation_m": 2032, "summit_lat": 46.33861, "summit_lon": 11.80026, "start_lat": 46.3087, "start_lon": 11.75193, "wikidata_id": "Q2509338", "cycletrip_url": "https://cycletrip.pro/climbs/passo-valles"}}, {"type": "Feature", "geometry": {"type": "Point", "coordinates": [1.9932681, 42.3013794]}, "properties": {"climb_slug": "coll-de-la-creueta", "climb_name": "Coll de la Creueta", "country": "FR", "region": null, "side": "from la Pobla de Lillet", "category": "1", "length_km": 21.2, "elevation_gain_m": 1062, "avg_grade_pct": 5.0, "max_grade_pct": 12.7, "summit_elevation_m": 1921, "summit_lat": 42.30138, "summit_lon": 1.99327, "start_lat": 42.24527, "start_lon": 1.97943, "wikidata_id": "Q47165969", "cycletrip_url": "https://cycletrip.pro/climbs/coll-de-la-creueta"}}, {"type": "Feature", "geometry": {"type": "Point", "coordinates": [1.9932681, 42.3013794]}, "properties": {"climb_slug": "coll-de-la-creueta", "climb_name": "Coll de la Creueta", "country": "FR", "region": null, "side": "from Toses", "category": "3", "length_km": 2.6, "elevation_gain_m": 166, "avg_grade_pct": 6.4, "max_grade_pct": 11.6, "summit_elevation_m": 1921, "summit_lat": 42.30138, "summit_lon": 1.99327, "start_lat": 42.3089, "start_lon": 1.97512, "wikidata_id": "Q47165969", "cycletrip_url": "https://cycletrip.pro/climbs/coll-de-la-creueta"}}, {"type": "Feature", "geometry": {"type": "Point", "coordinates": [-0.66888, 38.53192]}, "properties": {"climb_slug": "portell-de-cati", "climb_name": "Portell de Catí", "country": "ES", "region": "Costa Blanca", "side": "from Castalla", "category": "1", "length_km": 3.8, "elevation_gain_m": 448, "avg_grade_pct": 11.8, "max_grade_pct": 18.8, "summit_elevation_m": 1097, "summit_lat": 38.53192, "summit_lon": -0.66888, "start_lat": 38.55817, "start_lon": -0.6617, "wikidata_id": "", "cycletrip_url": "https://cycletrip.pro/climbs/portell-de-cati"}}, {"type": "Feature", "geometry": {"type": "Point", "coordinates": [-0.66888, 38.53192]}, "properties": {"climb_slug": "portell-de-cati", "climb_name": "Portell de Catí", "country": "ES", "region": "Costa Blanca", "side": "from Petrer", "category": "2", "length_km": 14.3, "elevation_gain_m": 666, "avg_grade_pct": 4.7, "max_grade_pct": 14.1, "summit_elevation_m": 1097, "summit_lat": 38.53192, "summit_lon": -0.66888, "start_lat": 38.48934, "start_lon": -0.78353, "wikidata_id": "", "cycletrip_url": "https://cycletrip.pro/climbs/portell-de-cati"}}, {"type": "Feature", "geometry": {"type": "Point", "coordinates": [-0.2611338, 42.9606159]}, "properties": {"climb_slug": "col-du-soulor", "climb_name": "Col du Soulor", "country": "FR", "region": "Pyrenees", "side": "from Argelès-Gazost", "category": "1", "length_km": 20.3, "elevation_gain_m": 1037, "avg_grade_pct": 5.1, "max_grade_pct": 12.6, "summit_elevation_m": 1474, "summit_lat": 42.96062, "summit_lon": -0.26113, "start_lat": 43.01181, "start_lon": -0.09753, "wikidata_id": "Q1107511", "cycletrip_url": "https://cycletrip.pro/climbs/col-du-soulor"}}, {"type": "Feature", "geometry": {"type": "Point", "coordinates": [11.7673265, 46.5080689]}, "properties": {"climb_slug": "jouf-de-sela-passo-sella-sellajoch", "climb_name": "Jouf de Sela - Passo Sella - Sellajoch", "country": "IT", "region": "Dolomites", "side": "from Santa Cristina Gherdëina - St. Christina in Gröden - Santa Cristina Valgardena", "category": "1", "length_km": 13.3, "elevation_gain_m": 839, "avg_grade_pct": 6.3, "max_grade_pct": 14.0, "summit_elevation_m": 2240, "summit_lat": 46.50807, "summit_lon": 11.76733, "start_lat": 46.55625, "start_lon": 11.72507, "wikidata_id": "Q595382", "cycletrip_url": "https://cycletrip.pro/climbs/jouf-de-sela-passo-sella-sellajoch"}}, {"type": "Feature", "geometry": {"type": "Point", "coordinates": [11.7673265, 46.5080689]}, "properties": {"climb_slug": "jouf-de-sela-passo-sella-sellajoch", "climb_name": "Jouf de Sela - Passo Sella - Sellajoch", "country": "IT", "region": "Dolomites", "side": "from Soraga", "category": "1", "length_km": 25.9, "elevation_gain_m": 1023, "avg_grade_pct": 4.0, "max_grade_pct": 16.5, "summit_elevation_m": 2240, "summit_lat": 46.50807, "summit_lon": 11.76733, "start_lat": 46.39644, "start_lon": 11.66927, "wikidata_id": "Q595382", "cycletrip_url": "https://cycletrip.pro/climbs/jouf-de-sela-passo-sella-sellajoch"}}, {"type": "Feature", "geometry": {"type": "Point", "coordinates": [12.1099172, 46.0023281]}, "properties": {"climb_slug": "passo-del-praderadego", "climb_name": "Passo del Praderadego", "country": "IT", "region": "Veneto", "side": "from Borgo Valbelluna", "category": "1", "length_km": 4.4, "elevation_gain_m": 454, "avg_grade_pct": 10.3, "max_grade_pct": 16.7, "summit_elevation_m": 925, "summit_lat": 46.00233, "summit_lon": 12.10992, "start_lat": 46.03195, "start_lon": 12.10002, "wikidata_id": "Q3897438", "cycletrip_url": "https://cycletrip.pro/climbs/passo-del-praderadego"}}, {"type": "Feature", "geometry": {"type": "Point", "coordinates": [12.1099172, 46.0023281]}, "properties": {"climb_slug": "passo-del-praderadego", "climb_name": "Passo del Praderadego", "country": "IT", "region": "Veneto", "side": "from Cison di Valmarino", "category": "1", "length_km": 9.1, "elevation_gain_m": 692, "avg_grade_pct": 7.6, "max_grade_pct": 18.6, "summit_elevation_m": 925, "summit_lat": 46.00233, "summit_lon": 12.10992, "start_lat": 45.96583, "start_lon": 12.1365, "wikidata_id": "Q3897438", "cycletrip_url": "https://cycletrip.pro/climbs/passo-del-praderadego"}}, {"type": "Feature", "geometry": {"type": "Point", "coordinates": [6.0190475, 45.6475028]}, "properties": {"climb_slug": "col-de-plainpalais", "climb_name": "Col de Plainpalais", "country": "FR", "region": "French Alps", "side": "from La Ravoire", "category": "1", "length_km": 14.6, "elevation_gain_m": 875, "avg_grade_pct": 6.0, "max_grade_pct": 12.5, "summit_elevation_m": 1173, "summit_lat": 45.6475, "summit_lon": 6.01905, "start_lat": 45.57214, "start_lon": 5.95945, "wikidata_id": "Q48753957", "cycletrip_url": "https://cycletrip.pro/climbs/col-de-plainpalais"}}, {"type": "Feature", "geometry": {"type": "Point", "coordinates": [6.0190475, 45.6475028]}, "properties": {"climb_slug": "col-de-plainpalais", "climb_name": "Col de Plainpalais", "country": "FR", "region": "French Alps", "side": "from Lescheraines", "category": "2", "length_km": 12.5, "elevation_gain_m": 586, "avg_grade_pct": 4.7, "max_grade_pct": 9.9, "summit_elevation_m": 1173, "summit_lat": 45.6475, "summit_lon": 6.01905, "start_lat": 45.71394, "start_lon": 6.10554, "wikidata_id": "Q48753957", "cycletrip_url": "https://cycletrip.pro/climbs/col-de-plainpalais"}}, {"type": "Feature", "geometry": {"type": "Point", "coordinates": [0.7434238, 42.0520776]}, "properties": {"climb_slug": "coll-d-ares", "climb_name": "Coll d'Ares", "country": "ES", "region": "Southern Pyrenees", "side": "from Àger", "category": "1", "length_km": 14.6, "elevation_gain_m": 880, "avg_grade_pct": 6.0, "max_grade_pct": 12.1, "summit_elevation_m": 1493, "summit_lat": 42.05208, "summit_lon": 0.74342, "start_lat": 42.00222, "start_lon": 0.75925, "wikidata_id": "Q11914463", "cycletrip_url": "https://cycletrip.pro/climbs/coll-d-ares"}}, {"type": "Feature", "geometry": {"type": "Point", "coordinates": [0.7434238, 42.0520776]}, "properties": {"climb_slug": "coll-d-ares", "climb_name": "Coll d'Ares", "country": "ES", "region": "Southern Pyrenees", "side": "from Sant Esteve de la Sarga", "category": "2", "length_km": 13.7, "elevation_gain_m": 652, "avg_grade_pct": 4.8, "max_grade_pct": 10.9, "summit_elevation_m": 1493, "summit_lat": 42.05208, "summit_lon": 0.74342, "start_lat": 42.08229, "start_lon": 0.78097, "wikidata_id": "Q11914463", "cycletrip_url": "https://cycletrip.pro/climbs/coll-d-ares"}}, {"type": "Feature", "geometry": {"type": "Point", "coordinates": [6.9543826, 46.3643327]}, "properties": {"climb_slug": "les-agites", "climb_name": "Les Agites", "country": "IT", "region": null, "side": "from Corbeyrier", "category": "1", "length_km": 5.7, "elevation_gain_m": 548, "avg_grade_pct": 9.6, "max_grade_pct": 25.5, "summit_elevation_m": 1569, "summit_lat": 46.36433, "summit_lon": 6.95438, "start_lat": 46.34858, "start_lon": 6.96038, "wikidata_id": "Q457937", "cycletrip_url": "https://cycletrip.pro/climbs/les-agites"}}, {"type": "Feature", "geometry": {"type": "Point", "coordinates": [0.2364994, 42.8331096]}, "properties": {"climb_slug": "col-de-portet", "climb_name": "Col de Portet", "country": "FR", "region": "Pyrenees", "side": "from Saint-Lary-Soulan", "category": "1", "length_km": 8.0, "elevation_gain_m": 646, "avg_grade_pct": 8.1, "max_grade_pct": 12.3, "summit_elevation_m": 2215, "summit_lat": 42.83311, "summit_lon": 0.2365, "start_lat": 42.82608, "start_lon": 0.26386, "wikidata_id": "Q42178369", "cycletrip_url": "https://cycletrip.pro/climbs/col-de-portet"}}, {"type": "Feature", "geometry": {"type": "Point", "coordinates": [-3.654553, 43.1709821]}, "properties": {"climb_slug": "portillo-de-lunada", "climb_name": "Portillo de Lunada", "country": "ES", "region": "Cantabria", "side": "from La Concha", "category": "1", "length_km": 14.1, "elevation_gain_m": 858, "avg_grade_pct": 6.1, "max_grade_pct": 14.1, "summit_elevation_m": 1350, "summit_lat": 43.17098, "summit_lon": -3.65455, "start_lat": 43.22561, "start_lon": -3.70593, "wikidata_id": "Q6083188", "cycletrip_url": "https://cycletrip.pro/climbs/portillo-de-lunada"}}, {"type": "Feature", "geometry": {"type": "Point", "coordinates": [-3.654553, 43.1709821]}, "properties": {"climb_slug": "portillo-de-lunada", "climb_name": "Portillo de Lunada", "country": "ES", "region": "Cantabria", "side": "from Las Machorras", "category": "2", "length_km": 12.0, "elevation_gain_m": 539, "avg_grade_pct": 4.5, "max_grade_pct": 9.3, "summit_elevation_m": 1350, "summit_lat": 43.17098, "summit_lon": -3.65455, "start_lat": 43.11095, "start_lon": -3.57819, "wikidata_id": "Q6083188", "cycletrip_url": "https://cycletrip.pro/climbs/portillo-de-lunada"}}, {"type": "Feature", "geometry": {"type": "Point", "coordinates": [10.1873656, 45.7811966]}, "properties": {"climb_slug": "colle-di-san-zeno", "climb_name": "Colle di San Zeno", "country": "IT", "region": "Lombardy", "side": "from Pezzaze", "category": "1", "length_km": 10.1, "elevation_gain_m": 722, "avg_grade_pct": 7.2, "max_grade_pct": 16.2, "summit_elevation_m": 1418, "summit_lat": 45.7812, "summit_lon": 10.18737, "start_lat": 45.77699, "start_lon": 10.23873, "wikidata_id": "Q3682809", "cycletrip_url": "https://cycletrip.pro/climbs/colle-di-san-zeno"}}, {"type": "Feature", "geometry": {"type": "Point", "coordinates": [10.1873656, 45.7811966]}, "properties": {"climb_slug": "colle-di-san-zeno", "climb_name": "Colle di San Zeno", "country": "IT", "region": "Lombardy", "side": "from Pisogne", "category": "2", "length_km": 4.2, "elevation_gain_m": 333, "avg_grade_pct": 7.9, "max_grade_pct": 12.5, "summit_elevation_m": 1418, "summit_lat": 45.7812, "summit_lon": 10.18737, "start_lat": 45.79514, "start_lon": 10.17657, "wikidata_id": "Q3682809", "cycletrip_url": "https://cycletrip.pro/climbs/colle-di-san-zeno"}}, {"type": "Feature", "geometry": {"type": "Point", "coordinates": [11.3230942, 46.1359753]}, "properties": {"climb_slug": "passo-del-redebus-sontbisn", "climb_name": "Passo del Redebus - Sontbisn", "country": "IT", "region": "Dolomites", "side": "from Centrale", "category": "1", "length_km": 4.5, "elevation_gain_m": 411, "avg_grade_pct": 9.1, "max_grade_pct": 16.8, "summit_elevation_m": 1455, "summit_lat": 46.13598, "summit_lon": 11.32309, "start_lat": 46.16002, "start_lon": 11.29958, "wikidata_id": "Q3897337", "cycletrip_url": "https://cycletrip.pro/climbs/passo-del-redebus-sontbisn"}}, {"type": "Feature", "geometry": {"type": "Point", "coordinates": [11.3230942, 46.1359753]}, "properties": {"climb_slug": "passo-del-redebus-sontbisn", "climb_name": "Passo del Redebus - Sontbisn", "country": "IT", "region": "Dolomites", "side": "from Susà", "category": "1", "length_km": 19.3, "elevation_gain_m": 994, "avg_grade_pct": 5.2, "max_grade_pct": 15.8, "summit_elevation_m": 1455, "summit_lat": 46.13598, "summit_lon": 11.32309, "start_lat": 46.06325, "start_lon": 11.23247, "wikidata_id": "Q3897337", "cycletrip_url": "https://cycletrip.pro/climbs/passo-del-redebus-sontbisn"}}, {"type": "Feature", "geometry": {"type": "Point", "coordinates": [7.719254788342097, 45.727989958679565]}, "properties": {"climb_slug": "col-tzecore", "climb_name": "Col Tzecore", "country": "IT", "region": "Aosta Valley", "side": "from Challand-Saint-Anselme", "category": "1", "length_km": 6.3, "elevation_gain_m": 572, "avg_grade_pct": 9.1, "max_grade_pct": 18.8, "summit_elevation_m": 1615, "summit_lat": 45.72799, "summit_lon": 7.71925, "start_lat": 45.71741, "start_lon": 7.73787, "wikidata_id": "", "cycletrip_url": "https://cycletrip.pro/climbs/col-tzecore"}}, {"type": "Feature", "geometry": {"type": "Point", "coordinates": [7.719254788342097, 45.727989958679565]}, "properties": {"climb_slug": "col-tzecore", "climb_name": "Col Tzecore", "country": "IT", "region": "Aosta Valley", "side": "from Salirod", "category": "2", "length_km": 6.0, "elevation_gain_m": 444, "avg_grade_pct": 7.4, "max_grade_pct": 11.9, "summit_elevation_m": 1615, "summit_lat": 45.72799, "summit_lon": 7.71925, "start_lat": 45.74142, "start_lon": 7.68265, "wikidata_id": "", "cycletrip_url": "https://cycletrip.pro/climbs/col-tzecore"}}, {"type": "Feature", "geometry": {"type": "Point", "coordinates": [12.1762637, 46.6563894]}, "properties": {"climb_slug": "pl-tzwiese-prato-piazza", "climb_name": "Plätzwiese - Prato Piazza", "country": "IT", "region": "Dolomites", "side": "from Niederdorf - Villabassa", "category": "1", "length_km": 14.0, "elevation_gain_m": 849, "avg_grade_pct": 6.1, "max_grade_pct": 12.7, "summit_elevation_m": 1993, "summit_lat": 46.65639, "summit_lon": 12.17626, "start_lat": 46.74167, "start_lon": 12.13395, "wikidata_id": "Q2099904", "cycletrip_url": "https://cycletrip.pro/climbs/pl-tzwiese-prato-piazza"}}, {"type": "Feature", "geometry": {"type": "Point", "coordinates": [0.7517108, 42.0441876]}, "properties": {"climb_slug": "pas-dels-pous-de-gla", "climb_name": "Pas dels Pous de Glaç", "country": "ES", "region": "Southern Pyrenees", "side": "from Àger", "category": "1", "length_km": 12.7, "elevation_gain_m": 816, "avg_grade_pct": 6.4, "max_grade_pct": 11.2, "summit_elevation_m": 1598, "summit_lat": 42.04419, "summit_lon": 0.75171, "start_lat": 42.00235, "start_lon": 0.75965, "wikidata_id": "Q18005473", "cycletrip_url": "https://cycletrip.pro/climbs/pas-dels-pous-de-gla"}}, {"type": "Feature", "geometry": {"type": "Point", "coordinates": [5.7490079, 45.9524737]}, "properties": {"climb_slug": "col-de-la-biche", "climb_name": "Col de la Biche", "country": "FR", "region": "Jura", "side": "from Arvière-en-Valromey", "category": "1", "length_km": 6.0, "elevation_gain_m": 560, "avg_grade_pct": 9.3, "max_grade_pct": 13.1, "summit_elevation_m": 1310, "summit_lat": 45.95247, "summit_lon": 5.74901, "start_lat": 45.95231, "start_lon": 5.72669, "wikidata_id": "Q3110139", "cycletrip_url": "https://cycletrip.pro/climbs/col-de-la-biche"}}, {"type": "Feature", "geometry": {"type": "Point", "coordinates": [14.62690601479838, 41.181974195560485]}, "properties": {"climb_slug": "camposauro", "climb_name": "Camposauro", "country": "IT", "region": "Campania", "side": "from Solopaca", "category": "1", "length_km": 10.0, "elevation_gain_m": 716, "avg_grade_pct": 7.2, "max_grade_pct": 15.8, "summit_elevation_m": 815, "summit_lat": 41.18197, "summit_lon": 14.62691, "start_lat": 41.20655, "start_lon": 14.59286, "wikidata_id": "", "cycletrip_url": "https://cycletrip.pro/climbs/camposauro"}}, {"type": "Feature", "geometry": {"type": "Point", "coordinates": [14.62690601479838, 41.181974195560485]}, "properties": {"climb_slug": "camposauro", "climb_name": "Camposauro", "country": "IT", "region": "Campania", "side": "from Vitulano", "category": "2", "length_km": 4.9, "elevation_gain_m": 389, "avg_grade_pct": 8.0, "max_grade_pct": 15.4, "summit_elevation_m": 815, "summit_lat": 41.18197, "summit_lon": 14.62691, "start_lat": 41.17238, "start_lon": 14.65485, "wikidata_id": "", "cycletrip_url": "https://cycletrip.pro/climbs/camposauro"}}, {"type": "Feature", "geometry": {"type": "Point", "coordinates": [12.0084323, 46.5187504]}, "properties": {"climb_slug": "passo-falzarego", "climb_name": "Passo Falzarego", "country": "IT", "region": "Dolomites", "side": "from Cortina d'Ampezzo", "category": "1", "length_km": 15.8, "elevation_gain_m": 896, "avg_grade_pct": 5.7, "max_grade_pct": 16.3, "summit_elevation_m": 2105, "summit_lat": 46.51875, "summit_lon": 12.00843, "start_lat": 46.54, "start_lon": 12.13004, "wikidata_id": "Q660136", "cycletrip_url": "https://cycletrip.pro/climbs/passo-falzarego"}}, {"type": "Feature", "geometry": {"type": "Point", "coordinates": [12.0084323, 46.5187504]}, "properties": {"climb_slug": "passo-falzarego", "climb_name": "Passo Falzarego", "country": "IT", "region": "Dolomites", "side": "from Larcionei - Larzonei", "category": "1", "length_km": 11.2, "elevation_gain_m": 650, "avg_grade_pct": 5.8, "max_grade_pct": 11.0, "summit_elevation_m": 2105, "summit_lat": 46.51875, "summit_lon": 12.00843, "start_lat": 46.48019, "start_lon": 11.97684, "wikidata_id": "Q660136", "cycletrip_url": "https://cycletrip.pro/climbs/passo-falzarego"}}, {"type": "Feature", "geometry": {"type": "Point", "coordinates": [6.5979747, 45.6903011]}, "properties": {"climb_slug": "col-du-pr", "climb_name": "Col du Pré", "country": "FR", "region": "French Alps", "side": "from Beaufort", "category": "1", "length_km": 5.8, "elevation_gain_m": 543, "avg_grade_pct": 9.4, "max_grade_pct": 13.7, "summit_elevation_m": 1703, "summit_lat": 45.6903, "summit_lon": 6.59797, "start_lat": 45.68307, "start_lon": 6.576, "wikidata_id": "Q5141851", "cycletrip_url": "https://cycletrip.pro/climbs/col-du-pr"}}, {"type": "Feature", "geometry": {"type": "Point", "coordinates": [7.9455756, 44.2161375]}, "properties": {"climb_slug": "colla-di-casotto", "climb_name": "Colla di Casotto", "country": "IT", "region": "Piedmont", "side": "from Garessio", "category": "1", "length_km": 12.5, "elevation_gain_m": 797, "avg_grade_pct": 6.4, "max_grade_pct": 11.8, "summit_elevation_m": 1381, "summit_lat": 44.21614, "summit_lon": 7.94558, "start_lat": 44.20356, "start_lon": 8.01406, "wikidata_id": "Q3682668", "cycletrip_url": "https://cycletrip.pro/climbs/colla-di-casotto"}}, {"type": "Feature", "geometry": {"type": "Point", "coordinates": [7.9455756, 44.2161375]}, "properties": {"climb_slug": "colla-di-casotto", "climb_name": "Colla di Casotto", "country": "IT", "region": "Piedmont", "side": "from Pamparato", "category": "1", "length_km": 10.6, "elevation_gain_m": 596, "avg_grade_pct": 5.6, "max_grade_pct": 11.1, "summit_elevation_m": 1381, "summit_lat": 44.21614, "summit_lon": 7.94558, "start_lat": 44.27398, "start_lon": 7.9104, "wikidata_id": "Q3682668", "cycletrip_url": "https://cycletrip.pro/climbs/colla-di-casotto"}}, {"type": "Feature", "geometry": {"type": "Point", "coordinates": [0.3273823, 42.9423318]}, "properties": {"climb_slug": "col-d-aspin", "climb_name": "Col d'Aspin", "country": "FR", "region": "Pyrenees", "side": "from Arreau", "category": "1", "length_km": 12.1, "elevation_gain_m": 786, "avg_grade_pct": 6.5, "max_grade_pct": 11.6, "summit_elevation_m": 1489, "summit_lat": 42.94233, "summit_lon": 0.32738, "start_lat": 42.90881, "start_lon": 0.3593, "wikidata_id": "Q1107533", "cycletrip_url": "https://cycletrip.pro/climbs/col-d-aspin"}}, {"type": "Feature", "geometry": {"type": "Point", "coordinates": [0.3273823, 42.9423318]}, "properties": {"climb_slug": "col-d-aspin", "climb_name": "Col d'Aspin", "country": "FR", "region": "Pyrenees", "side": "from Campan", "category": "2", "length_km": 12.6, "elevation_gain_m": 635, "avg_grade_pct": 5.0, "max_grade_pct": 14.8, "summit_elevation_m": 1489, "summit_lat": 42.94233, "summit_lon": 0.32738, "start_lat": 42.98253, "start_lon": 0.22812, "wikidata_id": "Q1107533", "cycletrip_url": "https://cycletrip.pro/climbs/col-d-aspin"}}, {"type": "Feature", "geometry": {"type": "Point", "coordinates": [11.08756753475736, 46.063561502690064]}, "properties": {"climb_slug": "candriai", "climb_name": "Candriai", "country": "IT", "region": "Dolomites", "side": "from Trento", "category": "2", "length_km": 8.6, "elevation_gain_m": 453, "avg_grade_pct": 5.3, "max_grade_pct": 10.6, "summit_elevation_m": 967, "summit_lat": 46.06356, "summit_lon": 11.08757, "start_lat": 46.08451, "start_lon": 11.07107, "wikidata_id": "", "cycletrip_url": "https://cycletrip.pro/climbs/candriai"}}, {"type": "Feature", "geometry": {"type": "Point", "coordinates": [11.08756753475736, 46.063561502690064]}, "properties": {"climb_slug": "candriai", "climb_name": "Candriai", "country": "IT", "region": "Dolomites", "side": "from Vela", "category": "1", "length_km": 7.6, "elevation_gain_m": 620, "avg_grade_pct": 8.2, "max_grade_pct": 12.3, "summit_elevation_m": 967, "summit_lat": 46.06356, "summit_lon": 11.08757, "start_lat": 46.07975, "start_lon": 11.09877, "wikidata_id": "", "cycletrip_url": "https://cycletrip.pro/climbs/candriai"}}, {"type": "Feature", "geometry": {"type": "Point", "coordinates": [0.3057703, 42.8999394]}, "properties": {"climb_slug": "hourquette-d-ancizan", "climb_name": "Hourquette d'Ancizan", "country": "FR", "region": "Pyrenees", "side": "from Campan", "category": "2", "length_km": 10.1, "elevation_gain_m": 466, "avg_grade_pct": 4.6, "max_grade_pct": 10.7, "summit_elevation_m": 1564, "summit_lat": 42.89994, "summit_lon": 0.30577, "start_lat": 42.94378, "start_lon": 0.27736, "wikidata_id": "Q2727827", "cycletrip_url": "https://cycletrip.pro/climbs/hourquette-d-ancizan"}}, {"type": "Feature", "geometry": {"type": "Point", "coordinates": [0.3057703, 42.8999394]}, "properties": {"climb_slug": "hourquette-d-ancizan", "climb_name": "Hourquette d'Ancizan", "country": "FR", "region": "Pyrenees", "side": "from Guchen", "category": "1", "length_km": 9.0, "elevation_gain_m": 673, "avg_grade_pct": 7.5, "max_grade_pct": 15.2, "summit_elevation_m": 1564, "summit_lat": 42.89994, "summit_lon": 0.30577, "start_lat": 42.86681, "start_lon": 0.33359, "wikidata_id": "Q2727827", "cycletrip_url": "https://cycletrip.pro/climbs/hourquette-d-ancizan"}}, {"type": "Feature", "geometry": {"type": "Point", "coordinates": [10.2171298, 44.3040839]}, "properties": {"climb_slug": "passo-del-cerreto", "climb_name": "Passo del Cerreto", "country": "IT", "region": "Northern Apennines", "side": "from Collagna", "category": "2", "length_km": 11.5, "elevation_gain_m": 518, "avg_grade_pct": 4.5, "max_grade_pct": 11.0, "summit_elevation_m": 1243, "summit_lat": 44.30408, "summit_lon": 10.21713, "start_lat": 44.35202, "start_lon": 10.28186, "wikidata_id": "Q1101601", "cycletrip_url": "https://cycletrip.pro/climbs/passo-del-cerreto"}}, {"type": "Feature", "geometry": {"type": "Point", "coordinates": [10.2171298, 44.3040839]}, "properties": {"climb_slug": "passo-del-cerreto", "climb_name": "Passo del Cerreto", "country": "IT", "region": "Northern Apennines", "side": "from Fivizzano", "category": "1", "length_km": 23.9, "elevation_gain_m": 1089, "avg_grade_pct": 4.6, "max_grade_pct": 13.2, "summit_elevation_m": 1243, "summit_lat": 44.30408, "summit_lon": 10.21713, "start_lat": 44.20779, "start_lon": 10.0831, "wikidata_id": "Q1101601", "cycletrip_url": "https://cycletrip.pro/climbs/passo-del-cerreto"}}, {"type": "Feature", "geometry": {"type": "Point", "coordinates": [12.482356, 46.5720031]}, "properties": {"climb_slug": "passo-di-sant-antonio", "climb_name": "Passo di Sant'Antonio", "country": "IT", "region": "Dolomites", "side": "from Auronzo di Cadore", "category": "1", "length_km": 8.1, "elevation_gain_m": 642, "avg_grade_pct": 7.9, "max_grade_pct": 16.4, "summit_elevation_m": 1476, "summit_lat": 46.572, "summit_lon": 12.48236, "start_lat": 46.54296, "start_lon": 12.46085, "wikidata_id": "Q974769", "cycletrip_url": "https://cycletrip.pro/climbs/passo-di-sant-antonio"}}, {"type": "Feature", "geometry": {"type": "Point", "coordinates": [12.482356, 46.5720031]}, "properties": {"climb_slug": "passo-di-sant-antonio", "climb_name": "Passo di Sant'Antonio", "country": "IT", "region": "Dolomites", "side": "from Dosoledo", "category": "3", "length_km": 4.9, "elevation_gain_m": 245, "avg_grade_pct": 5.0, "max_grade_pct": 13.2, "summit_elevation_m": 1476, "summit_lat": 46.572, "summit_lon": 12.48236, "start_lat": 46.60343, "start_lon": 12.48533, "wikidata_id": "Q974769", "cycletrip_url": "https://cycletrip.pro/climbs/passo-di-sant-antonio"}}, {"type": "Feature", "geometry": {"type": "Point", "coordinates": [-0.7528082, 42.9982773]}, "properties": {"climb_slug": "col-de-suscousse", "climb_name": "Col de Suscousse", "country": "FR", "region": "Pyrenees", "side": "from Menditte", "category": "1", "length_km": 15.0, "elevation_gain_m": 871, "avg_grade_pct": 5.8, "max_grade_pct": 17.8, "summit_elevation_m": 1216, "summit_lat": 42.99828, "summit_lon": -0.75281, "start_lat": 43.02906, "start_lon": -0.86994, "wikidata_id": "Q2982121", "cycletrip_url": "https://cycletrip.pro/climbs/col-de-suscousse"}}, {"type": "Feature", "geometry": {"type": "Point", "coordinates": [9.1786606, 44.4954192]}, "properties": {"climb_slug": "passo-del-portello", "climb_name": "Passo del Portello", "country": "IT", "region": "Liguria", "side": "from Gattorna", "category": "1", "length_km": 15.0, "elevation_gain_m": 867, "avg_grade_pct": 5.8, "max_grade_pct": 13.2, "summit_elevation_m": 1051, "summit_lat": 44.49542, "summit_lon": 9.17866, "start_lat": 44.42961, "start_lon": 9.18269, "wikidata_id": "Q3897376", "cycletrip_url": "https://cycletrip.pro/climbs/passo-del-portello"}}, {"type": "Feature", "geometry": {"type": "Point", "coordinates": [9.1786606, 44.4954192]}, "properties": {"climb_slug": "passo-del-portello", "climb_name": "Passo del Portello", "country": "IT", "region": "Liguria", "side": "from Torriglia", "category": "3", "length_km": 11.9, "elevation_gain_m": 421, "avg_grade_pct": 3.5, "max_grade_pct": 12.3, "summit_elevation_m": 1051, "summit_lat": 44.49542, "summit_lon": 9.17866, "start_lat": 44.49161, "start_lon": 9.13186, "wikidata_id": "Q3897376", "cycletrip_url": "https://cycletrip.pro/climbs/passo-del-portello"}}, {"type": "Feature", "geometry": {"type": "Point", "coordinates": [-0.5248473, 42.7957224]}, "properties": {"climb_slug": "somport", "climb_name": "Somport", "country": "ES", "region": "Southern Pyrenees", "side": "from Athas", "category": "1", "length_km": 28.6, "elevation_gain_m": 1202, "avg_grade_pct": 4.2, "max_grade_pct": 16.0, "summit_elevation_m": 1632, "summit_lat": 42.79572, "summit_lon": -0.52485, "start_lat": 42.979, "start_lon": -0.61601, "wikidata_id": "Q389859", "cycletrip_url": "https://cycletrip.pro/climbs/somport"}}, {"type": "Feature", "geometry": {"type": "Point", "coordinates": [-0.5248473, 42.7957224]}, "properties": {"climb_slug": "somport", "climb_name": "Somport", "country": "ES", "region": "Southern Pyrenees", "side": "from Canfranc-Estación", "category": "2", "length_km": 7.8, "elevation_gain_m": 442, "avg_grade_pct": 5.7, "max_grade_pct": 11.6, "summit_elevation_m": 1632, "summit_lat": 42.79572, "summit_lon": -0.52485, "start_lat": 42.74801, "start_lon": -0.51584, "wikidata_id": "Q389859", "cycletrip_url": "https://cycletrip.pro/climbs/somport"}}, {"type": "Feature", "geometry": {"type": "Point", "coordinates": [7.4386, 43.8069]}, "properties": {"climb_slug": "col-de-la-madone", "climb_name": "Col de la Madone", "country": "FR", "region": "Provence", "side": "from Menton", "category": "1", "length_km": 11.9, "elevation_gain_m": 775, "avg_grade_pct": 6.5, "max_grade_pct": 15.1, "summit_elevation_m": 925, "summit_lat": 43.8069, "summit_lon": 7.4386, "start_lat": 43.7773, "start_lon": 7.48695, "wikidata_id": "", "cycletrip_url": "https://cycletrip.pro/climbs/col-de-la-madone"}}, {"type": "Feature", "geometry": {"type": "Point", "coordinates": [6.1490575, 45.0875296]}, "properties": {"climb_slug": "col-de-sarenne", "climb_name": "Col de Sarenne", "country": "FR", "region": "French Alps", "side": "from Clavans-le-Haut", "category": "1", "length_km": 7.1, "elevation_gain_m": 593, "avg_grade_pct": 8.4, "max_grade_pct": 15.8, "summit_elevation_m": 1999, "summit_lat": 45.08753, "summit_lon": 6.14906, "start_lat": 45.08241, "start_lon": 6.16145, "wikidata_id": "Q2982115", "cycletrip_url": "https://cycletrip.pro/climbs/col-de-sarenne"}}, {"type": "Feature", "geometry": {"type": "Point", "coordinates": [6.1490575, 45.0875296]}, "properties": {"climb_slug": "col-de-sarenne", "climb_name": "Col de Sarenne", "country": "FR", "region": "French Alps", "side": "from Le Freney-d'Oisans", "category": "3", "length_km": 3.1, "elevation_gain_m": 217, "avg_grade_pct": 7.0, "max_grade_pct": 11.1, "summit_elevation_m": 1999, "summit_lat": 45.08753, "summit_lon": 6.14906, "start_lat": 45.07884, "start_lon": 6.11943, "wikidata_id": "Q2982115", "cycletrip_url": "https://cycletrip.pro/climbs/col-de-sarenne"}}, {"type": "Feature", "geometry": {"type": "Point", "coordinates": [5.3347686, 44.974739]}, "properties": {"climb_slug": "col-de-la-machine", "climb_name": "Col de la Machine", "country": "FR", "region": null, "side": "from Saint-Jean-en-Royans", "category": "1", "length_km": 12.2, "elevation_gain_m": 779, "avg_grade_pct": 6.4, "max_grade_pct": 22.1, "summit_elevation_m": 1011, "summit_lat": 44.97474, "summit_lon": 5.33477, "start_lat": 45.01485, "start_lon": 5.2913, "wikidata_id": "Q2982180", "cycletrip_url": "https://cycletrip.pro/climbs/col-de-la-machine"}}, {"type": "Feature", "geometry": {"type": "Point", "coordinates": [-3.7786166, 43.3790764]}, "properties": {"climb_slug": "pico-llen", "climb_name": "Peña Cabarga", "country": "ES", "region": "Cantabria", "side": "from Santiago de Cudeyo", "category": "1", "length_km": 5.9, "elevation_gain_m": 543, "avg_grade_pct": 9.2, "max_grade_pct": 14.7, "summit_elevation_m": 566, "summit_lat": 43.37908, "summit_lon": -3.77862, "start_lat": 43.39746, "start_lon": -3.78364, "wikidata_id": "Q8537932", "cycletrip_url": "https://cycletrip.pro/climbs/pico-llen"}}, {"type": "Feature", "geometry": {"type": "Point", "coordinates": [-1.0225491, 43.0913458]}, "properties": {"climb_slug": "col-burdin-olatze", "climb_name": "Col Burdin Olatze", "country": "FR", "region": "Pyrenees", "side": "from Iholdy", "category": "1", "length_km": 15.1, "elevation_gain_m": 743, "avg_grade_pct": 4.9, "max_grade_pct": 13.9, "summit_elevation_m": 892, "summit_lat": 43.09135, "summit_lon": -1.02255, "start_lat": 43.13096, "start_lon": -1.13887, "wikidata_id": "Q2982022", "cycletrip_url": "https://cycletrip.pro/climbs/col-burdin-olatze"}}, {"type": "Feature", "geometry": {"type": "Point", "coordinates": [-1.0225491, 43.0913458]}, "properties": {"climb_slug": "col-burdin-olatze", "climb_name": "Col Burdin Olatze", "country": "FR", "region": "Pyrenees", "side": "from Menditte", "category": "1", "length_km": 11.8, "elevation_gain_m": 768, "avg_grade_pct": 6.5, "max_grade_pct": 15.4, "summit_elevation_m": 892, "summit_lat": 43.09135, "summit_lon": -1.02255, "start_lat": 43.09293, "start_lon": -0.91041, "wikidata_id": "Q2982022", "cycletrip_url": "https://cycletrip.pro/climbs/col-burdin-olatze"}}, {"type": "Feature", "geometry": {"type": "Point", "coordinates": [6.244757, 45.8084626]}, "properties": {"climb_slug": "col-de-la-forclaz-q8559760", "climb_name": "Col de la Forclaz", "country": "FR", "region": "French Alps", "side": "from Giez", "category": "1", "length_km": 9.1, "elevation_gain_m": 669, "avg_grade_pct": 7.4, "max_grade_pct": 15.6, "summit_elevation_m": 1147, "summit_lat": 45.80846, "summit_lon": 6.24476, "start_lat": 45.76259, "start_lon": 6.25557, "wikidata_id": "Q8559760", "cycletrip_url": "https://cycletrip.pro/climbs/col-de-la-forclaz-q8559760"}}, {"type": "Feature", "geometry": {"type": "Point", "coordinates": [6.244757, 45.8084626]}, "properties": {"climb_slug": "col-de-la-forclaz-q8559760", "climb_name": "Col de la Forclaz", "country": "FR", "region": "French Alps", "side": "from Talloires", "category": "1", "length_km": 8.3, "elevation_gain_m": 596, "avg_grade_pct": 7.2, "max_grade_pct": 15.4, "summit_elevation_m": 1147, "summit_lat": 45.80846, "summit_lon": 6.24476, "start_lat": 45.84705, "start_lon": 6.21389, "wikidata_id": "Q8559760", "cycletrip_url": "https://cycletrip.pro/climbs/col-de-la-forclaz-q8559760"}}, {"type": "Feature", "geometry": {"type": "Point", "coordinates": [-3.440661498678242, 37.13453492800496]}, "properties": {"climb_slug": "alto-de-hazallanas", "climb_name": "Alto de Hazallanas", "country": "ES", "region": "Andalusia", "side": "from Cenes de la Vega", "category": "1", "length_km": 17.0, "elevation_gain_m": 911, "avg_grade_pct": 5.4, "max_grade_pct": 12.2, "summit_elevation_m": 1615, "summit_lat": 37.13453, "summit_lon": -3.44066, "start_lat": 37.15988, "start_lon": -3.55802, "wikidata_id": "", "cycletrip_url": "https://cycletrip.pro/climbs/alto-de-hazallanas"}}, {"type": "Feature", "geometry": {"type": "Point", "coordinates": [10.1297705, 44.3402625]}, "properties": {"climb_slug": "passo-del-lagastrello", "climb_name": "Passo del Lagastrello", "country": "IT", "region": "Tuscany", "side": "from Palanzano", "category": "2", "length_km": 19.0, "elevation_gain_m": 632, "avg_grade_pct": 3.3, "max_grade_pct": 13.2, "summit_elevation_m": 1200, "summit_lat": 44.34026, "summit_lon": 10.12977, "start_lat": 44.43347, "start_lon": 10.17068, "wikidata_id": "Q1032406", "cycletrip_url": "https://cycletrip.pro/climbs/passo-del-lagastrello"}}, {"type": "Feature", "geometry": {"type": "Point", "coordinates": [10.1297705, 44.3402625]}, "properties": {"climb_slug": "passo-del-lagastrello", "climb_name": "Passo del Lagastrello", "country": "IT", "region": "Tuscany", "side": "from Terrarossa", "category": "1", "length_km": 26.6, "elevation_gain_m": 1138, "avg_grade_pct": 4.3, "max_grade_pct": 12.0, "summit_elevation_m": 1200, "summit_lat": 44.34026, "summit_lon": 10.12977, "start_lat": 44.22398, "start_lon": 9.97253, "wikidata_id": "Q1032406", "cycletrip_url": "https://cycletrip.pro/climbs/passo-del-lagastrello"}}, {"type": "Feature", "geometry": {"type": "Point", "coordinates": [8.8178185, 44.5167091]}, "properties": {"climb_slug": "colla-di-praglia", "climb_name": "Colla di Praglia", "country": "IT", "region": "Liguria", "side": "from Bosio", "category": "3", "length_km": 15.1, "elevation_gain_m": 361, "avg_grade_pct": 2.4, "max_grade_pct": 12.7, "summit_elevation_m": 880, "summit_lat": 44.51671, "summit_lon": 8.81782, "start_lat": 44.57973, "start_lon": 8.78696, "wikidata_id": "Q2091880", "cycletrip_url": "https://cycletrip.pro/climbs/colla-di-praglia"}}, {"type": "Feature", "geometry": {"type": "Point", "coordinates": [8.8178185, 44.5167091]}, "properties": {"climb_slug": "colla-di-praglia", "climb_name": "Colla di Praglia", "country": "IT", "region": "Liguria", "side": "from Gaiazza", "category": "1", "length_km": 12.0, "elevation_gain_m": 773, "avg_grade_pct": 6.4, "max_grade_pct": 15.6, "summit_elevation_m": 880, "summit_lat": 44.51671, "summit_lon": 8.81782, "start_lat": 44.50413, "start_lon": 8.89398, "wikidata_id": "Q2091880", "cycletrip_url": "https://cycletrip.pro/climbs/colla-di-praglia"}}, {"type": "Feature", "geometry": {"type": "Point", "coordinates": [7.0428914, 47.9694963]}, "properties": {"climb_slug": "col-du-platzerwasel", "climb_name": "Col du Platzerwasel", "country": "FR", "region": "Vosges", "side": "from Metzeral", "category": "1", "length_km": 10.3, "elevation_gain_m": 713, "avg_grade_pct": 6.9, "max_grade_pct": 13.9, "summit_elevation_m": 1183, "summit_lat": 47.9695, "summit_lon": 7.04289, "start_lat": 48.01551, "start_lon": 7.07298, "wikidata_id": "Q2982307", "cycletrip_url": "https://cycletrip.pro/climbs/col-du-platzerwasel"}}, {"type": "Feature", "geometry": {"type": "Point", "coordinates": [11.8300803, 46.0618045]}, "properties": {"climb_slug": "passo-croce-d-aune", "climb_name": "Passo Croce d'Aune", "country": "IT", "region": "Dolomites", "side": "from Foen", "category": "1", "length_km": 11.2, "elevation_gain_m": 737, "avg_grade_pct": 6.6, "max_grade_pct": 12.9, "summit_elevation_m": 1011, "summit_lat": 46.0618, "summit_lon": 11.83008, "start_lat": 46.02113, "start_lon": 11.8996, "wikidata_id": "Q1140701", "cycletrip_url": "https://cycletrip.pro/climbs/passo-croce-d-aune"}}, {"type": "Feature", "geometry": {"type": "Point", "coordinates": [11.8300803, 46.0618045]}, "properties": {"climb_slug": "passo-croce-d-aune", "climb_name": "Passo Croce d'Aune", "country": "IT", "region": "Dolomites", "side": "from Sorriva", "category": "2", "length_km": 11.3, "elevation_gain_m": 596, "avg_grade_pct": 5.3, "max_grade_pct": 13.4, "summit_elevation_m": 1011, "summit_lat": 46.0618, "summit_lon": 11.83008, "start_lat": 46.06001, "start_lon": 11.76386, "wikidata_id": "Q1140701", "cycletrip_url": "https://cycletrip.pro/climbs/passo-croce-d-aune"}}, {"type": "Feature", "geometry": {"type": "Point", "coordinates": [10.30039, 44.2857663]}, "properties": {"climb_slug": "passo-di-pradarena", "climb_name": "Passo di Pradarena", "country": "IT", "region": "Northern Apennines", "side": "from Cinquecerri", "category": "1", "length_km": 20.3, "elevation_gain_m": 994, "avg_grade_pct": 4.9, "max_grade_pct": 14.2, "summit_elevation_m": 1574, "summit_lat": 44.28577, "summit_lon": 10.30039, "start_lat": 44.35494, "start_lon": 10.31655, "wikidata_id": "Q1101783", "cycletrip_url": "https://cycletrip.pro/climbs/passo-di-pradarena"}}, {"type": "Feature", "geometry": {"type": "Point", "coordinates": [10.30039, 44.2857663]}, "properties": {"climb_slug": "passo-di-pradarena", "climb_name": "Passo di Pradarena", "country": "IT", "region": "Northern Apennines", "side": "from Sillano", "category": "1", "length_km": 14.0, "elevation_gain_m": 831, "avg_grade_pct": 5.9, "max_grade_pct": 13.2, "summit_elevation_m": 1574, "summit_lat": 44.28577, "summit_lon": 10.30039, "start_lat": 44.2314, "start_lon": 10.30238, "wikidata_id": "Q1101783", "cycletrip_url": "https://cycletrip.pro/climbs/passo-di-pradarena"}}, {"type": "Feature", "geometry": {"type": "Point", "coordinates": [1.3250488, 42.9328022]}, "properties": {"climb_slug": "col-de-la-crouzette", "climb_name": "Col de la Crouzette", "country": "FR", "region": "Pyrenees", "side": "from Biert", "category": "1", "length_km": 8.4, "elevation_gain_m": 642, "avg_grade_pct": 7.6, "max_grade_pct": 17.9, "summit_elevation_m": 1244, "summit_lat": 42.9328, "summit_lon": 1.32505, "start_lat": 42.89808, "start_lon": 1.31481, "wikidata_id": "Q67437550", "cycletrip_url": "https://cycletrip.pro/climbs/col-de-la-crouzette"}}, {"type": "Feature", "geometry": {"type": "Point", "coordinates": [1.3250488, 42.9328022]}, "properties": {"climb_slug": "col-de-la-crouzette", "climb_name": "Col de la Crouzette", "country": "FR", "region": "Pyrenees", "side": "from Rimont", "category": "1", "length_km": 11.3, "elevation_gain_m": 719, "avg_grade_pct": 6.4, "max_grade_pct": 14.4, "summit_elevation_m": 1244, "summit_lat": 42.9328, "summit_lon": 1.32505, "start_lat": 42.99407, "start_lon": 1.28831, "wikidata_id": "Q67437550", "cycletrip_url": "https://cycletrip.pro/climbs/col-de-la-crouzette"}}, {"type": "Feature", "geometry": {"type": "Point", "coordinates": [6.4051088, 45.0352314]}, "properties": {"climb_slug": "col-du-lautaret", "climb_name": "Col du Lautaret", "country": "FR", "region": "French Alps", "side": "from Le Monêtier-les-Bains", "category": "2", "length_km": 15.8, "elevation_gain_m": 634, "avg_grade_pct": 4.0, "max_grade_pct": 10.0, "summit_elevation_m": 2058, "summit_lat": 45.03523, "summit_lon": 6.40511, "start_lat": 44.9649, "start_lon": 6.53515, "wikidata_id": "Q1107509", "cycletrip_url": "https://cycletrip.pro/climbs/col-du-lautaret"}}, {"type": "Feature", "geometry": {"type": "Point", "coordinates": [6.4051088, 45.0352314]}, "properties": {"climb_slug": "col-du-lautaret", "climb_name": "Col du Lautaret", "country": "FR", "region": "French Alps", "side": "from Mizoën", "category": "1", "length_km": 21.8, "elevation_gain_m": 1026, "avg_grade_pct": 4.7, "max_grade_pct": 18.5, "summit_elevation_m": 2058, "summit_lat": 45.03523, "summit_lon": 6.40511, "start_lat": 45.04076, "start_lon": 6.17325, "wikidata_id": "Q1107509", "cycletrip_url": "https://cycletrip.pro/climbs/col-du-lautaret"}}, {"type": "Feature", "geometry": {"type": "Point", "coordinates": [-3.3063518, 36.8132447]}, "properties": {"climb_slug": "puerto-de-haza-del-lino", "climb_name": "Puerto de Haza del Lino", "country": "ES", "region": "Andalusia", "side": "from Albuñol", "category": "1", "length_km": 18.5, "elevation_gain_m": 948, "avg_grade_pct": 5.1, "max_grade_pct": 13.2, "summit_elevation_m": 1280, "summit_lat": 36.81324, "summit_lon": -3.30635, "start_lat": 36.79662, "start_lon": -3.21564, "wikidata_id": "Q6092293", "cycletrip_url": "https://cycletrip.pro/climbs/puerto-de-haza-del-lino"}}, {"type": "Feature", "geometry": {"type": "Point", "coordinates": [-3.3063518, 36.8132447]}, "properties": {"climb_slug": "puerto-de-haza-del-lino", "climb_name": "Puerto de Haza del Lino", "country": "ES", "region": "Andalusia", "side": "from Órgiva", "category": "4", "length_km": 7.0, "elevation_gain_m": 192, "avg_grade_pct": 2.7, "max_grade_pct": 12.3, "summit_elevation_m": 1280, "summit_lat": 36.81324, "summit_lon": -3.30635, "start_lat": 36.83321, "start_lon": -3.35293, "wikidata_id": "Q6092293", "cycletrip_url": "https://cycletrip.pro/climbs/puerto-de-haza-del-lino"}}, {"type": "Feature", "geometry": {"type": "Point", "coordinates": [6.2033309, 45.2274902]}, "properties": {"climb_slug": "col-de-la-croix-de-fer", "climb_name": "Col de la Croix-de-Fer", "country": "FR", "region": "French Alps", "side": "from Saint-Colomban-des-Villards", "category": "2", "length_km": 5.0, "elevation_gain_m": 327, "avg_grade_pct": 6.6, "max_grade_pct": 10.5, "summit_elevation_m": 2067, "summit_lat": 45.22749, "summit_lon": 6.20333, "start_lat": 45.22844, "start_lon": 6.15363, "wikidata_id": "Q581865", "cycletrip_url": "https://cycletrip.pro/climbs/col-de-la-croix-de-fer"}}, {"type": "Feature", "geometry": {"type": "Point", "coordinates": [6.2033309, 45.2274902]}, "properties": {"climb_slug": "col-de-la-croix-de-fer", "climb_name": "Col de la Croix-de-Fer", "country": "FR", "region": "French Alps", "side": "from Saint-Jean-d'Arves", "category": "1", "length_km": 14.3, "elevation_gain_m": 832, "avg_grade_pct": 5.8, "max_grade_pct": 12.2, "summit_elevation_m": 2067, "summit_lat": 45.22749, "summit_lon": 6.20333, "start_lat": 45.19802, "start_lon": 6.3026, "wikidata_id": "Q581865", "cycletrip_url": "https://cycletrip.pro/climbs/col-de-la-croix-de-fer"}}, {"type": "Feature", "geometry": {"type": "Point", "coordinates": [1.2377671, 42.3703637]}, "properties": {"climb_slug": "port-del-cant", "climb_name": "Port del Cantó", "country": "ES", "region": "Southern Pyrenees", "side": "from el Pla de Sant Tirs", "category": "1", "length_km": 24.7, "elevation_gain_m": 1093, "avg_grade_pct": 4.4, "max_grade_pct": 13.8, "summit_elevation_m": 1718, "summit_lat": 42.37036, "summit_lon": 1.23777, "start_lat": 42.32696, "start_lon": 1.39091, "wikidata_id": "Q11942406", "cycletrip_url": "https://cycletrip.pro/climbs/port-del-cant"}}, {"type": "Feature", "geometry": {"type": "Point", "coordinates": [1.2377671, 42.3703637]}, "properties": {"climb_slug": "port-del-cant", "climb_name": "Port del Cantó", "country": "ES", "region": "Southern Pyrenees", "side": "from Gerri de la Sal", "category": "1", "length_km": 32.4, "elevation_gain_m": 1119, "avg_grade_pct": 3.5, "max_grade_pct": 12.7, "summit_elevation_m": 1718, "summit_lat": 42.37036, "summit_lon": 1.23777, "start_lat": 42.32128, "start_lon": 1.06295, "wikidata_id": "Q11942406", "cycletrip_url": "https://cycletrip.pro/climbs/port-del-cant"}}, {"type": "Feature", "geometry": {"type": "Point", "coordinates": [11.685479470880733, 45.9327253753389]}, "properties": {"climb_slug": "dori", "climb_name": "Dori", "country": "IT", "region": "Veneto", "side": "from Primolano", "category": "1", "length_km": 17.0, "elevation_gain_m": 904, "avg_grade_pct": 5.3, "max_grade_pct": 11.7, "summit_elevation_m": 1132, "summit_lat": 45.93273, "summit_lon": 11.68548, "start_lat": 45.96171, "start_lon": 11.70805, "wikidata_id": "", "cycletrip_url": "https://cycletrip.pro/climbs/dori"}}, {"type": "Feature", "geometry": {"type": "Point", "coordinates": [11.685479470880733, 45.9327253753389]}, "properties": {"climb_slug": "dori", "climb_name": "Dori", "country": "IT", "region": "Veneto", "side": "from Stoner", "category": "3", "length_km": 5.6, "elevation_gain_m": 215, "avg_grade_pct": 3.8, "max_grade_pct": 16.5, "summit_elevation_m": 1132, "summit_lat": 45.93273, "summit_lon": 11.68548, "start_lat": 45.91655, "start_lon": 11.65572, "wikidata_id": "", "cycletrip_url": "https://cycletrip.pro/climbs/dori"}}, {"type": "Feature", "geometry": {"type": "Point", "coordinates": [2.3763248, 42.1083569]}, "properties": {"climb_slug": "collada-de-bracons", "climb_name": "Collada de Bracons", "country": "ES", "region": "Girona", "side": "from Sant Esteve d'en Bas", "category": "1", "length_km": 8.9, "elevation_gain_m": 653, "avg_grade_pct": 7.3, "max_grade_pct": 14.5, "summit_elevation_m": 1132, "summit_lat": 42.10836, "summit_lon": 2.37632, "start_lat": 42.12851, "start_lon": 2.44653, "wikidata_id": "Q11914632", "cycletrip_url": "https://cycletrip.pro/climbs/collada-de-bracons"}}, {"type": "Feature", "geometry": {"type": "Point", "coordinates": [2.3763248, 42.1083569]}, "properties": {"climb_slug": "collada-de-bracons", "climb_name": "Collada de Bracons", "country": "ES", "region": "Girona", "side": "from Sant Pere de Torelló", "category": "2", "length_km": 10.9, "elevation_gain_m": 514, "avg_grade_pct": 4.7, "max_grade_pct": 13.9, "summit_elevation_m": 1132, "summit_lat": 42.10836, "summit_lon": 2.37632, "start_lat": 42.0735, "start_lon": 2.31914, "wikidata_id": "Q11914632", "cycletrip_url": "https://cycletrip.pro/climbs/collada-de-bracons"}}, {"type": "Feature", "geometry": {"type": "Point", "coordinates": [7.5618775, 44.1496824]}, "properties": {"climb_slug": "col-de-tende-colle-di-tenda", "climb_name": "Col de Tende / Colle di Tenda", "country": "IT", "region": "Piedmont", "side": "from Tende", "category": "1", "length_km": 7.4, "elevation_gain_m": 590, "avg_grade_pct": 8.0, "max_grade_pct": 13.4, "summit_elevation_m": 1871, "summit_lat": 44.14968, "summit_lon": 7.56188, "start_lat": 44.13756, "start_lon": 7.56691, "wikidata_id": "Q1108953", "cycletrip_url": "https://cycletrip.pro/climbs/col-de-tende-colle-di-tenda"}}, {"type": "Feature", "geometry": {"type": "Point", "coordinates": [7.5618775, 44.1496824]}, "properties": {"climb_slug": "col-de-tende-colle-di-tenda", "climb_name": "Col de Tende / Colle di Tenda", "country": "IT", "region": "Piedmont", "side": "from Tetti Mecci", "category": "1", "length_km": 8.5, "elevation_gain_m": 609, "avg_grade_pct": 7.2, "max_grade_pct": 11.7, "summit_elevation_m": 1871, "summit_lat": 44.14968, "summit_lon": 7.56188, "start_lat": 44.17913, "start_lon": 7.56479, "wikidata_id": "Q1108953", "cycletrip_url": "https://cycletrip.pro/climbs/col-de-tende-colle-di-tenda"}}, {"type": "Feature", "geometry": {"type": "Point", "coordinates": [10.5818471, 46.2580068]}, "properties": {"climb_slug": "passo-del-tonale", "climb_name": "Passo del Tonale", "country": "IT", "region": "Dolomites", "side": "from Incudine", "category": "1", "length_km": 24.5, "elevation_gain_m": 973, "avg_grade_pct": 4.0, "max_grade_pct": 14.3, "summit_elevation_m": 1883, "summit_lat": 46.25801, "summit_lon": 10.58185, "start_lat": 46.21894, "start_lon": 10.35603, "wikidata_id": "Q944457", "cycletrip_url": "https://cycletrip.pro/climbs/passo-del-tonale"}}, {"type": "Feature", "geometry": {"type": "Point", "coordinates": [10.5818471, 46.2580068]}, "properties": {"climb_slug": "passo-del-tonale", "climb_name": "Passo del Tonale", "country": "IT", "region": "Dolomites", "side": "from Monclassico", "category": "1", "length_km": 28.1, "elevation_gain_m": 1146, "avg_grade_pct": 4.1, "max_grade_pct": 13.1, "summit_elevation_m": 1883, "summit_lat": 46.25801, "summit_lon": 10.58185, "start_lat": 46.33338, "start_lon": 10.88881, "wikidata_id": "Q944457", "cycletrip_url": "https://cycletrip.pro/climbs/passo-del-tonale"}}, {"type": "Feature", "geometry": {"type": "Point", "coordinates": [9.2500135, 44.4725413]}, "properties": {"climb_slug": "passo-della-scoglina", "climb_name": "Passo della Scoglina", "country": "IT", "region": "Liguria", "side": "from Prato", "category": "1", "length_km": 15.6, "elevation_gain_m": 853, "avg_grade_pct": 5.5, "max_grade_pct": 15.3, "summit_elevation_m": 920, "summit_lat": 44.47254, "summit_lon": 9.25001, "start_lat": 44.40308, "start_lon": 9.24986, "wikidata_id": "Q3897405", "cycletrip_url": "https://cycletrip.pro/climbs/passo-della-scoglina"}}, {"type": "Feature", "geometry": {"type": "Point", "coordinates": [2.81799, 39.82754]}, "properties": {"climb_slug": "coll-dels-reis", "climb_name": "Coll dels Reis", "country": "ES", "region": "Mallorca", "side": "from Escorca", "category": "3", "length_km": 2.7, "elevation_gain_m": 160, "avg_grade_pct": 6.0, "max_grade_pct": 9.3, "summit_elevation_m": 682, "summit_lat": 39.82754, "summit_lon": 2.81799, "start_lat": 39.81608, "start_lon": 2.82456, "wikidata_id": "", "cycletrip_url": "https://cycletrip.pro/climbs/coll-dels-reis"}}, {"type": "Feature", "geometry": {"type": "Point", "coordinates": [2.81799, 39.82754]}, "properties": {"climb_slug": "coll-dels-reis", "climb_name": "Coll dels Reis", "country": "ES", "region": "Mallorca", "side": "from Sa Calobra", "category": "1", "length_km": 9.9, "elevation_gain_m": 680, "avg_grade_pct": 6.9, "max_grade_pct": 19.6, "summit_elevation_m": 682, "summit_lat": 39.82754, "summit_lon": 2.81799, "start_lat": 39.84947, "start_lon": 2.79951, "wikidata_id": "", "cycletrip_url": "https://cycletrip.pro/climbs/coll-dels-reis"}}, {"type": "Feature", "geometry": {"type": "Point", "coordinates": [2.70716, 42.25839]}, "properties": {"climb_slug": "mare-de-deu-del-mont", "climb_name": "Mare de Déu del Mont", "country": "ES", "region": "Girona", "side": "from Cabanelles", "category": "1", "length_km": 11.8, "elevation_gain_m": 746, "avg_grade_pct": 6.3, "max_grade_pct": 14.5, "summit_elevation_m": 1111, "summit_lat": 42.25839, "summit_lon": 2.70716, "start_lat": 42.26168, "start_lon": 2.76818, "wikidata_id": "", "cycletrip_url": "https://cycletrip.pro/climbs/mare-de-deu-del-mont"}}, {"type": "Feature", "geometry": {"type": "Point", "coordinates": [12.1996903, 46.887716]}, "properties": {"climb_slug": "staller-sattel-passo-di-stalle", "climb_name": "Staller Sattel - Passo di Stalle", "country": "IT", "region": "Dolomites", "side": "from Hopfgarten in Defereggen", "category": "2", "length_km": 27.2, "elevation_gain_m": 927, "avg_grade_pct": 3.4, "max_grade_pct": 21.3, "summit_elevation_m": 2052, "summit_lat": 46.88772, "summit_lon": 12.19969, "start_lat": 46.91866, "start_lon": 12.49444, "wikidata_id": "Q371791", "cycletrip_url": "https://cycletrip.pro/climbs/staller-sattel-passo-di-stalle"}}, {"type": "Feature", "geometry": {"type": "Point", "coordinates": [12.1996903, 46.887716]}, "properties": {"climb_slug": "staller-sattel-passo-di-stalle", "climb_name": "Staller Sattel - Passo di Stalle", "country": "IT", "region": "Dolomites", "side": "from Niederrasen - Rasun di Sotto", "category": "1", "length_km": 23.1, "elevation_gain_m": 1042, "avg_grade_pct": 4.5, "max_grade_pct": 14.1, "summit_elevation_m": 2052, "summit_lat": 46.88772, "summit_lon": 12.19969, "start_lat": 46.77304, "start_lon": 12.04072, "wikidata_id": "Q371791", "cycletrip_url": "https://cycletrip.pro/climbs/staller-sattel-passo-di-stalle"}}, {"type": "Feature", "geometry": {"type": "Point", "coordinates": [9.4433967, 44.415258]}, "properties": {"climb_slug": "passo-del-bocco", "climb_name": "Passo del Bocco", "country": "IT", "region": "Liguria", "side": "from Bedonia", "category": "3", "length_km": 27.6, "elevation_gain_m": 461, "avg_grade_pct": 1.7, "max_grade_pct": 9.3, "summit_elevation_m": 956, "summit_lat": 44.41526, "summit_lon": 9.4434, "start_lat": 44.49829, "start_lon": 9.6393, "wikidata_id": "Q1859877", "cycletrip_url": "https://cycletrip.pro/climbs/passo-del-bocco"}}, {"type": "Feature", "geometry": {"type": "Point", "coordinates": [9.4433967, 44.415258]}, "properties": {"climb_slug": "passo-del-bocco", "climb_name": "Passo del Bocco", "country": "IT", "region": "Liguria", "side": "from Prati di Mezzanego", "category": "1", "length_km": 15.4, "elevation_gain_m": 852, "avg_grade_pct": 5.5, "max_grade_pct": 13.9, "summit_elevation_m": 956, "summit_lat": 44.41526, "summit_lon": 9.4434, "start_lat": 44.39183, "start_lon": 9.37858, "wikidata_id": "Q1859877", "cycletrip_url": "https://cycletrip.pro/climbs/passo-del-bocco"}}, {"type": "Feature", "geometry": {"type": "Point", "coordinates": [11.9689203, 46.7229142]}, "properties": {"climb_slug": "ju-de-fur-ia-furkelpass-passo-furcia", "climb_name": "Ju de Furćia - Furkelpass - Passo Furcia", "country": "IT", "region": "Dolomites", "side": "from Pflaurenz - Floronzo", "category": "1", "length_km": 19.4, "elevation_gain_m": 945, "avg_grade_pct": 4.9, "max_grade_pct": 18.4, "summit_elevation_m": 1789, "summit_lat": 46.72291, "summit_lon": 11.96892, "start_lat": 46.77622, "start_lon": 11.87681, "wikidata_id": "Q641595", "cycletrip_url": "https://cycletrip.pro/climbs/ju-de-fur-ia-furkelpass-passo-furcia"}}, {"type": "Feature", "geometry": {"type": "Point", "coordinates": [11.9689203, 46.7229142]}, "properties": {"climb_slug": "ju-de-fur-ia-furkelpass-passo-furcia", "climb_name": "Ju de Furćia - Furkelpass - Passo Furcia", "country": "IT", "region": "Dolomites", "side": "from St. Lorenzen - San Lorenzo di Sebato", "category": "1", "length_km": 23.8, "elevation_gain_m": 953, "avg_grade_pct": 4.0, "max_grade_pct": 16.5, "summit_elevation_m": 1789, "summit_lat": 46.72291, "summit_lon": 11.96892, "start_lat": 46.78501, "start_lon": 11.90086, "wikidata_id": "Q641595", "cycletrip_url": "https://cycletrip.pro/climbs/ju-de-fur-ia-furkelpass-passo-furcia"}}, {"type": "Feature", "geometry": {"type": "Point", "coordinates": [11.2056337, 45.8291608]}, "properties": {"climb_slug": "passo-della-borcola", "climb_name": "Passo della Borcola", "country": "IT", "region": "Dolomites", "side": "from Arsiero", "category": "1", "length_km": 20.4, "elevation_gain_m": 910, "avg_grade_pct": 4.5, "max_grade_pct": 18.8, "summit_elevation_m": 1207, "summit_lat": 45.82916, "summit_lon": 11.20563, "start_lat": 45.80326, "start_lon": 11.3552, "wikidata_id": "Q3897387", "cycletrip_url": "https://cycletrip.pro/climbs/passo-della-borcola"}}, {"type": "Feature", "geometry": {"type": "Point", "coordinates": [11.2056337, 45.8291608]}, "properties": {"climb_slug": "passo-della-borcola", "climb_name": "Passo della Borcola", "country": "IT", "region": "Dolomites", "side": "from Rovereto", "category": "1", "length_km": 22.0, "elevation_gain_m": 1019, "avg_grade_pct": 4.6, "max_grade_pct": 16.2, "summit_elevation_m": 1207, "summit_lat": 45.82916, "summit_lon": 11.20563, "start_lat": 45.89081, "start_lon": 11.04341, "wikidata_id": "Q3897387", "cycletrip_url": "https://cycletrip.pro/climbs/passo-della-borcola"}}, {"type": "Feature", "geometry": {"type": "Point", "coordinates": [10.9058813, 45.7827813]}, "properties": {"climb_slug": "san-valentino", "climb_name": "San Valentino", "country": "IT", "region": "Lake Garda", "side": "from Fontechel", "category": "1", "length_km": 9.5, "elevation_gain_m": 664, "avg_grade_pct": 7.0, "max_grade_pct": 14.3, "summit_elevation_m": "", "summit_lat": 45.78278, "summit_lon": 10.90588, "start_lat": 45.81623, "start_lon": 10.94789, "wikidata_id": "", "cycletrip_url": "https://cycletrip.pro/climbs/san-valentino"}}, {"type": "Feature", "geometry": {"type": "Point", "coordinates": [6.0193845, 46.3692599]}, "properties": {"climb_slug": "col-de-la-faucille", "climb_name": "Col de la Faucille", "country": "FR", "region": "Jura", "side": "from Gex", "category": "1", "length_km": 12.1, "elevation_gain_m": 748, "avg_grade_pct": 6.2, "max_grade_pct": 12.7, "summit_elevation_m": 1323, "summit_lat": 46.36926, "summit_lon": 6.01938, "start_lat": 46.33155, "start_lon": 6.06462, "wikidata_id": "Q1107433", "cycletrip_url": "https://cycletrip.pro/climbs/col-de-la-faucille"}}, {"type": "Feature", "geometry": {"type": "Point", "coordinates": [6.0193845, 46.3692599]}, "properties": {"climb_slug": "col-de-la-faucille", "climb_name": "Col de la Faucille", "country": "FR", "region": "Jura", "side": "from Hauts de Bienne", "category": "3", "length_km": 26.1, "elevation_gain_m": 571, "avg_grade_pct": 2.2, "max_grade_pct": 11.2, "summit_elevation_m": 1323, "summit_lat": 46.36926, "summit_lon": 6.01938, "start_lat": 46.51815, "start_lon": 6.02718, "wikidata_id": "Q1107433", "cycletrip_url": "https://cycletrip.pro/climbs/col-de-la-faucille"}}, {"type": "Feature", "geometry": {"type": "Point", "coordinates": [10.1512614, 45.947389]}, "properties": {"climb_slug": "croce-di-salven", "climb_name": "Croce di Salven", "country": "IT", "region": "Lombardy", "side": "from Colere", "category": "3", "length_km": 8.9, "elevation_gain_m": 363, "avg_grade_pct": 4.1, "max_grade_pct": 14.5, "summit_elevation_m": 1108, "summit_lat": 45.94739, "summit_lon": 10.15126, "start_lat": 45.97478, "start_lon": 10.10433, "wikidata_id": "Q3698108", "cycletrip_url": "https://cycletrip.pro/climbs/croce-di-salven"}}, {"type": "Feature", "geometry": {"type": "Point", "coordinates": [10.1512614, 45.947389]}, "properties": {"climb_slug": "croce-di-salven", "climb_name": "Croce di Salven", "country": "IT", "region": "Lombardy", "side": "from Malegno", "category": "1", "length_km": 14.8, "elevation_gain_m": 826, "avg_grade_pct": 5.6, "max_grade_pct": 14.2, "summit_elevation_m": 1108, "summit_lat": 45.94739, "summit_lon": 10.15126, "start_lat": 45.94786, "start_lon": 10.27684, "wikidata_id": "Q3698108", "cycletrip_url": "https://cycletrip.pro/climbs/croce-di-salven"}}, {"type": "Feature", "geometry": {"type": "Point", "coordinates": [8.8878, 44.5506812]}, "properties": {"climb_slug": "passo-della-bocchetta", "climb_name": "Passo della Bocchetta", "country": "IT", "region": "Liguria", "side": "from Campomorone", "category": "1", "length_km": 8.7, "elevation_gain_m": 634, "avg_grade_pct": 7.3, "max_grade_pct": 18.4, "summit_elevation_m": 772, "summit_lat": 44.55068, "summit_lon": 8.8878, "start_lat": 44.51029, "start_lon": 8.88422, "wikidata_id": "Q3897384", "cycletrip_url": "https://cycletrip.pro/climbs/passo-della-bocchetta"}}, {"type": "Feature", "geometry": {"type": "Point", "coordinates": [8.8878, 44.5506812]}, "properties": {"climb_slug": "passo-della-bocchetta", "climb_name": "Passo della Bocchetta", "country": "IT", "region": "Liguria", "side": "from Carrosio", "category": "3", "length_km": 15.7, "elevation_gain_m": 521, "avg_grade_pct": 3.3, "max_grade_pct": 10.6, "summit_elevation_m": 772, "summit_lat": 44.55068, "summit_lon": 8.8878, "start_lat": 44.6604, "start_lon": 8.83059, "wikidata_id": "Q3897384", "cycletrip_url": "https://cycletrip.pro/climbs/passo-della-bocchetta"}}, {"type": "Feature", "geometry": {"type": "Point", "coordinates": [9.75274, 44.3886164]}, "properties": {"climb_slug": "passo-dei-due-santi", "climb_name": "Passo dei Due Santi", "country": "IT", "region": "Tuscany", "side": "from Adelano", "category": "1", "length_km": 7.4, "elevation_gain_m": 582, "avg_grade_pct": 7.9, "max_grade_pct": 19.5, "summit_elevation_m": 1392, "summit_lat": 44.38862, "summit_lon": 9.75274, "start_lat": 44.35585, "start_lon": 9.74891, "wikidata_id": "Q17638385", "cycletrip_url": "https://cycletrip.pro/climbs/passo-dei-due-santi"}}, {"type": "Feature", "geometry": {"type": "Point", "coordinates": [9.7932631, 45.7934059]}, "properties": {"climb_slug": "passo-di-ganda", "climb_name": "Passo di Ganda", "country": "IT", "region": "Lombardy", "side": "from Fiorano al Serio", "category": "1", "length_km": 9.7, "elevation_gain_m": 667, "avg_grade_pct": 6.9, "max_grade_pct": 16.7, "summit_elevation_m": "", "summit_lat": 45.79341, "summit_lon": 9.79326, "start_lat": 45.797, "start_lon": 9.83894, "wikidata_id": "", "cycletrip_url": "https://cycletrip.pro/climbs/passo-di-ganda"}}, {"type": "Feature", "geometry": {"type": "Point", "coordinates": [9.7932631, 45.7934059]}, "properties": {"climb_slug": "passo-di-ganda", "climb_name": "Passo di Ganda", "country": "IT", "region": "Lombardy", "side": "from Selvino", "category": "4", "length_km": 4.8, "elevation_gain_m": 143, "avg_grade_pct": 3.0, "max_grade_pct": 12.0, "summit_elevation_m": "", "summit_lat": 45.79341, "summit_lon": 9.79326, "start_lat": 45.78833, "start_lon": 9.75127, "wikidata_id": "", "cycletrip_url": "https://cycletrip.pro/climbs/passo-di-ganda"}}, {"type": "Feature", "geometry": {"type": "Point", "coordinates": [1.5479101, 42.5277506]}, "properties": {"climb_slug": "collada-de-beixal-s", "climb_name": "Collada de Beixalís", "country": "AD", "region": "Andorra", "side": "from La Massana", "category": "1", "length_km": 8.6, "elevation_gain_m": 589, "avg_grade_pct": 6.9, "max_grade_pct": 15.3, "summit_elevation_m": 1795, "summit_lat": 42.52775, "summit_lon": 1.54791, "start_lat": 42.53279, "start_lon": 1.51971, "wikidata_id": "Q21330627", "cycletrip_url": "https://cycletrip.pro/climbs/collada-de-beixal-s"}}, {"type": "Feature", "geometry": {"type": "Point", "coordinates": [1.5479101, 42.5277506]}, "properties": {"climb_slug": "collada-de-beixal-s", "climb_name": "Collada de Beixalís", "country": "AD", "region": "Andorra", "side": "from Vila", "category": "1", "length_km": 6.7, "elevation_gain_m": 553, "avg_grade_pct": 8.3, "max_grade_pct": 15.2, "summit_elevation_m": 1795, "summit_lat": 42.52775, "summit_lon": 1.54791, "start_lat": 42.53401, "start_lon": 1.57531, "wikidata_id": "Q21330627", "cycletrip_url": "https://cycletrip.pro/climbs/collada-de-beixal-s"}}, {"type": "Feature", "geometry": {"type": "Point", "coordinates": [12.2953929, 46.6177504]}, "properties": {"climb_slug": "tre-cime-di-lavaredo-drei-zinnen", "climb_name": "Tre Cime di Lavaredo - Drei Zinnen", "country": "IT", "region": "Dolomites", "side": "from Auronzo di Cadore", "category": "1", "length_km": 9.6, "elevation_gain_m": 659, "avg_grade_pct": 6.9, "max_grade_pct": 18.1, "summit_elevation_m": "", "summit_lat": 46.61775, "summit_lon": 12.29539, "start_lat": 46.56547, "start_lon": 12.24432, "wikidata_id": "", "cycletrip_url": "https://cycletrip.pro/climbs/tre-cime-di-lavaredo-drei-zinnen"}}, {"type": "Feature", "geometry": {"type": "Point", "coordinates": [1.4115943, 42.8064098]}, "properties": {"climb_slug": "port-de-lers", "climb_name": "Port de Lers", "country": "FR", "region": "Pyrenees", "side": "from Junac", "category": "1", "length_km": 19.4, "elevation_gain_m": 926, "avg_grade_pct": 4.8, "max_grade_pct": 17.4, "summit_elevation_m": 1517, "summit_lat": 42.80641, "summit_lon": 1.41159, "start_lat": 42.79282, "start_lon": 1.58017, "wikidata_id": "Q3398602", "cycletrip_url": "https://cycletrip.pro/climbs/port-de-lers"}}, {"type": "Feature", "geometry": {"type": "Point", "coordinates": [1.4115943, 42.8064098]}, "properties": {"climb_slug": "port-de-lers", "climb_name": "Port de Lers", "country": "FR", "region": "Pyrenees", "side": "from Massat", "category": "1", "length_km": 16.9, "elevation_gain_m": 883, "avg_grade_pct": 5.2, "max_grade_pct": 10.8, "summit_elevation_m": 1517, "summit_lat": 42.80641, "summit_lon": 1.41159, "start_lat": 42.89125, "start_lon": 1.34863, "wikidata_id": "Q3398602", "cycletrip_url": "https://cycletrip.pro/climbs/port-de-lers"}}, {"type": "Feature", "geometry": {"type": "Point", "coordinates": [9.1231477, 41.999775]}, "properties": {"climb_slug": "val-d-ese", "climb_name": "Val d'Ese", "country": "FR", "region": "Corsica", "side": "from Bastelica", "category": "1", "length_km": 15.1, "elevation_gain_m": 829, "avg_grade_pct": 5.5, "max_grade_pct": 13.5, "summit_elevation_m": "", "summit_lat": 41.99977, "summit_lon": 9.12315, "start_lat": 42.00068, "start_lon": 9.04949, "wikidata_id": "", "cycletrip_url": "https://cycletrip.pro/climbs/val-d-ese"}}, {"type": "Feature", "geometry": {"type": "Point", "coordinates": [2.4563034, 42.3670142]}, "properties": {"climb_slug": "col-d-ares", "climb_name": "Col d'Ares", "country": "ES", "region": "Girona", "side": "from Camprodon", "category": "3", "length_km": 16.5, "elevation_gain_m": 557, "avg_grade_pct": 3.4, "max_grade_pct": 9.8, "summit_elevation_m": 1512, "summit_lat": 42.36701, "summit_lon": 2.4563, "start_lat": 42.31492, "start_lon": 2.37512, "wikidata_id": "Q2981983", "cycletrip_url": "https://cycletrip.pro/climbs/col-d-ares"}}, {"type": "Feature", "geometry": {"type": "Point", "coordinates": [2.4563034, 42.3670142]}, "properties": {"climb_slug": "col-d-ares", "climb_name": "Col d'Ares", "country": "ES", "region": "Girona", "side": "from Prats-de-Mollo-la-Preste", "category": "1", "length_km": 13.1, "elevation_gain_m": 770, "avg_grade_pct": 5.9, "max_grade_pct": 14.1, "summit_elevation_m": 1512, "summit_lat": 42.36701, "summit_lon": 2.4563, "start_lat": 42.40191, "start_lon": 2.47947, "wikidata_id": "Q2981983", "cycletrip_url": "https://cycletrip.pro/climbs/col-d-ares"}}, {"type": "Feature", "geometry": {"type": "Point", "coordinates": [7.7843216, 44.0848413]}, "properties": {"climb_slug": "colle-san-bernardo-di-mendatica", "climb_name": "Colle San Bernardo di Mendatica", "country": "IT", "region": "Liguria", "side": "from Pieve di Teco", "category": "1", "length_km": 16.8, "elevation_gain_m": 881, "avg_grade_pct": 5.2, "max_grade_pct": 14.6, "summit_elevation_m": 1263, "summit_lat": 44.08484, "summit_lon": 7.78432, "start_lat": 44.05313, "start_lon": 7.89168, "wikidata_id": "Q21661608", "cycletrip_url": "https://cycletrip.pro/climbs/colle-san-bernardo-di-mendatica"}}, {"type": "Feature", "geometry": {"type": "Point", "coordinates": [12.908972203680426, 42.68282155297482]}, "properties": {"climb_slug": "forca-capistrello", "climb_name": "Forca Capistrello", "country": null, "region": null, "side": "from Sant'Anatolia di Narco", "category": "1", "length_km": 15.0, "elevation_gain_m": 831, "avg_grade_pct": 5.5, "max_grade_pct": 16.5, "summit_elevation_m": "", "summit_lat": 42.68282, "summit_lon": 12.90897, "start_lat": 42.73597, "start_lon": 12.83376, "wikidata_id": "", "cycletrip_url": "https://cycletrip.pro/climbs/forca-capistrello"}}, {"type": "Feature", "geometry": {"type": "Point", "coordinates": [1.4912606, 42.6271621]}, "properties": {"climb_slug": "ordino-arcalis", "climb_name": "Ordino-Arcalís", "country": "AD", "region": "Andorra", "side": "from la Cortinada", "category": "1", "length_km": 15.5, "elevation_gain_m": 839, "avg_grade_pct": 5.4, "max_grade_pct": 12.8, "summit_elevation_m": "", "summit_lat": 42.62716, "summit_lon": 1.49126, "start_lat": 42.56199, "start_lon": 1.52943, "wikidata_id": "", "cycletrip_url": "https://cycletrip.pro/climbs/ordino-arcalis"}}, {"type": "Feature", "geometry": {"type": "Point", "coordinates": [11.8121935, 46.4875517]}, "properties": {"climb_slug": "jouf-de-pordoi-passo-pordoi-pordoijoch", "climb_name": "Jouf de Pordoi - Passo Pordoi - Pordoijoch", "country": "IT", "region": "Dolomites", "side": "from Ruaz", "category": "1", "length_km": 13.4, "elevation_gain_m": 780, "avg_grade_pct": 5.8, "max_grade_pct": 10.5, "summit_elevation_m": 2239, "summit_lat": 46.48755, "summit_lon": 11.81219, "start_lat": 46.49592, "start_lon": 11.92158, "wikidata_id": "Q1193166", "cycletrip_url": "https://cycletrip.pro/climbs/jouf-de-pordoi-passo-pordoi-pordoijoch"}}, {"type": "Feature", "geometry": {"type": "Point", "coordinates": [11.8121935, 46.4875517]}, "properties": {"climb_slug": "jouf-de-pordoi-passo-pordoi-pordoijoch", "climb_name": "Jouf de Pordoi - Passo Pordoi - Pordoijoch", "country": "IT", "region": "Dolomites", "side": "from Soraga", "category": "1", "length_km": 27.3, "elevation_gain_m": 1038, "avg_grade_pct": 3.8, "max_grade_pct": 11.0, "summit_elevation_m": 2239, "summit_lat": 46.48755, "summit_lon": 11.81219, "start_lat": 46.39255, "start_lon": 11.66672, "wikidata_id": "Q1193166", "cycletrip_url": "https://cycletrip.pro/climbs/jouf-de-pordoi-passo-pordoi-pordoijoch"}}, {"type": "Feature", "geometry": {"type": "Point", "coordinates": [6.6452279, 46.2841387]}, "properties": {"climb_slug": "col-du-corbier", "climb_name": "Col du Corbier", "country": "FR", "region": "French Alps", "side": "from Bonnevaux", "category": "2", "length_km": 5.5, "elevation_gain_m": 415, "avg_grade_pct": 7.6, "max_grade_pct": 11.7, "summit_elevation_m": 1237, "summit_lat": 46.28414, "summit_lon": 6.64523, "start_lat": 46.30115, "start_lon": 6.67374, "wikidata_id": "Q2982256", "cycletrip_url": "https://cycletrip.pro/climbs/col-du-corbier"}}, {"type": "Feature", "geometry": {"type": "Point", "coordinates": [6.6452279, 46.2841387]}, "properties": {"climb_slug": "col-du-corbier", "climb_name": "Col du Corbier", "country": "FR", "region": "French Alps", "side": "from Le Biot", "category": "1", "length_km": 7.6, "elevation_gain_m": 583, "avg_grade_pct": 7.7, "max_grade_pct": 14.0, "summit_elevation_m": 1237, "summit_lat": 46.28414, "summit_lon": 6.64523, "start_lat": 46.28283, "start_lon": 6.61714, "wikidata_id": "Q2982256", "cycletrip_url": "https://cycletrip.pro/climbs/col-du-corbier"}}, {"type": "Feature", "geometry": {"type": "Point", "coordinates": [7.3825681, 45.1779148]}, "properties": {"climb_slug": "colle-del-lis", "climb_name": "Colle del Lis", "country": "IT", "region": "Piedmont", "side": "from Rubiana", "category": "1", "length_km": 9.7, "elevation_gain_m": 658, "avg_grade_pct": 6.8, "max_grade_pct": 12.7, "summit_elevation_m": 1311, "summit_lat": 45.17791, "summit_lon": 7.38257, "start_lat": 45.13885, "start_lon": 7.38236, "wikidata_id": "Q1108941", "cycletrip_url": "https://cycletrip.pro/climbs/colle-del-lis"}}, {"type": "Feature", "geometry": {"type": "Point", "coordinates": [7.3825681, 45.1779148]}, "properties": {"climb_slug": "colle-del-lis", "climb_name": "Colle del Lis", "country": "IT", "region": "Piedmont", "side": "from Viù", "category": "2", "length_km": 13.6, "elevation_gain_m": 591, "avg_grade_pct": 4.3, "max_grade_pct": 11.7, "summit_elevation_m": 1311, "summit_lat": 45.17791, "summit_lon": 7.38257, "start_lat": 45.23125, "start_lon": 7.36819, "wikidata_id": "Q1108941", "cycletrip_url": "https://cycletrip.pro/climbs/colle-del-lis"}}, {"type": "Feature", "geometry": {"type": "Point", "coordinates": [5.8692386, 45.8246985]}, "properties": {"climb_slug": "col-du-sapenay", "climb_name": "Col du Sapenay", "country": "FR", "region": "French Alps", "side": "from Chindrieux", "category": "1", "length_km": 9.6, "elevation_gain_m": 656, "avg_grade_pct": 6.8, "max_grade_pct": 10.3, "summit_elevation_m": 897, "summit_lat": 45.8247, "summit_lon": 5.86924, "start_lat": 45.81004, "start_lon": 5.85133, "wikidata_id": "Q2982317", "cycletrip_url": "https://cycletrip.pro/climbs/col-du-sapenay"}}, {"type": "Feature", "geometry": {"type": "Point", "coordinates": [5.8692386, 45.8246985]}, "properties": {"climb_slug": "col-du-sapenay", "climb_name": "Col du Sapenay", "country": "FR", "region": "French Alps", "side": "from Entrelacs", "category": "2", "length_km": 13.6, "elevation_gain_m": 543, "avg_grade_pct": 4.0, "max_grade_pct": 10.8, "summit_elevation_m": 897, "summit_lat": 45.8247, "summit_lon": 5.86924, "start_lat": 45.78689, "start_lon": 5.94279, "wikidata_id": "Q2982317", "cycletrip_url": "https://cycletrip.pro/climbs/col-du-sapenay"}}, {"type": "Feature", "geometry": {"type": "Point", "coordinates": [-3.0305029, 42.9489963]}, "properties": {"climb_slug": "puerto-de-ordu-a", "climb_name": "Puerto de Orduña", "country": "FR", "region": null, "side": "from Osma", "category": "3", "length_km": 6.7, "elevation_gain_m": 309, "avg_grade_pct": 4.6, "max_grade_pct": 10.0, "summit_elevation_m": 900, "summit_lat": 42.949, "summit_lon": -3.0305, "start_lat": 42.90125, "start_lon": -3.06348, "wikidata_id": "Q12268639", "cycletrip_url": "https://cycletrip.pro/climbs/puerto-de-ordu-a"}}, {"type": "Feature", "geometry": {"type": "Point", "coordinates": [-3.0305029, 42.9489963]}, "properties": {"climb_slug": "puerto-de-ordu-a", "climb_name": "Puerto de Orduña", "country": "FR", "region": null, "side": "from Urduña / Orduña", "category": "1", "length_km": 8.1, "elevation_gain_m": 597, "avg_grade_pct": 7.4, "max_grade_pct": 15.3, "summit_elevation_m": 900, "summit_lat": 42.949, "summit_lon": -3.0305, "start_lat": 42.98249, "start_lon": -3.01377, "wikidata_id": "Q12268639", "cycletrip_url": "https://cycletrip.pro/climbs/puerto-de-ordu-a"}}, {"type": "Feature", "geometry": {"type": "Point", "coordinates": [10.0032038, 44.4388077]}, "properties": {"climb_slug": "passo-di-cirone", "climb_name": "Passo di Cirone", "country": "IT", "region": "Northern Apennines", "side": "from Bosco di Corniglio", "category": "3", "length_km": 7.1, "elevation_gain_m": 367, "avg_grade_pct": 5.2, "max_grade_pct": 13.4, "summit_elevation_m": 1266, "summit_lat": 44.43881, "summit_lon": 10.0032, "start_lat": 44.44166, "start_lon": 10.03267, "wikidata_id": "Q3897430", "cycletrip_url": "https://cycletrip.pro/climbs/passo-di-cirone"}}, {"type": "Feature", "geometry": {"type": "Point", "coordinates": [10.0032038, 44.4388077]}, "properties": {"climb_slug": "passo-di-cirone", "climb_name": "Passo di Cirone", "country": "IT", "region": "Northern Apennines", "side": "from Pontremoli", "category": "1", "length_km": 18.4, "elevation_gain_m": 898, "avg_grade_pct": 4.9, "max_grade_pct": 14.7, "summit_elevation_m": 1266, "summit_lat": 44.43881, "summit_lon": 10.0032, "start_lat": 44.40079, "start_lon": 9.88786, "wikidata_id": "Q3897430", "cycletrip_url": "https://cycletrip.pro/climbs/passo-di-cirone"}}, {"type": "Feature", "geometry": {"type": "Point", "coordinates": [-3.7030192, 43.1180067]}, "properties": {"climb_slug": "puerto-de-las-estacas-de-trueba", "climb_name": "Puerto de las Estacas de Trueba", "country": "FR", "region": null, "side": "from Las Machorras", "category": "3", "length_km": 12.7, "elevation_gain_m": 362, "avg_grade_pct": 2.9, "max_grade_pct": 7.1, "summit_elevation_m": 1166, "summit_lat": 43.11801, "summit_lon": -3.70302, "start_lat": 43.11107, "start_lon": -3.5783, "wikidata_id": "Q16623246", "cycletrip_url": "https://cycletrip.pro/climbs/puerto-de-las-estacas-de-trueba"}}, {"type": "Feature", "geometry": {"type": "Point", "coordinates": [-3.7030192, 43.1180067]}, "properties": {"climb_slug": "puerto-de-las-estacas-de-trueba", "climb_name": "Puerto de las Estacas de Trueba", "country": "FR", "region": null, "side": "from Vega de Pas", "category": "1", "length_km": 15.7, "elevation_gain_m": 831, "avg_grade_pct": 5.3, "max_grade_pct": 14.2, "summit_elevation_m": 1166, "summit_lat": 43.11801, "summit_lon": -3.70302, "start_lat": 43.15783, "start_lon": -3.80266, "wikidata_id": "Q16623246", "cycletrip_url": "https://cycletrip.pro/climbs/puerto-de-las-estacas-de-trueba"}}, {"type": "Feature", "geometry": {"type": "Point", "coordinates": [-2.64621, 43.10092]}, "properties": {"climb_slug": "urkiola", "climb_name": "Urkiola", "country": "ES", "region": "Basque Country", "side": "from Mañaria", "category": "1", "length_km": 6.4, "elevation_gain_m": 533, "avg_grade_pct": 8.3, "max_grade_pct": 12.7, "summit_elevation_m": 700, "summit_lat": 43.10092, "summit_lon": -2.64621, "start_lat": 43.13942, "start_lon": -2.65414, "wikidata_id": "", "cycletrip_url": "https://cycletrip.pro/climbs/urkiola"}}, {"type": "Feature", "geometry": {"type": "Point", "coordinates": [-2.64621, 43.10092]}, "properties": {"climb_slug": "urkiola", "climb_name": "Urkiola", "country": "ES", "region": "Basque Country", "side": "from Otxandio", "category": "4", "length_km": 4.7, "elevation_gain_m": 140, "avg_grade_pct": 3.0, "max_grade_pct": 8.4, "summit_elevation_m": 700, "summit_lat": 43.10092, "summit_lon": -2.64621, "start_lat": 43.06311, "start_lon": -2.66151, "wikidata_id": "", "cycletrip_url": "https://cycletrip.pro/climbs/urkiola"}}, {"type": "Feature", "geometry": {"type": "Point", "coordinates": [5.32982, 44.09312]}, "properties": {"climb_slug": "col-de-notre-dame-des-abeilles", "climb_name": "Col de Notre-Dame des Abeilles", "country": "FR", "region": "Provence", "side": "from Saint-Jaume", "category": "3", "length_km": 8.5, "elevation_gain_m": 314, "avg_grade_pct": 3.7, "max_grade_pct": 13.3, "summit_elevation_m": 997, "summit_lat": 44.09312, "summit_lon": 5.32982, "start_lat": 44.09316, "start_lon": 5.38269, "wikidata_id": "", "cycletrip_url": "https://cycletrip.pro/climbs/col-de-notre-dame-des-abeilles"}}, {"type": "Feature", "geometry": {"type": "Point", "coordinates": [5.32982, 44.09312]}, "properties": {"climb_slug": "col-de-notre-dame-des-abeilles", "climb_name": "Col de Notre-Dame des Abeilles", "country": "FR", "region": "Provence", "side": "from Villes-sur-Auzon", "category": "1", "length_km": 11.1, "elevation_gain_m": 699, "avg_grade_pct": 6.3, "max_grade_pct": 9.1, "summit_elevation_m": 997, "summit_lat": 44.09312, "summit_lon": 5.32982, "start_lat": 44.0578, "start_lon": 5.23521, "wikidata_id": "", "cycletrip_url": "https://cycletrip.pro/climbs/col-de-notre-dame-des-abeilles"}}, {"type": "Feature", "geometry": {"type": "Point", "coordinates": [11.9760487, 46.2365722]}, "properties": {"climb_slug": "forcella-aurine", "climb_name": "Forcella Aurine", "country": "IT", "region": "Dolomites", "side": "from Agordo", "category": "1", "length_km": 11.8, "elevation_gain_m": 715, "avg_grade_pct": 6.1, "max_grade_pct": 11.2, "summit_elevation_m": 1299, "summit_lat": 46.23657, "summit_lon": 11.97605, "start_lat": 46.2873, "start_lon": 12.0237, "wikidata_id": "Q3747942", "cycletrip_url": "https://cycletrip.pro/climbs/forcella-aurine"}}, {"type": "Feature", "geometry": {"type": "Point", "coordinates": [11.9760487, 46.2365722]}, "properties": {"climb_slug": "forcella-aurine", "climb_name": "Forcella Aurine", "country": "IT", "region": "Dolomites", "side": "from Don di Gosaldo", "category": "3", "length_km": 3.6, "elevation_gain_m": 161, "avg_grade_pct": 4.5, "max_grade_pct": 10.8, "summit_elevation_m": 1299, "summit_lat": 46.23657, "summit_lon": 11.97605, "start_lat": 46.22091, "start_lon": 11.95346, "wikidata_id": "Q3747942", "cycletrip_url": "https://cycletrip.pro/climbs/forcella-aurine"}}, {"type": "Feature", "geometry": {"type": "Point", "coordinates": [6.1355803, 45.5824424]}, "properties": {"climb_slug": "col-du-fr-ne", "climb_name": "Col du Frêne", "country": "FR", "region": "French Alps", "side": "from Sainte-Reine", "category": "3", "length_km": 4.1, "elevation_gain_m": 177, "avg_grade_pct": 4.3, "max_grade_pct": 9.8, "summit_elevation_m": 950, "summit_lat": 45.58244, "summit_lon": 6.13558, "start_lat": 45.61428, "start_lon": 6.14313, "wikidata_id": "Q49131435", "cycletrip_url": "https://cycletrip.pro/climbs/col-du-fr-ne"}}, {"type": "Feature", "geometry": {"type": "Point", "coordinates": [6.1355803, 45.5824424]}, "properties": {"climb_slug": "col-du-fr-ne", "climb_name": "Col du Frêne", "country": "FR", "region": "French Alps", "side": "from Saint-Pierre-d'Albigny", "category": "1", "length_km": 10.7, "elevation_gain_m": 683, "avg_grade_pct": 6.4, "max_grade_pct": 11.8, "summit_elevation_m": 950, "summit_lat": 45.58244, "summit_lon": 6.13558, "start_lat": 45.55308, "start_lon": 6.15904, "wikidata_id": "Q49131435", "cycletrip_url": "https://cycletrip.pro/climbs/col-du-fr-ne"}}, {"type": "Feature", "geometry": {"type": "Point", "coordinates": [7.8728783, 44.0849042]}, "properties": {"climb_slug": "colle-di-nava", "climb_name": "Colle di Nava", "country": "IT", "region": "Liguria", "side": "from Pieve di Teco", "category": "1", "length_km": 9.2, "elevation_gain_m": 633, "avg_grade_pct": 6.9, "max_grade_pct": 12.4, "summit_elevation_m": 934, "summit_lat": 44.0849, "summit_lon": 7.87288, "start_lat": 44.0504, "start_lon": 7.90388, "wikidata_id": "Q3682802", "cycletrip_url": "https://cycletrip.pro/climbs/colle-di-nava"}}, {"type": "Feature", "geometry": {"type": "Point", "coordinates": [7.8728783, 44.0849042]}, "properties": {"climb_slug": "colle-di-nava", "climb_name": "Colle di Nava", "country": "IT", "region": "Liguria", "side": "from Trappa", "category": "4", "length_km": 19.5, "elevation_gain_m": 333, "avg_grade_pct": 1.7, "max_grade_pct": 9.1, "summit_elevation_m": 934, "summit_lat": 44.0849, "summit_lon": 7.87288, "start_lat": 44.18915, "start_lon": 8.00242, "wikidata_id": "Q3682802", "cycletrip_url": "https://cycletrip.pro/climbs/colle-di-nava"}}, {"type": "Feature", "geometry": {"type": "Point", "coordinates": [12.6285732, 46.4997806]}, "properties": {"climb_slug": "forcella-lavardet", "climb_name": "Forcella Lavardet", "country": "IT", "region": "Dolomites", "side": "from Campolongo", "category": "2", "length_km": 11.0, "elevation_gain_m": 598, "avg_grade_pct": 5.4, "max_grade_pct": 12.0, "summit_elevation_m": 1542, "summit_lat": 46.49978, "summit_lon": 12.62857, "start_lat": 46.56505, "start_lon": 12.57832, "wikidata_id": "Q3747944", "cycletrip_url": "https://cycletrip.pro/climbs/forcella-lavardet"}}, {"type": "Feature", "geometry": {"type": "Point", "coordinates": [12.6285732, 46.4997806]}, "properties": {"climb_slug": "forcella-lavardet", "climb_name": "Forcella Lavardet", "country": "IT", "region": "Dolomites", "side": "from Ovaro / Davâr", "category": "1", "length_km": 23.6, "elevation_gain_m": 1022, "avg_grade_pct": 4.3, "max_grade_pct": 13.6, "summit_elevation_m": 1542, "summit_lat": 46.49978, "summit_lon": 12.62857, "start_lat": 46.50896, "start_lon": 12.86186, "wikidata_id": "Q3747944", "cycletrip_url": "https://cycletrip.pro/climbs/forcella-lavardet"}}, {"type": "Feature", "geometry": {"type": "Point", "coordinates": [-6.4174743009898165, 42.998164614205436]}, "properties": {"climb_slug": "puerto-de-leitariegos", "climb_name": "Puerto de Leitariegos", "country": "ES", "region": "Asturias", "side": "from Ponticieḷḷa", "category": "1", "length_km": 28.6, "elevation_gain_m": 1101, "avg_grade_pct": 3.9, "max_grade_pct": 10.4, "summit_elevation_m": 1525, "summit_lat": 42.99816, "summit_lon": -6.41747, "start_lat": 43.14068, "start_lon": -6.52834, "wikidata_id": "", "cycletrip_url": "https://cycletrip.pro/climbs/puerto-de-leitariegos"}}, {"type": "Feature", "geometry": {"type": "Point", "coordinates": [-6.4174743009898165, 42.998164614205436]}, "properties": {"climb_slug": "puerto-de-leitariegos", "climb_name": "Puerto de Leitariegos", "country": "ES", "region": "Asturias", "side": "from Villablino", "category": "2", "length_km": 11.0, "elevation_gain_m": 495, "avg_grade_pct": 4.5, "max_grade_pct": 10.3, "summit_elevation_m": 1525, "summit_lat": 42.99816, "summit_lon": -6.41747, "start_lat": 42.95183, "start_lon": -6.37173, "wikidata_id": "", "cycletrip_url": "https://cycletrip.pro/climbs/puerto-de-leitariegos"}}, {"type": "Feature", "geometry": {"type": "Point", "coordinates": [7.2774423, 44.9141355]}, "properties": {"climb_slug": "colle-pra-martino", "climb_name": "Colle Pra Martino", "country": "IT", "region": "Piedmont", "side": "from Abbadia Alpina", "category": "1", "length_km": 6.3, "elevation_gain_m": 520, "avg_grade_pct": 8.3, "max_grade_pct": 14.7, "summit_elevation_m": 916, "summit_lat": 44.91414, "summit_lon": 7.27744, "start_lat": 44.89214, "start_lon": 7.31755, "wikidata_id": "Q3682805", "cycletrip_url": "https://cycletrip.pro/climbs/colle-pra-martino"}}, {"type": "Feature", "geometry": {"type": "Point", "coordinates": [7.2774423, 44.9141355]}, "properties": {"climb_slug": "colle-pra-martino", "climb_name": "Colle Pra Martino", "country": "IT", "region": "Piedmont", "side": "from Villar Perosa", "category": "2", "length_km": 6.5, "elevation_gain_m": 409, "avg_grade_pct": 6.3, "max_grade_pct": 13.2, "summit_elevation_m": 916, "summit_lat": 44.91414, "summit_lon": 7.27744, "start_lat": 44.9231, "start_lon": 7.24491, "wikidata_id": "Q3682805", "cycletrip_url": "https://cycletrip.pro/climbs/colle-pra-martino"}}, {"type": "Feature", "geometry": {"type": "Point", "coordinates": [9.1121487, 42.1118935]}, "properties": {"climb_slug": "col-de-vizzavona", "climb_name": "Col de Vizzavona", "country": "FR", "region": "Corsica", "side": "from Bocognano", "category": "1", "length_km": 7.3, "elevation_gain_m": 561, "avg_grade_pct": 7.7, "max_grade_pct": 15.2, "summit_elevation_m": 1183, "summit_lat": 42.11189, "summit_lon": 9.11215, "start_lat": 42.08392, "start_lon": 9.05964, "wikidata_id": "Q2982142", "cycletrip_url": "https://cycletrip.pro/climbs/col-de-vizzavona"}}, {"type": "Feature", "geometry": {"type": "Point", "coordinates": [9.1121487, 42.1118935]}, "properties": {"climb_slug": "col-de-vizzavona", "climb_name": "Col de Vizzavona", "country": "FR", "region": "Corsica", "side": "from Venaco", "category": "2", "length_km": 17.1, "elevation_gain_m": 736, "avg_grade_pct": 4.3, "max_grade_pct": 14.0, "summit_elevation_m": 1183, "summit_lat": 42.11189, "summit_lon": 9.11215, "start_lat": 42.20345, "start_lon": 9.17368, "wikidata_id": "Q2982142", "cycletrip_url": "https://cycletrip.pro/climbs/col-de-vizzavona"}}, {"type": "Feature", "geometry": {"type": "Point", "coordinates": [7.2574328, 48.3834854]}, "properties": {"climb_slug": "col-de-la-charbonni-re", "climb_name": "Col de la Charbonnière", "country": "FR", "region": null, "side": "from Bourg-Bruche", "category": "3", "length_km": 13.9, "elevation_gain_m": 471, "avg_grade_pct": 3.4, "max_grade_pct": 11.3, "summit_elevation_m": 961, "summit_lat": 48.38349, "summit_lon": 7.25743, "start_lat": 48.35947, "start_lon": 7.1353, "wikidata_id": "Q2982153", "cycletrip_url": "https://cycletrip.pro/climbs/col-de-la-charbonni-re"}}, {"type": "Feature", "geometry": {"type": "Point", "coordinates": [7.2574328, 48.3834854]}, "properties": {"climb_slug": "col-de-la-charbonni-re", "climb_name": "Col de la Charbonnière", "country": "FR", "region": null, "side": "from Plaine", "category": "1", "length_km": 8.6, "elevation_gain_m": 548, "avg_grade_pct": 6.4, "max_grade_pct": 12.5, "summit_elevation_m": 961, "summit_lat": 48.38349, "summit_lon": 7.25743, "start_lat": 48.4224, "start_lon": 7.18389, "wikidata_id": "Q2982153", "cycletrip_url": "https://cycletrip.pro/climbs/col-de-la-charbonni-re"}}, {"type": "Feature", "geometry": {"type": "Point", "coordinates": [7.2574328, 48.3834854]}, "properties": {"climb_slug": "col-de-la-charbonni-re", "climb_name": "Col de la Charbonnière", "country": "FR", "region": null, "side": "from Villé", "category": "1", "length_km": 10.9, "elevation_gain_m": 684, "avg_grade_pct": 6.3, "max_grade_pct": 14.6, "summit_elevation_m": 961, "summit_lat": 48.38349, "summit_lon": 7.25743, "start_lat": 48.34719, "start_lon": 7.29914, "wikidata_id": "Q2982153", "cycletrip_url": "https://cycletrip.pro/climbs/col-de-la-charbonni-re"}}, {"type": "Feature", "geometry": {"type": "Point", "coordinates": [12.2018532, 46.5570248]}, "properties": {"climb_slug": "passo-tre-croci-son-zu-go", "climb_name": "Passo Tre Croci - Son Zuógo", "country": "IT", "region": "Dolomites", "side": "from Cortina d'Ampezzo", "category": "1", "length_km": 8.1, "elevation_gain_m": 589, "avg_grade_pct": 7.3, "max_grade_pct": 12.3, "summit_elevation_m": 1809, "summit_lat": 46.55702, "summit_lon": 12.20185, "start_lat": 46.54092, "start_lon": 12.13516, "wikidata_id": "Q729190", "cycletrip_url": "https://cycletrip.pro/climbs/passo-tre-croci-son-zu-go"}}, {"type": "Feature", "geometry": {"type": "Point", "coordinates": [12.2018532, 46.5570248]}, "properties": {"climb_slug": "passo-tre-croci-son-zu-go", "climb_name": "Passo Tre Croci - Son Zuógo", "country": "IT", "region": "Dolomites", "side": "from Pelos di Cadore", "category": "1", "length_km": 33.5, "elevation_gain_m": 1079, "avg_grade_pct": 3.2, "max_grade_pct": 10.7, "summit_elevation_m": 1809, "summit_lat": 46.55702, "summit_lon": 12.20185, "start_lat": 46.50006, "start_lon": 12.45518, "wikidata_id": "Q729190", "cycletrip_url": "https://cycletrip.pro/climbs/passo-tre-croci-son-zu-go"}}, {"type": "Feature", "geometry": {"type": "Point", "coordinates": [7.9096517, 47.8762639]}, "properties": {"climb_slug": "notschrei", "climb_name": "Notschrei", "country": "FR", "region": null, "side": "from Kirchzarten (Kernort)", "category": "1", "length_km": 12.4, "elevation_gain_m": 726, "avg_grade_pct": 5.9, "max_grade_pct": 15.3, "summit_elevation_m": 1120, "summit_lat": 47.87626, "summit_lon": 7.90965, "start_lat": 47.9539, "start_lon": 7.95293, "wikidata_id": "Q2002510", "cycletrip_url": "https://cycletrip.pro/climbs/notschrei"}}, {"type": "Feature", "geometry": {"type": "Point", "coordinates": [7.9096517, 47.8762639]}, "properties": {"climb_slug": "notschrei", "climb_name": "Notschrei", "country": "FR", "region": null, "side": "from Todtnau (Kernstadt)", "category": "2", "length_km": 7.5, "elevation_gain_m": 474, "avg_grade_pct": 6.3, "max_grade_pct": 12.5, "summit_elevation_m": 1120, "summit_lat": 47.87626, "summit_lon": 7.90965, "start_lat": 47.8267, "start_lon": 7.94199, "wikidata_id": "Q2002510", "cycletrip_url": "https://cycletrip.pro/climbs/notschrei"}}, {"type": "Feature", "geometry": {"type": "Point", "coordinates": [5.8367738, 45.30246]}, "properties": {"climb_slug": "col-du-coq", "climb_name": "Col du Coq", "country": "FR", "region": "French Alps", "side": "from Plateau-des-Petites-Roches", "category": "1", "length_km": 5.7, "elevation_gain_m": 496, "avg_grade_pct": 8.7, "max_grade_pct": 24.9, "summit_elevation_m": 1434, "summit_lat": 45.30246, "summit_lon": 5.83677, "start_lat": 45.28845, "start_lon": 5.84969, "wikidata_id": "Q2982257", "cycletrip_url": "https://cycletrip.pro/climbs/col-du-coq"}}, {"type": "Feature", "geometry": {"type": "Point", "coordinates": [5.8367738, 45.30246]}, "properties": {"climb_slug": "col-du-coq", "climb_name": "Col du Coq", "country": "FR", "region": "French Alps", "side": "from Saint-Pierre-de-Chartreuse", "category": "1", "length_km": 10.9, "elevation_gain_m": 616, "avg_grade_pct": 5.7, "max_grade_pct": 16.0, "summit_elevation_m": 1434, "summit_lat": 45.30246, "summit_lon": 5.83677, "start_lat": 45.33226, "start_lon": 5.8073, "wikidata_id": "Q2982257", "cycletrip_url": "https://cycletrip.pro/climbs/col-du-coq"}}, {"type": "Feature", "geometry": {"type": "Point", "coordinates": [10.2858586, 45.5494053]}, "properties": {"climb_slug": "monte-maddalena", "climb_name": "Monte Maddalena", "country": "IT", "region": "Lake Garda", "side": "from Brescia", "category": "1", "length_km": 11.2, "elevation_gain_m": 689, "avg_grade_pct": 6.2, "max_grade_pct": 10.7, "summit_elevation_m": 870, "summit_lat": 45.54941, "summit_lon": 10.28586, "start_lat": 45.53912, "start_lon": 10.23175, "wikidata_id": "Q3861712", "cycletrip_url": "https://cycletrip.pro/climbs/monte-maddalena"}}, {"type": "Feature", "geometry": {"type": "Point", "coordinates": [10.6649593, 44.145636]}, "properties": {"climb_slug": "passo-dell-abetone", "climb_name": "Passo dell'Abetone", "country": "IT", "region": "Tuscany", "side": "from Montalecchio", "category": "2", "length_km": 6.2, "elevation_gain_m": 387, "avg_grade_pct": 6.2, "max_grade_pct": 13.5, "summit_elevation_m": 1388, "summit_lat": 44.14564, "summit_lon": 10.66496, "start_lat": 44.17628, "start_lon": 10.65391, "wikidata_id": "Q1245920", "cycletrip_url": "https://cycletrip.pro/climbs/passo-dell-abetone"}}, {"type": "Feature", "geometry": {"type": "Point", "coordinates": [10.6649593, 44.145636]}, "properties": {"climb_slug": "passo-dell-abetone", "climb_name": "Passo dell'Abetone", "country": "IT", "region": "Tuscany", "side": "from San Cassiano", "category": "1", "length_km": 31.4, "elevation_gain_m": 1148, "avg_grade_pct": 3.7, "max_grade_pct": 13.8, "summit_elevation_m": 1388, "summit_lat": 44.14564, "summit_lon": 10.66496, "start_lat": 44.03484, "start_lon": 10.64743, "wikidata_id": "Q1245920", "cycletrip_url": "https://cycletrip.pro/climbs/passo-dell-abetone"}}, {"type": "Feature", "geometry": {"type": "Point", "coordinates": [10.6649593, 44.145636]}, "properties": {"climb_slug": "passo-dell-abetone", "climb_name": "Passo dell'Abetone", "country": "IT", "region": "Tuscany", "side": "from Sant'Andreapelago", "category": "2", "length_km": 11.2, "elevation_gain_m": 605, "avg_grade_pct": 5.4, "max_grade_pct": 11.9, "summit_elevation_m": 1388, "summit_lat": 44.14564, "summit_lon": 10.66496, "start_lat": 44.20069, "start_lon": 10.61705, "wikidata_id": "Q1245920", "cycletrip_url": "https://cycletrip.pro/climbs/passo-dell-abetone"}}, {"type": "Feature", "geometry": {"type": "Point", "coordinates": [-6.2312414, 43.0303529]}, "properties": {"climb_slug": "puerto-de-somiedo", "climb_name": "Puerto de Somiedo", "country": "ES", "region": "Asturias", "side": "from Cabrillanes", "category": "4", "length_km": 8.5, "elevation_gain_m": 225, "avg_grade_pct": 2.7, "max_grade_pct": 6.3, "summit_elevation_m": 1485, "summit_lat": 43.03035, "summit_lon": -6.23124, "start_lat": 42.96491, "start_lon": -6.20884, "wikidata_id": "Q6092415", "cycletrip_url": "https://cycletrip.pro/climbs/puerto-de-somiedo"}}, {"type": "Feature", "geometry": {"type": "Point", "coordinates": [-6.2312414, 43.0303529]}, "properties": {"climb_slug": "puerto-de-somiedo", "climb_name": "Puerto de Somiedo", "country": "ES", "region": "Asturias", "side": "from La Ferreiría d'Augüera", "category": "1", "length_km": 33.1, "elevation_gain_m": 1187, "avg_grade_pct": 3.6, "max_grade_pct": 15.2, "summit_elevation_m": 1485, "summit_lat": 43.03035, "summit_lon": -6.23124, "start_lat": 43.22785, "start_lon": -6.23753, "wikidata_id": "Q6092415", "cycletrip_url": "https://cycletrip.pro/climbs/puerto-de-somiedo"}}, {"type": "Feature", "geometry": {"type": "Point", "coordinates": [2.1524121, 42.7371843]}, "properties": {"climb_slug": "col-du-garavel", "climb_name": "Col du Garavel", "country": "FR", "region": "Pyrenees", "side": "from Axat", "category": "1", "length_km": 14.7, "elevation_gain_m": 800, "avg_grade_pct": 5.4, "max_grade_pct": 13.0, "summit_elevation_m": 1256, "summit_lat": 42.73718, "summit_lon": 2.15241, "start_lat": 42.77826, "start_lon": 2.21869, "wikidata_id": "Q2982268", "cycletrip_url": "https://cycletrip.pro/climbs/col-du-garavel"}}, {"type": "Feature", "geometry": {"type": "Point", "coordinates": [2.1524121, 42.7371843]}, "properties": {"climb_slug": "col-du-garavel", "climb_name": "Col du Garavel", "country": "FR", "region": "Pyrenees", "side": "from Escouloubre", "category": "3", "length_km": 7.5, "elevation_gain_m": 296, "avg_grade_pct": 4.0, "max_grade_pct": 8.4, "summit_elevation_m": 1256, "summit_lat": 42.73718, "summit_lon": 2.15241, "start_lat": 42.71644, "start_lon": 2.12919, "wikidata_id": "Q2982268", "cycletrip_url": "https://cycletrip.pro/climbs/col-du-garavel"}}, {"type": "Feature", "geometry": {"type": "Point", "coordinates": [6.882543, 44.9590948]}, "properties": {"climb_slug": "colle-del-sestriere", "climb_name": "Colle del Sestriere", "country": "IT", "region": "Piedmont", "side": "from Cesana Torinese", "category": "1", "length_km": 11.5, "elevation_gain_m": 697, "avg_grade_pct": 6.1, "max_grade_pct": 13.3, "summit_elevation_m": 2035, "summit_lat": 44.95909, "summit_lon": 6.88254, "start_lat": 44.9531, "start_lon": 6.79374, "wikidata_id": "Q2685264", "cycletrip_url": "https://cycletrip.pro/climbs/colle-del-sestriere"}}, {"type": "Feature", "geometry": {"type": "Point", "coordinates": [10.7927044, 45.6946549]}, "properties": {"climb_slug": "punta-veleno", "climb_name": "Punta Veleno", "country": "IT", "region": "Lake Garda", "side": "from Castion Veronese", "category": "1", "length_km": 20.2, "elevation_gain_m": 922, "avg_grade_pct": 4.6, "max_grade_pct": 13.1, "summit_elevation_m": "", "summit_lat": 45.69465, "summit_lon": 10.7927, "start_lat": 45.5869, "start_lon": 10.74819, "wikidata_id": "", "cycletrip_url": "https://cycletrip.pro/climbs/punta-veleno"}}, {"type": "Feature", "geometry": {"type": "Point", "coordinates": [5.1585052, 44.8867954]}, "properties": {"climb_slug": "col-des-limouches", "climb_name": "Col des Limouches", "country": "FR", "region": null, "side": "from Beaufort-sur-Gervanne", "category": "2", "length_km": 18.8, "elevation_gain_m": 702, "avg_grade_pct": 3.7, "max_grade_pct": 9.4, "summit_elevation_m": 1086, "summit_lat": 44.8868, "summit_lon": 5.15851, "start_lat": 44.78082, "start_lon": 5.14334, "wikidata_id": "Q2982218", "cycletrip_url": "https://cycletrip.pro/climbs/col-des-limouches"}}, {"type": "Feature", "geometry": {"type": "Point", "coordinates": [5.1585052, 44.8867954]}, "properties": {"climb_slug": "col-des-limouches", "climb_name": "Col des Limouches", "country": "FR", "region": null, "side": "from Chabeuil", "category": "1", "length_km": 16.4, "elevation_gain_m": 837, "avg_grade_pct": 5.1, "max_grade_pct": 11.9, "summit_elevation_m": 1086, "summit_lat": 44.8868, "summit_lon": 5.15851, "start_lat": 44.91145, "start_lon": 5.04657, "wikidata_id": "Q2982218", "cycletrip_url": "https://cycletrip.pro/climbs/col-des-limouches"}}, {"type": "Feature", "geometry": {"type": "Point", "coordinates": [2.1734662, 42.8044109]}, "properties": {"climb_slug": "col-de-nadieu", "climb_name": "Col de Nadieu", "country": "FR", "region": "Pyrenees", "side": "from Axat", "category": "1", "length_km": 9.5, "elevation_gain_m": 635, "avg_grade_pct": 6.7, "max_grade_pct": 13.1, "summit_elevation_m": 1055, "summit_lat": 42.80441, "summit_lon": 2.17347, "start_lat": 42.80383, "start_lon": 2.23089, "wikidata_id": "Q109018711", "cycletrip_url": "https://cycletrip.pro/climbs/col-de-nadieu"}}, {"type": "Feature", "geometry": {"type": "Point", "coordinates": [6.0601151, 45.5965687]}, "properties": {"climb_slug": "col-des-pr-s", "climb_name": "Col des Prés", "country": "FR", "region": "French Alps", "side": "from Le Châtelard", "category": "3", "length_km": 14.2, "elevation_gain_m": 469, "avg_grade_pct": 3.3, "max_grade_pct": 11.5, "summit_elevation_m": 1134, "summit_lat": 45.59657, "summit_lon": 6.06012, "start_lat": 45.67474, "start_lon": 6.13689, "wikidata_id": "Q2982233", "cycletrip_url": "https://cycletrip.pro/climbs/col-des-pr-s"}}, {"type": "Feature", "geometry": {"type": "Point", "coordinates": [6.0601151, 45.5965687]}, "properties": {"climb_slug": "col-des-pr-s", "climb_name": "Col des Prés", "country": "FR", "region": "French Alps", "side": "from Thoiry", "category": "1", "length_km": 8.7, "elevation_gain_m": 611, "avg_grade_pct": 7.0, "max_grade_pct": 11.7, "summit_elevation_m": 1134, "summit_lat": 45.59657, "summit_lon": 6.06012, "start_lat": 45.59022, "start_lon": 6.02199, "wikidata_id": "Q2982233", "cycletrip_url": "https://cycletrip.pro/climbs/col-des-pr-s"}}, {"type": "Feature", "geometry": {"type": "Point", "coordinates": [9.8087512, 44.2799231]}, "properties": {"climb_slug": "passo-dei-casoni", "climb_name": "Passo dei Casoni", "country": "IT", "region": "Liguria", "side": "from Bocchignola", "category": "1", "length_km": 8.7, "elevation_gain_m": 610, "avg_grade_pct": 7.0, "max_grade_pct": 14.5, "summit_elevation_m": 992, "summit_lat": 44.27992, "summit_lon": 9.80875, "start_lat": 44.2597, "start_lon": 9.78252, "wikidata_id": "Q63526477", "cycletrip_url": "https://cycletrip.pro/climbs/passo-dei-casoni"}}, {"type": "Feature", "geometry": {"type": "Point", "coordinates": [9.3132721, 44.8019949]}, "properties": {"climb_slug": "passo-delle-tre-strade", "climb_name": "Passo delle Tre Strade", "country": "IT", "region": "Lombardy", "side": "from Bobbio", "category": "1", "length_km": 16.3, "elevation_gain_m": 839, "avg_grade_pct": 5.1, "max_grade_pct": 12.1, "summit_elevation_m": 1101, "summit_lat": 44.80199, "summit_lon": 9.31327, "start_lat": 44.78039, "start_lon": 9.40075, "wikidata_id": "Q3897418", "cycletrip_url": "https://cycletrip.pro/climbs/passo-delle-tre-strade"}}, {"type": "Feature", "geometry": {"type": "Point", "coordinates": [9.3132721, 44.8019949]}, "properties": {"climb_slug": "passo-delle-tre-strade", "climb_name": "Passo delle Tre Strade", "country": "IT", "region": "Lombardy", "side": "from Menconico", "category": "2", "length_km": 4.1, "elevation_gain_m": 353, "avg_grade_pct": 8.6, "max_grade_pct": 14.0, "summit_elevation_m": 1101, "summit_lat": 44.80199, "summit_lon": 9.31327, "start_lat": 44.79958, "start_lon": 9.28208, "wikidata_id": "Q3897418", "cycletrip_url": "https://cycletrip.pro/climbs/passo-delle-tre-strade"}}, {"type": "Feature", "geometry": {"type": "Point", "coordinates": [9.3132721, 44.8019949]}, "properties": {"climb_slug": "passo-delle-tre-strade", "climb_name": "Passo delle Tre Strade", "country": "IT", "region": "Lombardy", "side": "from Sagliano Crenna", "category": "1", "length_km": 14.4, "elevation_gain_m": 698, "avg_grade_pct": 4.8, "max_grade_pct": 14.0, "summit_elevation_m": 1101, "summit_lat": 44.80199, "summit_lon": 9.31327, "start_lat": 44.82399, "start_lon": 9.19011, "wikidata_id": "Q3897418", "cycletrip_url": "https://cycletrip.pro/climbs/passo-delle-tre-strade"}}, {"type": "Feature", "geometry": {"type": "Point", "coordinates": [7.0751167, 43.7606246]}, "properties": {"climb_slug": "col-de-vence", "climb_name": "Col de Vence", "country": "FR", "region": "French Alps", "side": "from Vence", "category": "1", "length_km": 9.7, "elevation_gain_m": 638, "avg_grade_pct": 6.6, "max_grade_pct": 11.0, "summit_elevation_m": 962, "summit_lat": 43.76062, "summit_lon": 7.07512, "start_lat": 43.72457, "start_lon": 7.10717, "wikidata_id": "Q2982133", "cycletrip_url": "https://cycletrip.pro/climbs/col-de-vence"}}, {"type": "Feature", "geometry": {"type": "Point", "coordinates": [9.7977431, 45.8870965]}, "properties": {"climb_slug": "colle-di-zambla", "climb_name": "Colle di Zambla", "country": "IT", "region": "Lombardy", "side": "from Ambria", "category": "1", "length_km": 23.0, "elevation_gain_m": 931, "avg_grade_pct": 4.1, "max_grade_pct": 12.9, "summit_elevation_m": 1264, "summit_lat": 45.8871, "summit_lon": 9.79774, "start_lat": 45.80788, "start_lon": 9.68071, "wikidata_id": "Q3682816", "cycletrip_url": "https://cycletrip.pro/climbs/colle-di-zambla"}}, {"type": "Feature", "geometry": {"type": "Point", "coordinates": [9.7977431, 45.8870965]}, "properties": {"climb_slug": "colle-di-zambla", "climb_name": "Colle di Zambla", "country": "IT", "region": "Lombardy", "side": "from Ponte Nossa", "category": "1", "length_km": 16.1, "elevation_gain_m": 813, "avg_grade_pct": 5.1, "max_grade_pct": 13.7, "summit_elevation_m": 1264, "summit_lat": 45.8871, "summit_lon": 9.79774, "start_lat": 45.85825, "start_lon": 9.87915, "wikidata_id": "Q3682816", "cycletrip_url": "https://cycletrip.pro/climbs/colle-di-zambla"}}, {"type": "Feature", "geometry": {"type": "Point", "coordinates": [6.1237609, 45.0099949]}, "properties": {"climb_slug": "les-deux-alpes", "climb_name": "Les Deux Alpes", "country": "FR", "region": "French Alps", "side": "from Mont-de-Lans", "category": "1", "length_km": 9.6, "elevation_gain_m": 635, "avg_grade_pct": 6.6, "max_grade_pct": 13.5, "summit_elevation_m": "", "summit_lat": 45.00999, "summit_lon": 6.12376, "start_lat": 45.04506, "start_lon": 6.13656, "wikidata_id": "", "cycletrip_url": "https://cycletrip.pro/climbs/les-deux-alpes"}}, {"type": "Feature", "geometry": {"type": "Point", "coordinates": [6.8369112, 47.8208668]}, "properties": {"climb_slug": "col-du-ballon-d-alsace", "climb_name": "Col du Ballon d'Alsace", "country": "FR", "region": "Vosges", "side": "from Lepuix", "category": "2", "length_km": 14.3, "elevation_gain_m": 668, "avg_grade_pct": 4.7, "max_grade_pct": 10.6, "summit_elevation_m": 1165, "summit_lat": 47.82087, "summit_lon": 6.83691, "start_lat": 47.75954, "start_lon": 6.82012, "wikidata_id": "Q1334057", "cycletrip_url": "https://cycletrip.pro/climbs/col-du-ballon-d-alsace"}}, {"type": "Feature", "geometry": {"type": "Point", "coordinates": [6.8369112, 47.8208668]}, "properties": {"climb_slug": "col-du-ballon-d-alsace", "climb_name": "Col du Ballon d'Alsace", "country": "FR", "region": "Vosges", "side": "from Saint-Maurice-sur-Moselle", "category": "1", "length_km": 9.3, "elevation_gain_m": 624, "avg_grade_pct": 6.7, "max_grade_pct": 11.2, "summit_elevation_m": 1165, "summit_lat": 47.82087, "summit_lon": 6.83691, "start_lat": 47.85483, "start_lon": 6.81892, "wikidata_id": "Q1334057", "cycletrip_url": "https://cycletrip.pro/climbs/col-du-ballon-d-alsace"}}, {"type": "Feature", "geometry": {"type": "Point", "coordinates": [6.772223, 46.2225156]}, "properties": {"climb_slug": "col-de-bassachaux", "climb_name": "Col de Bassachaux", "country": "FR", "region": "French Alps", "side": "from Châtel", "category": "1", "length_km": 10.4, "elevation_gain_m": 659, "avg_grade_pct": 6.3, "max_grade_pct": 12.4, "summit_elevation_m": 1778, "summit_lat": 46.22252, "summit_lon": 6.77222, "start_lat": 46.25629, "start_lon": 6.82527, "wikidata_id": "Q2982007", "cycletrip_url": "https://cycletrip.pro/climbs/col-de-bassachaux"}}, {"type": "Feature", "geometry": {"type": "Point", "coordinates": [7.1032626, 47.9036778]}, "properties": {"climb_slug": "col-du-grand-ballon", "climb_name": "Col du Grand Ballon", "country": "FR", "region": "Vosges", "side": "from Goldbach-Altenbach", "category": "1", "length_km": 6.4, "elevation_gain_m": 509, "avg_grade_pct": 8.0, "max_grade_pct": 11.2, "summit_elevation_m": 1343, "summit_lat": 47.90368, "summit_lon": 7.10326, "start_lat": 47.87627, "start_lon": 7.12665, "wikidata_id": "Q1397720", "cycletrip_url": "https://cycletrip.pro/climbs/col-du-grand-ballon"}}, {"type": "Feature", "geometry": {"type": "Point", "coordinates": [7.1032626, 47.9036778]}, "properties": {"climb_slug": "col-du-grand-ballon", "climb_name": "Col du Grand Ballon", "country": "FR", "region": "Vosges", "side": "from Oderen", "category": "4", "length_km": 12.8, "elevation_gain_m": 164, "avg_grade_pct": 1.3, "max_grade_pct": 8.6, "summit_elevation_m": 1343, "summit_lat": 47.90368, "summit_lon": 7.10326, "start_lat": 47.9571, "start_lon": 7.00463, "wikidata_id": "Q1397720", "cycletrip_url": "https://cycletrip.pro/climbs/col-du-grand-ballon"}}, {"type": "Feature", "geometry": {"type": "Point", "coordinates": [10.309948, 46.5018436]}, "properties": {"climb_slug": "torri-di-fraele", "climb_name": "Torri di Fraele", "country": "IT", "region": "Lombardy", "side": "from Premadio", "category": "1", "length_km": 8.6, "elevation_gain_m": 594, "avg_grade_pct": 6.9, "max_grade_pct": 11.9, "summit_elevation_m": "", "summit_lat": 46.50184, "summit_lon": 10.30995, "start_lat": 46.48556, "start_lon": 10.34165, "wikidata_id": "", "cycletrip_url": "https://cycletrip.pro/climbs/torri-di-fraele"}}, {"type": "Feature", "geometry": {"type": "Point", "coordinates": [6.8984272, 44.4218328]}, "properties": {"climb_slug": "col-de-larche-colle-della-maddalena", "climb_name": "Col de Larche / Colle della Maddalena", "country": "IT", "region": "Piedmont", "side": "from Jausiers", "category": "2", "length_km": 24.0, "elevation_gain_m": 778, "avg_grade_pct": 3.2, "max_grade_pct": 9.8, "summit_elevation_m": 1991, "summit_lat": 44.42183, "summit_lon": 6.89843, "start_lat": 44.4169, "start_lon": 6.72902, "wikidata_id": "Q1107381", "cycletrip_url": "https://cycletrip.pro/climbs/col-de-larche-colle-della-maddalena"}}, {"type": "Feature", "geometry": {"type": "Point", "coordinates": [6.8984272, 44.4218328]}, "properties": {"climb_slug": "col-de-larche-colle-della-maddalena", "climb_name": "Col de Larche / Colle della Maddalena", "country": "IT", "region": "Piedmont", "side": "from Vinadio", "category": "1", "length_km": 29.9, "elevation_gain_m": 1091, "avg_grade_pct": 3.7, "max_grade_pct": 29.3, "summit_elevation_m": 1991, "summit_lat": 44.42183, "summit_lon": 6.89843, "start_lat": 44.30301, "start_lon": 7.15115, "wikidata_id": "Q1107381", "cycletrip_url": "https://cycletrip.pro/climbs/col-de-larche-colle-della-maddalena"}}, {"type": "Feature", "geometry": {"type": "Point", "coordinates": [2.0923449, 42.4964744]}, "properties": {"climb_slug": "col-de-la-perche", "climb_name": "Col de la Perche", "country": "FR", "region": "Pyrenees", "side": "from Bourg-Madame", "category": "3", "length_km": 18.0, "elevation_gain_m": 438, "avg_grade_pct": 2.4, "max_grade_pct": 6.9, "summit_elevation_m": 1579, "summit_lat": 42.49647, "summit_lon": 2.09234, "start_lat": 42.43373, "start_lon": 1.94403, "wikidata_id": "Q3682487", "cycletrip_url": "https://cycletrip.pro/climbs/col-de-la-perche"}}, {"type": "Feature", "geometry": {"type": "Point", "coordinates": [2.0923449, 42.4964744]}, "properties": {"climb_slug": "col-de-la-perche", "climb_name": "Col de la Perche", "country": "FR", "region": "Pyrenees", "side": "from Corneilla-de-Conflent", "category": "1", "length_km": 31.5, "elevation_gain_m": 1126, "avg_grade_pct": 3.6, "max_grade_pct": 12.5, "summit_elevation_m": 1579, "summit_lat": 42.49647, "summit_lon": 2.09234, "start_lat": 42.58519, "start_lon": 2.36344, "wikidata_id": "Q3682487", "cycletrip_url": "https://cycletrip.pro/climbs/col-de-la-perche"}}, {"type": "Feature", "geometry": {"type": "Point", "coordinates": [2.0923449, 42.4964744]}, "properties": {"climb_slug": "col-de-la-perche", "climb_name": "Col de la Perche", "country": "FR", "region": "Pyrenees", "side": "from Saillagouse", "category": "3", "length_km": 10.4, "elevation_gain_m": 275, "avg_grade_pct": 2.6, "max_grade_pct": 9.8, "summit_elevation_m": 1579, "summit_lat": 42.49647, "summit_lon": 2.09234, "start_lat": 42.45777, "start_lon": 2.0401, "wikidata_id": "Q3682487", "cycletrip_url": "https://cycletrip.pro/climbs/col-de-la-perche"}}, {"type": "Feature", "geometry": {"type": "Point", "coordinates": [6.7742264, 47.7672036]}, "properties": {"climb_slug": "planche-des-belles-filles", "climb_name": "Planche des Belles Filles", "country": "FR", "region": "Vosges", "side": "from Plancher-les-Mines", "category": "1", "length_km": 4.6, "elevation_gain_m": 432, "avg_grade_pct": 9.4, "max_grade_pct": 14.4, "summit_elevation_m": 1148, "summit_lat": 47.7672, "summit_lon": 6.77423, "start_lat": 47.77261, "start_lon": 6.75138, "wikidata_id": "Q2098121", "cycletrip_url": "https://cycletrip.pro/climbs/planche-des-belles-filles"}}, {"type": "Feature", "geometry": {"type": "Point", "coordinates": [6.0479555, 44.6226103]}, "properties": {"climb_slug": "col-de-gleize", "climb_name": "Col de Gleize", "country": "FR", "region": "French Alps", "side": "from Gap", "category": "1", "length_km": 4.8, "elevation_gain_m": 442, "avg_grade_pct": 9.2, "max_grade_pct": 12.7, "summit_elevation_m": 1691, "summit_lat": 44.62261, "summit_lon": 6.04796, "start_lat": 44.61719, "start_lon": 6.08168, "wikidata_id": "Q2982057", "cycletrip_url": "https://cycletrip.pro/climbs/col-de-gleize"}}, {"type": "Feature", "geometry": {"type": "Point", "coordinates": [0.5688438649200426, 42.56244036819496]}, "properties": {"climb_slug": "cerler", "climb_name": "Cerler", "country": "ES", "region": "Southern Pyrenees", "side": "from Benasque", "category": "1", "length_km": 12.0, "elevation_gain_m": 696, "avg_grade_pct": 5.8, "max_grade_pct": 13.2, "summit_elevation_m": 1908, "summit_lat": 42.56244, "summit_lon": 0.56884, "start_lat": 42.61788, "start_lon": 0.53601, "wikidata_id": "", "cycletrip_url": "https://cycletrip.pro/climbs/cerler"}}, {"type": "Feature", "geometry": {"type": "Point", "coordinates": [-4.3602859, 36.8171599]}, "properties": {"climb_slug": "puerto-del-leon", "climb_name": "Puerto del León", "country": "ES", "region": "Andalusia", "side": "from Málaga", "category": "1", "length_km": 16.8, "elevation_gain_m": 826, "avg_grade_pct": 4.9, "max_grade_pct": 13.1, "summit_elevation_m": "", "summit_lat": 36.81716, "summit_lon": -4.36029, "start_lat": 36.73633, "start_lon": -4.41575, "wikidata_id": "", "cycletrip_url": "https://cycletrip.pro/climbs/puerto-del-leon"}}, {"type": "Feature", "geometry": {"type": "Point", "coordinates": [11.2612729, 45.6171023]}, "properties": {"climb_slug": "passo-santa-caterina", "climb_name": "Passo Santa Caterina", "country": "IT", "region": "Veneto", "side": "from San Pietro Mussolino", "category": "1", "length_km": 8.3, "elevation_gain_m": 542, "avg_grade_pct": 6.5, "max_grade_pct": 12.9, "summit_elevation_m": 796, "summit_lat": 45.6171, "summit_lon": 11.26127, "start_lat": 45.58684, "start_lon": 11.2556, "wikidata_id": "Q3897342", "cycletrip_url": "https://cycletrip.pro/climbs/passo-santa-caterina"}}, {"type": "Feature", "geometry": {"type": "Point", "coordinates": [11.2612729, 45.6171023]}, "properties": {"climb_slug": "passo-santa-caterina", "climb_name": "Passo Santa Caterina", "country": "IT", "region": "Veneto", "side": "from Valdagno", "category": "1", "length_km": 6.8, "elevation_gain_m": 521, "avg_grade_pct": 7.7, "max_grade_pct": 12.8, "summit_elevation_m": 796, "summit_lat": 45.6171, "summit_lon": 11.26127, "start_lat": 45.64089, "start_lon": 11.29266, "wikidata_id": "Q3897342", "cycletrip_url": "https://cycletrip.pro/climbs/passo-santa-caterina"}}, {"type": "Feature", "geometry": {"type": "Point", "coordinates": [-4.1232897, 36.9526116]}, "properties": {"climb_slug": "boquete-de-zafarraya", "climb_name": "Boquete de Zafarraya", "country": "ES", "region": "Andalusia", "side": "from Los Martínez", "category": "1", "length_km": 12.8, "elevation_gain_m": 722, "avg_grade_pct": 5.6, "max_grade_pct": 10.2, "summit_elevation_m": "", "summit_lat": 36.95261, "summit_lon": -4.12329, "start_lat": 36.87613, "start_lon": -4.15226, "wikidata_id": "", "cycletrip_url": "https://cycletrip.pro/climbs/boquete-de-zafarraya"}}, {"type": "Feature", "geometry": {"type": "Point", "coordinates": [15.1380051, 37.9757758]}, "properties": {"climb_slug": "portella-mandrazzi", "climb_name": "Portella Mandrazzi", "country": "IT", "region": "Sicily", "side": "from Terme Vigliatore", "category": "1", "length_km": 30.9, "elevation_gain_m": 1109, "avg_grade_pct": 3.6, "max_grade_pct": 12.1, "summit_elevation_m": 1129, "summit_lat": 37.97578, "summit_lon": 15.13801, "start_lat": 38.12881, "start_lon": 15.14435, "wikidata_id": "Q3909030", "cycletrip_url": "https://cycletrip.pro/climbs/portella-mandrazzi"}}, {"type": "Feature", "geometry": {"type": "Point", "coordinates": [15.1380051, 37.9757758]}, "properties": {"climb_slug": "portella-mandrazzi", "climb_name": "Portella Mandrazzi", "country": "IT", "region": "Sicily", "side": "from Trappitello", "category": "1", "length_km": 33.3, "elevation_gain_m": 1058, "avg_grade_pct": 3.2, "max_grade_pct": 11.2, "summit_elevation_m": 1129, "summit_lat": 37.97578, "summit_lon": 15.13801, "start_lat": 37.84548, "start_lon": 15.22817, "wikidata_id": "Q3909030", "cycletrip_url": "https://cycletrip.pro/climbs/portella-mandrazzi"}}, {"type": "Feature", "geometry": {"type": "Point", "coordinates": [11.1407307, 46.3265294]}, "properties": {"climb_slug": "passo-predaia", "climb_name": "Passo Predaia", "country": "IT", "region": "Dolomites", "side": "from Dermulo", "category": "1", "length_km": 11.5, "elevation_gain_m": 680, "avg_grade_pct": 5.9, "max_grade_pct": 13.5, "summit_elevation_m": 1250, "summit_lat": 46.32653, "summit_lon": 11.14073, "start_lat": 46.34274, "start_lon": 11.06312, "wikidata_id": "Q3897336", "cycletrip_url": "https://cycletrip.pro/climbs/passo-predaia"}}, {"type": "Feature", "geometry": {"type": "Point", "coordinates": [11.1407307, 46.3265294]}, "properties": {"climb_slug": "passo-predaia", "climb_name": "Passo Predaia", "country": "IT", "region": "Dolomites", "side": "from Taio", "category": "1", "length_km": 13.2, "elevation_gain_m": 726, "avg_grade_pct": 5.5, "max_grade_pct": 14.3, "summit_elevation_m": 1250, "summit_lat": 46.32653, "summit_lon": 11.14073, "start_lat": 46.32492, "start_lon": 11.06509, "wikidata_id": "Q3897336", "cycletrip_url": "https://cycletrip.pro/climbs/passo-predaia"}}, {"type": "Feature", "geometry": {"type": "Point", "coordinates": [11.8083893, 46.549819]}, "properties": {"climb_slug": "ju-de-frara-gr-dner-joch-passo-gardena", "climb_name": "Ju de Frara - Grödner Joch - Passo Gardena", "country": "IT", "region": "Dolomites", "side": "from Calfosch - Kolfuschg - Colfosco", "category": "1", "length_km": 8.9, "elevation_gain_m": 598, "avg_grade_pct": 6.7, "max_grade_pct": 11.9, "summit_elevation_m": 2121, "summit_lat": 46.54982, "summit_lon": 11.80839, "start_lat": 46.55175, "start_lon": 11.8714, "wikidata_id": "Q1416427", "cycletrip_url": "https://cycletrip.pro/climbs/ju-de-frara-gr-dner-joch-passo-gardena"}}, {"type": "Feature", "geometry": {"type": "Point", "coordinates": [11.8083893, 46.549819]}, "properties": {"climb_slug": "ju-de-frara-gr-dner-joch-passo-gardena", "climb_name": "Ju de Frara - Grödner Joch - Passo Gardena", "country": "IT", "region": "Dolomites", "side": "from Sëlva - Wolkenstein - Selva di Val Gardena", "category": "3", "length_km": 5.6, "elevation_gain_m": 241, "avg_grade_pct": 4.3, "max_grade_pct": 11.6, "summit_elevation_m": 2121, "summit_lat": 46.54982, "summit_lon": 11.80839, "start_lat": 46.53329, "start_lon": 11.77767, "wikidata_id": "Q1416427", "cycletrip_url": "https://cycletrip.pro/climbs/ju-de-frara-gr-dner-joch-passo-gardena"}}, {"type": "Feature", "geometry": {"type": "Point", "coordinates": [5.4944902, 46.1729136]}, "properties": {"climb_slug": "col-du-berthiand", "climb_name": "Col du Berthiand", "country": "FR", "region": "Jura", "side": "from Mornay", "category": "3", "length_km": 4.8, "elevation_gain_m": 308, "avg_grade_pct": 6.4, "max_grade_pct": 10.1, "summit_elevation_m": 780, "summit_lat": 46.17291, "summit_lon": 5.49449, "start_lat": 46.18735, "start_lon": 5.52377, "wikidata_id": "Q2982244", "cycletrip_url": "https://cycletrip.pro/climbs/col-du-berthiand"}}, {"type": "Feature", "geometry": {"type": "Point", "coordinates": [5.4944902, 46.1729136]}, "properties": {"climb_slug": "col-du-berthiand", "climb_name": "Col du Berthiand", "country": "FR", "region": "Jura", "side": "from Serrières-sur-Ain", "category": "1", "length_km": 6.4, "elevation_gain_m": 507, "avg_grade_pct": 7.9, "max_grade_pct": 11.0, "summit_elevation_m": 780, "summit_lat": 46.17291, "summit_lon": 5.49449, "start_lat": 46.1505, "start_lon": 5.44775, "wikidata_id": "Q2982244", "cycletrip_url": "https://cycletrip.pro/climbs/col-du-berthiand"}}, {"type": "Feature", "geometry": {"type": "Point", "coordinates": [2.6861, 42.07261]}, "properties": {"climb_slug": "rocacorba", "climb_name": "Rocacorba", "country": "ES", "region": "Girona", "side": "from Pujarnol", "category": "1", "length_km": 6.9, "elevation_gain_m": 527, "avg_grade_pct": 7.6, "max_grade_pct": 14.4, "summit_elevation_m": 985, "summit_lat": 42.07261, "summit_lon": 2.6861, "start_lat": 42.1029, "start_lon": 2.70809, "wikidata_id": "", "cycletrip_url": "https://cycletrip.pro/climbs/rocacorba"}}, {"type": "Feature", "geometry": {"type": "Point", "coordinates": [-4.2190762, 36.9700061]}, "properties": {"climb_slug": "puerto-del-sol", "climb_name": "Puerto del Sol", "country": "ES", "region": "Andalusia", "side": "from Alcaucín", "category": "1", "length_km": 18.0, "elevation_gain_m": 837, "avg_grade_pct": 4.7, "max_grade_pct": 10.6, "summit_elevation_m": "", "summit_lat": 36.97001, "summit_lon": -4.21908, "start_lat": 36.88934, "start_lon": -4.1466, "wikidata_id": "", "cycletrip_url": "https://cycletrip.pro/climbs/puerto-del-sol"}}, {"type": "Feature", "geometry": {"type": "Point", "coordinates": [-4.2190762, 36.9700061]}, "properties": {"climb_slug": "puerto-del-sol", "climb_name": "Puerto del Sol", "country": "ES", "region": "Andalusia", "side": "from Alfarnate", "category": "3", "length_km": 4.4, "elevation_gain_m": 182, "avg_grade_pct": 4.2, "max_grade_pct": 7.8, "summit_elevation_m": "", "summit_lat": 36.97001, "summit_lon": -4.21908, "start_lat": 36.995, "start_lon": -4.24452, "wikidata_id": "", "cycletrip_url": "https://cycletrip.pro/climbs/puerto-del-sol"}}, {"type": "Feature", "geometry": {"type": "Point", "coordinates": [5.38932, 43.99353]}, "properties": {"climb_slug": "col-de-la-liguiere", "climb_name": "Col de la Liguière", "country": "FR", "region": "Provence", "side": "from Saint-Saturnin-lès-Apt", "category": "1", "length_km": 13.6, "elevation_gain_m": 733, "avg_grade_pct": 5.4, "max_grade_pct": 9.7, "summit_elevation_m": 998, "summit_lat": 43.99353, "summit_lon": 5.38932, "start_lat": 43.9155, "start_lon": 5.38509, "wikidata_id": "", "cycletrip_url": "https://cycletrip.pro/climbs/col-de-la-liguiere"}}, {"type": "Feature", "geometry": {"type": "Point", "coordinates": [5.38932, 43.99353]}, "properties": {"climb_slug": "col-de-la-liguiere", "climb_name": "Col de la Liguière", "country": "FR", "region": "Provence", "side": "from Sault", "category": "3", "length_km": 11.0, "elevation_gain_m": 280, "avg_grade_pct": 2.6, "max_grade_pct": 6.9, "summit_elevation_m": 998, "summit_lat": 43.99353, "summit_lon": 5.38932, "start_lat": 44.0804, "start_lon": 5.40197, "wikidata_id": "", "cycletrip_url": "https://cycletrip.pro/climbs/col-de-la-liguiere"}}, {"type": "Feature", "geometry": {"type": "Point", "coordinates": [-0.5075115, 43.0704705]}, "properties": {"climb_slug": "col-de-marie-blanque", "climb_name": "Col de Marie-Blanque", "country": "FR", "region": "Pyrenees", "side": "from Bielle", "category": "2", "length_km": 11.6, "elevation_gain_m": 600, "avg_grade_pct": 5.2, "max_grade_pct": 14.9, "summit_elevation_m": 1035, "summit_lat": 43.07047, "summit_lon": -0.50751, "start_lat": 43.06059, "start_lon": -0.42668, "wikidata_id": "Q1107371", "cycletrip_url": "https://cycletrip.pro/climbs/col-de-marie-blanque"}}, {"type": "Feature", "geometry": {"type": "Point", "coordinates": [-0.5075115, 43.0704705]}, "properties": {"climb_slug": "col-de-marie-blanque", "climb_name": "Col de Marie-Blanque", "country": "FR", "region": "Pyrenees", "side": "from Lurbe-Saint-Christau", "category": "1", "length_km": 14.6, "elevation_gain_m": 753, "avg_grade_pct": 5.2, "max_grade_pct": 18.0, "summit_elevation_m": 1035, "summit_lat": 43.07047, "summit_lon": -0.50751, "start_lat": 43.11892, "start_lon": -0.60329, "wikidata_id": "Q1107371", "cycletrip_url": "https://cycletrip.pro/climbs/col-de-marie-blanque"}}, {"type": "Feature", "geometry": {"type": "Point", "coordinates": [-3.4418679, 43.1514461]}, "properties": {"climb_slug": "puerto-de-los-tornos", "climb_name": "Puerto de Los Tornos", "country": "ES", "region": "Cantabria", "side": "from Medina de Pomar", "category": "4", "length_km": 24.5, "elevation_gain_m": 323, "avg_grade_pct": 1.3, "max_grade_pct": 5.4, "summit_elevation_m": 920, "summit_lat": 43.15145, "summit_lon": -3.44187, "start_lat": 42.94909, "start_lon": -3.48267, "wikidata_id": "Q8558909", "cycletrip_url": "https://cycletrip.pro/climbs/puerto-de-los-tornos"}}, {"type": "Feature", "geometry": {"type": "Point", "coordinates": [-3.4418679, 43.1514461]}, "properties": {"climb_slug": "puerto-de-los-tornos", "climb_name": "Puerto de Los Tornos", "country": "ES", "region": "Cantabria", "side": "from Ramales de la Victoria", "category": "1", "length_km": 18.6, "elevation_gain_m": 847, "avg_grade_pct": 4.6, "max_grade_pct": 11.9, "summit_elevation_m": 920, "summit_lat": 43.15145, "summit_lon": -3.44187, "start_lat": 43.26108, "start_lon": -3.46615, "wikidata_id": "Q8558909", "cycletrip_url": "https://cycletrip.pro/climbs/puerto-de-los-tornos"}}, {"type": "Feature", "geometry": {"type": "Point", "coordinates": [9.3132296, 44.7454344]}, "properties": {"climb_slug": "passo-dei-ramari", "climb_name": "Passo dei Ramari", "country": "IT", "region": "Lombardy", "side": "from Bobbio", "category": "1", "length_km": 9.6, "elevation_gain_m": 611, "avg_grade_pct": 6.4, "max_grade_pct": 16.7, "summit_elevation_m": 1085, "summit_lat": 44.74543, "summit_lon": 9.31323, "start_lat": 44.75977, "start_lon": 9.36985, "wikidata_id": "Q3747338", "cycletrip_url": "https://cycletrip.pro/climbs/passo-dei-ramari"}}, {"type": "Feature", "geometry": {"type": "Point", "coordinates": [12.7827778, 46.3559335]}, "properties": {"climb_slug": "passo-rest-pas-di-rest", "climb_name": "Passo Rest / Pas di Rest", "country": "IT", "region": "Friuli", "side": "from Ampezzo / Dimpeç", "category": "1", "length_km": 8.0, "elevation_gain_m": 562, "avg_grade_pct": 7.0, "max_grade_pct": 16.4, "summit_elevation_m": 1052, "summit_lat": 46.35593, "summit_lon": 12.78278, "start_lat": 46.37694, "start_lon": 12.78289, "wikidata_id": "Q1436694", "cycletrip_url": "https://cycletrip.pro/climbs/passo-rest-pas-di-rest"}}, {"type": "Feature", "geometry": {"type": "Point", "coordinates": [12.7827778, 46.3559335]}, "properties": {"climb_slug": "passo-rest-pas-di-rest", "climb_name": "Passo Rest / Pas di Rest", "country": "IT", "region": "Friuli", "side": "from Tramonti di Sotto / Tramonç Disot - Vildisot", "category": "2", "length_km": 19.1, "elevation_gain_m": 764, "avg_grade_pct": 4.0, "max_grade_pct": 14.3, "summit_elevation_m": 1052, "summit_lat": 46.35593, "summit_lon": 12.78278, "start_lat": 46.261, "start_lon": 12.76382, "wikidata_id": "Q1436694", "cycletrip_url": "https://cycletrip.pro/climbs/passo-rest-pas-di-rest"}}, {"type": "Feature", "geometry": {"type": "Point", "coordinates": [9.7334322, 44.3286987]}, "properties": {"climb_slug": "foce-di-rastello", "climb_name": "Foce di Rastello", "country": "IT", "region": "Tuscany", "side": "from Coloretta", "category": "2", "length_km": 6.1, "elevation_gain_m": 371, "avg_grade_pct": 6.1, "max_grade_pct": 11.2, "summit_elevation_m": 1047, "summit_lat": 44.3287, "summit_lon": 9.73343, "start_lat": 44.34155, "start_lon": 9.76081, "wikidata_id": "Q3746951", "cycletrip_url": "https://cycletrip.pro/climbs/foce-di-rastello"}}, {"type": "Feature", "geometry": {"type": "Point", "coordinates": [9.7334322, 44.3286987]}, "properties": {"climb_slug": "foce-di-rastello", "climb_name": "Foce di Rastello", "country": "IT", "region": "Tuscany", "side": "from Zignago", "category": "1", "length_km": 8.7, "elevation_gain_m": 584, "avg_grade_pct": 6.7, "max_grade_pct": 13.3, "summit_elevation_m": 1047, "summit_lat": 44.3287, "summit_lon": 9.73343, "start_lat": 44.30614, "start_lon": 9.73846, "wikidata_id": "Q3746951", "cycletrip_url": "https://cycletrip.pro/climbs/foce-di-rastello"}}, {"type": "Feature", "geometry": {"type": "Point", "coordinates": [9.1035232, 44.6105991]}, "properties": {"climb_slug": "valico-di-san-fermo", "climb_name": "Valico di San Fermo", "country": "IT", "region": "Piedmont", "side": "from Cabella Ligure", "category": "2", "length_km": 9.1, "elevation_gain_m": 533, "avg_grade_pct": 5.9, "max_grade_pct": 12.0, "summit_elevation_m": 1129, "summit_lat": 44.6106, "summit_lon": 9.10352, "start_lat": 44.65679, "start_lon": 9.11667, "wikidata_id": "Q4007966", "cycletrip_url": "https://cycletrip.pro/climbs/valico-di-san-fermo"}}, {"type": "Feature", "geometry": {"type": "Point", "coordinates": [9.1035232, 44.6105991]}, "properties": {"climb_slug": "valico-di-san-fermo", "climb_name": "Valico di San Fermo", "country": "IT", "region": "Piedmont", "side": "from Isola del Cantone", "category": "1", "length_km": 16.2, "elevation_gain_m": 787, "avg_grade_pct": 4.9, "max_grade_pct": 13.4, "summit_elevation_m": 1129, "summit_lat": 44.6106, "summit_lon": 9.10352, "start_lat": 44.62412, "start_lon": 8.99185, "wikidata_id": "Q4007966", "cycletrip_url": "https://cycletrip.pro/climbs/valico-di-san-fermo"}}, {"type": "Feature", "geometry": {"type": "Point", "coordinates": [2.347652, 41.8009742]}, "properties": {"climb_slug": "collformic", "climb_name": "Collformic", "country": "FR", "region": null, "side": "from Sant Esteve de Palautordera", "category": "1", "length_km": 20.8, "elevation_gain_m": 900, "avg_grade_pct": 4.3, "max_grade_pct": 12.2, "summit_elevation_m": 1142, "summit_lat": 41.80097, "summit_lon": 2.34765, "start_lat": 41.70541, "start_lon": 2.43299, "wikidata_id": "Q11914714", "cycletrip_url": "https://cycletrip.pro/climbs/collformic"}}, {"type": "Feature", "geometry": {"type": "Point", "coordinates": [2.347652, 41.8009742]}, "properties": {"climb_slug": "collformic", "climb_name": "Collformic", "country": "FR", "region": null, "side": "from Seva", "category": "2", "length_km": 9.3, "elevation_gain_m": 468, "avg_grade_pct": 5.0, "max_grade_pct": 12.0, "summit_elevation_m": 1142, "summit_lat": 41.80097, "summit_lon": 2.34765, "start_lat": 41.83653, "start_lon": 2.28155, "wikidata_id": "Q11914714", "cycletrip_url": "https://cycletrip.pro/climbs/collformic"}}, {"type": "Feature", "geometry": {"type": "Point", "coordinates": [8.9331894, 41.8796864]}, "properties": {"climb_slug": "col-saint-georges", "climb_name": "Col Saint-Georges", "country": "FR", "region": "Corsica", "side": "from Ornasca", "category": "1", "length_km": 14.2, "elevation_gain_m": 738, "avg_grade_pct": 5.2, "max_grade_pct": 10.4, "summit_elevation_m": 757, "summit_lat": 41.87969, "summit_lon": 8.93319, "start_lat": 41.91249, "start_lon": 8.84112, "wikidata_id": "Q30739653", "cycletrip_url": "https://cycletrip.pro/climbs/col-saint-georges"}}, {"type": "Feature", "geometry": {"type": "Point", "coordinates": [8.9331894, 41.8796864]}, "properties": {"climb_slug": "col-saint-georges", "climb_name": "Col Saint-Georges", "country": "FR", "region": "Corsica", "side": "from Zigliara", "category": "2", "length_km": 14.0, "elevation_gain_m": 601, "avg_grade_pct": 4.3, "max_grade_pct": 9.3, "summit_elevation_m": 757, "summit_lat": 41.87969, "summit_lon": 8.93319, "start_lat": 41.81182, "start_lon": 8.95858, "wikidata_id": "Q30739653", "cycletrip_url": "https://cycletrip.pro/climbs/col-saint-georges"}}, {"type": "Feature", "geometry": {"type": "Point", "coordinates": [-3.8140572, 40.9866445]}, "properties": {"climb_slug": "puerto-de-navafr-a", "climb_name": "Puerto de Navafría", "country": "ES", "region": "Sierra de Guadarrama", "side": "from Alameda del Valle", "category": "1", "length_km": 11.4, "elevation_gain_m": 666, "avg_grade_pct": 5.8, "max_grade_pct": 11.2, "summit_elevation_m": 1774, "summit_lat": 40.98664, "summit_lon": -3.81406, "start_lat": 40.94995, "start_lon": -3.79316, "wikidata_id": "Q3925447", "cycletrip_url": "https://cycletrip.pro/climbs/puerto-de-navafr-a"}}, {"type": "Feature", "geometry": {"type": "Point", "coordinates": [-3.8140572, 40.9866445]}, "properties": {"climb_slug": "puerto-de-navafr-a", "climb_name": "Puerto de Navafría", "country": "ES", "region": "Sierra de Guadarrama", "side": "from Aldealengua de Pedraza", "category": "2", "length_km": 11.5, "elevation_gain_m": 586, "avg_grade_pct": 5.1, "max_grade_pct": 10.5, "summit_elevation_m": 1774, "summit_lat": 40.98664, "summit_lon": -3.81406, "start_lat": 41.06895, "start_lon": -3.8147, "wikidata_id": "Q3925447", "cycletrip_url": "https://cycletrip.pro/climbs/puerto-de-navafr-a"}}, {"type": "Feature", "geometry": {"type": "Point", "coordinates": [1.5515101, 42.2099635]}, "properties": {"climb_slug": "coll-de-port", "climb_name": "Coll de Port", "country": "ES", "region": "Southern Pyrenees", "side": "from la Coma", "category": "1", "length_km": 14.1, "elevation_gain_m": 732, "avg_grade_pct": 5.2, "max_grade_pct": 10.8, "summit_elevation_m": 1665, "summit_lat": 42.20996, "summit_lon": 1.55151, "start_lat": 42.15599, "start_lon": 1.59524, "wikidata_id": "Q11914514", "cycletrip_url": "https://cycletrip.pro/climbs/coll-de-port"}}, {"type": "Feature", "geometry": {"type": "Point", "coordinates": [1.5515101, 42.2099635]}, "properties": {"climb_slug": "coll-de-port", "climb_name": "Coll de Port", "country": "ES", "region": "Southern Pyrenees", "side": "from Tuixent", "category": "2", "length_km": 12.6, "elevation_gain_m": 611, "avg_grade_pct": 4.9, "max_grade_pct": 10.1, "summit_elevation_m": 1665, "summit_lat": 42.20996, "summit_lon": 1.55151, "start_lat": 42.23921, "start_lon": 1.53846, "wikidata_id": "Q11914514", "cycletrip_url": "https://cycletrip.pro/climbs/coll-de-port"}}, {"type": "Feature", "geometry": {"type": "Point", "coordinates": [-3.4732180077019748, 37.140346192057685]}, "properties": {"climb_slug": "puerto-el-purche", "climb_name": "Puerto El Purche", "country": "ES", "region": "Andalusia", "side": "from Cenes de la Vega", "category": "1", "length_km": 11.3, "elevation_gain_m": 656, "avg_grade_pct": 5.8, "max_grade_pct": 12.6, "summit_elevation_m": 1376, "summit_lat": 37.14035, "summit_lon": -3.47322, "start_lat": 37.15681, "start_lon": -3.54757, "wikidata_id": "", "cycletrip_url": "https://cycletrip.pro/climbs/puerto-el-purche"}}, {"type": "Feature", "geometry": {"type": "Point", "coordinates": [3.7685338, 44.4240998]}, "properties": {"climb_slug": "col-de-finiels", "climb_name": "Col de Finiels", "country": "FR", "region": "Massif Central", "side": "from Frutgères", "category": "1", "length_km": 10.9, "elevation_gain_m": 647, "avg_grade_pct": 5.9, "max_grade_pct": 10.4, "summit_elevation_m": 1541, "summit_lat": 44.4241, "summit_lon": 3.76853, "start_lat": 44.3638, "start_lon": 3.74532, "wikidata_id": "Q2982049", "cycletrip_url": "https://cycletrip.pro/climbs/col-de-finiels"}}, {"type": "Feature", "geometry": {"type": "Point", "coordinates": [3.7685338, 44.4240998]}, "properties": {"climb_slug": "col-de-finiels", "climb_name": "Col de Finiels", "country": "FR", "region": "Massif Central", "side": "from La Pouncho", "category": "3", "length_km": 11.1, "elevation_gain_m": 470, "avg_grade_pct": 4.2, "max_grade_pct": 10.0, "summit_elevation_m": 1541, "summit_lat": 44.4241, "summit_lon": 3.76853, "start_lat": 44.4903, "start_lon": 3.74, "wikidata_id": "Q2982049", "cycletrip_url": "https://cycletrip.pro/climbs/col-de-finiels"}}, {"type": "Feature", "geometry": {"type": "Point", "coordinates": [7.1238776, 44.3966848]}, "properties": {"climb_slug": "colle-d-esischie", "climb_name": "Colle d'Esischie", "country": "IT", "region": "Piedmont", "side": "from Marmora", "category": "1", "length_km": 6.9, "elevation_gain_m": 507, "avg_grade_pct": 7.4, "max_grade_pct": 12.7, "summit_elevation_m": 2370, "summit_lat": 44.39668, "summit_lon": 7.12388, "start_lat": 44.41733, "start_lon": 7.10458, "wikidata_id": "Q3682753", "cycletrip_url": "https://cycletrip.pro/climbs/colle-d-esischie"}}, {"type": "Feature", "geometry": {"type": "Point", "coordinates": [8.0473792, 44.1772968]}, "properties": {"climb_slug": "colle-san-bernardo", "climb_name": "Colle San Bernardo", "country": "IT", "region": "Piedmont", "side": "from Garessio", "category": "2", "length_km": 6.8, "elevation_gain_m": 373, "avg_grade_pct": 5.5, "max_grade_pct": 10.6, "summit_elevation_m": 957, "summit_lat": 44.1773, "summit_lon": 8.04738, "start_lat": 44.20571, "start_lon": 8.02115, "wikidata_id": "Q3682746", "cycletrip_url": "https://cycletrip.pro/climbs/colle-san-bernardo"}}, {"type": "Feature", "geometry": {"type": "Point", "coordinates": [8.0473792, 44.1772968]}, "properties": {"climb_slug": "colle-san-bernardo", "climb_name": "Colle San Bernardo", "country": "IT", "region": "Piedmont", "side": "from Zuccarello", "category": "1", "length_km": 19.5, "elevation_gain_m": 850, "avg_grade_pct": 4.4, "max_grade_pct": 14.5, "summit_elevation_m": 957, "summit_lat": 44.1773, "summit_lon": 8.04738, "start_lat": 44.10284, "start_lon": 8.12384, "wikidata_id": "Q3682746", "cycletrip_url": "https://cycletrip.pro/climbs/colle-san-bernardo"}}, {"type": "Feature", "geometry": {"type": "Point", "coordinates": [-3.5731134, 43.152886]}, "properties": {"climb_slug": "portillo-de-la-s-a", "climb_name": "Portillo de la Sía", "country": "ES", "region": "Cantabria", "side": "from Cañedo", "category": "1", "length_km": 8.4, "elevation_gain_m": 558, "avg_grade_pct": 6.7, "max_grade_pct": 11.6, "summit_elevation_m": 1200, "summit_lat": 43.15289, "summit_lon": -3.57311, "start_lat": 43.19199, "start_lon": -3.58396, "wikidata_id": "Q6083181", "cycletrip_url": "https://cycletrip.pro/climbs/portillo-de-la-s-a"}}, {"type": "Feature", "geometry": {"type": "Point", "coordinates": [-3.5731134, 43.152886]}, "properties": {"climb_slug": "portillo-de-la-s-a", "climb_name": "Portillo de la Sía", "country": "ES", "region": "Cantabria", "side": "from Las Machorras", "category": "2", "length_km": 7.4, "elevation_gain_m": 413, "avg_grade_pct": 5.6, "max_grade_pct": 11.0, "summit_elevation_m": 1200, "summit_lat": 43.15289, "summit_lon": -3.57311, "start_lat": 43.11802, "start_lon": -3.58474, "wikidata_id": "Q6083181", "cycletrip_url": "https://cycletrip.pro/climbs/portillo-de-la-s-a"}}, {"type": "Feature", "geometry": {"type": "Point", "coordinates": [9.4900715, 44.3654996]}, "properties": {"climb_slug": "passo-del-biscia", "climb_name": "Passo del Biscia", "country": "IT", "region": "Liguria", "side": "from Conscenti", "category": "1", "length_km": 18.6, "elevation_gain_m": 835, "avg_grade_pct": 4.5, "max_grade_pct": 11.7, "summit_elevation_m": 885, "summit_lat": 44.3655, "summit_lon": 9.49007, "start_lat": 44.34635, "start_lon": 9.39104, "wikidata_id": "Q178615", "cycletrip_url": "https://cycletrip.pro/climbs/passo-del-biscia"}}, {"type": "Feature", "geometry": {"type": "Point", "coordinates": [9.4900715, 44.3654996]}, "properties": {"climb_slug": "passo-del-biscia", "climb_name": "Passo del Biscia", "country": "IT", "region": "Liguria", "side": "from Varese Ligure", "category": "3", "length_km": 16.5, "elevation_gain_m": 542, "avg_grade_pct": 3.3, "max_grade_pct": 12.1, "summit_elevation_m": 885, "summit_lat": 44.3655, "summit_lon": 9.49007, "start_lat": 44.37427, "start_lon": 9.5939, "wikidata_id": "Q178615", "cycletrip_url": "https://cycletrip.pro/climbs/passo-del-biscia"}}, {"type": "Feature", "geometry": {"type": "Point", "coordinates": [7.3337665, 45.0832472]}, "properties": {"climb_slug": "colle-braida", "climb_name": "Colle Braida", "country": "IT", "region": "Piedmont", "side": "from Avigliana", "category": "1", "length_km": 10.8, "elevation_gain_m": 637, "avg_grade_pct": 5.9, "max_grade_pct": 14.3, "summit_elevation_m": 1006, "summit_lat": 45.08325, "summit_lon": 7.33377, "start_lat": 45.05955, "start_lon": 7.38682, "wikidata_id": "Q3682727", "cycletrip_url": "https://cycletrip.pro/climbs/colle-braida"}}, {"type": "Feature", "geometry": {"type": "Point", "coordinates": [7.3337665, 45.0832472]}, "properties": {"climb_slug": "colle-braida", "climb_name": "Colle Braida", "country": "IT", "region": "Piedmont", "side": "from Giaveno", "category": "2", "length_km": 7.9, "elevation_gain_m": 496, "avg_grade_pct": 6.3, "max_grade_pct": 11.8, "summit_elevation_m": 1006, "summit_lat": 45.08325, "summit_lon": 7.33377, "start_lat": 45.04628, "start_lon": 7.35434, "wikidata_id": "Q3682727", "cycletrip_url": "https://cycletrip.pro/climbs/colle-braida"}}, {"type": "Feature", "geometry": {"type": "Point", "coordinates": [7.3337665, 45.0832472]}, "properties": {"climb_slug": "colle-braida", "climb_name": "Colle Braida", "country": "IT", "region": "Piedmont", "side": "from Sant'Antonino di Susa", "category": "2", "length_km": 11.9, "elevation_gain_m": 623, "avg_grade_pct": 5.2, "max_grade_pct": 17.1, "summit_elevation_m": 1006, "summit_lat": 45.08325, "summit_lon": 7.33377, "start_lat": 45.10641, "start_lon": 7.27233, "wikidata_id": "Q3682727", "cycletrip_url": "https://cycletrip.pro/climbs/colle-braida"}}, {"type": "Feature", "geometry": {"type": "Point", "coordinates": [3.1259435, 44.5593922]}, "properties": {"climb_slug": "col-de-bonnecombe", "climb_name": "Col de Bonnecombe", "country": "FR", "region": "Massif Central", "side": "from Saint-Germain-du-Teil", "category": "1", "length_km": 17.0, "elevation_gain_m": 797, "avg_grade_pct": 4.7, "max_grade_pct": 9.8, "summit_elevation_m": 1340, "summit_lat": 44.55939, "summit_lon": 3.12594, "start_lat": 44.45844, "start_lon": 3.19683, "wikidata_id": "Q2982015", "cycletrip_url": "https://cycletrip.pro/climbs/col-de-bonnecombe"}}, {"type": "Feature", "geometry": {"type": "Point", "coordinates": [10.0990239, 45.9292123]}, "properties": {"climb_slug": "passo-della-presolana", "climb_name": "Passo della Presolana", "country": "IT", "region": "Lombardy", "side": "from Colere", "category": "1", "length_km": 8.1, "elevation_gain_m": 552, "avg_grade_pct": 6.8, "max_grade_pct": 16.5, "summit_elevation_m": 1297, "summit_lat": 45.92921, "summit_lon": 10.09902, "start_lat": 45.97415, "start_lon": 10.10458, "wikidata_id": "Q2920550", "cycletrip_url": "https://cycletrip.pro/climbs/passo-della-presolana"}}, {"type": "Feature", "geometry": {"type": "Point", "coordinates": [10.0990239, 45.9292123]}, "properties": {"climb_slug": "passo-della-presolana", "climb_name": "Passo della Presolana", "country": "IT", "region": "Lombardy", "side": "from San Lorenzo di Rovetta", "category": "1", "length_km": 12.2, "elevation_gain_m": 670, "avg_grade_pct": 5.5, "max_grade_pct": 14.1, "summit_elevation_m": 1297, "summit_lat": 45.92921, "summit_lon": 10.09902, "start_lat": 45.88503, "start_lon": 9.98142, "wikidata_id": "Q2920550", "cycletrip_url": "https://cycletrip.pro/climbs/passo-della-presolana"}}, {"type": "Feature", "geometry": {"type": "Point", "coordinates": [-0.32481, 38.65026]}, "properties": {"climb_slug": "port-de-tudons", "climb_name": "Port de Tudons", "country": "ES", "region": "Costa Blanca", "side": "from Benasau", "category": "3", "length_km": 8.1, "elevation_gain_m": 318, "avg_grade_pct": 3.9, "max_grade_pct": 10.6, "summit_elevation_m": 1024, "summit_lat": 38.65026, "summit_lon": -0.32481, "start_lat": 38.68824, "start_lon": -0.34033, "wikidata_id": "", "cycletrip_url": "https://cycletrip.pro/climbs/port-de-tudons"}}, {"type": "Feature", "geometry": {"type": "Point", "coordinates": [-0.32481, 38.65026]}, "properties": {"climb_slug": "port-de-tudons", "climb_name": "Port de Tudons", "country": "ES", "region": "Costa Blanca", "side": "from la Vila Joiosa / Villajoyosa", "category": "1", "length_km": 24.6, "elevation_gain_m": 958, "avg_grade_pct": 3.9, "max_grade_pct": 10.4, "summit_elevation_m": 1024, "summit_lat": 38.65026, "summit_lon": -0.32481, "start_lat": 38.52599, "start_lon": -0.24133, "wikidata_id": "", "cycletrip_url": "https://cycletrip.pro/climbs/port-de-tudons"}}, {"type": "Feature", "geometry": {"type": "Point", "coordinates": [-0.32481, 38.65026]}, "properties": {"climb_slug": "port-de-tudons", "climb_name": "Port de Tudons", "country": "ES", "region": "Costa Blanca", "side": "from Penàguila", "category": "3", "length_km": 8.9, "elevation_gain_m": 335, "avg_grade_pct": 3.8, "max_grade_pct": 9.1, "summit_elevation_m": 1024, "summit_lat": 38.65026, "summit_lon": -0.32481, "start_lat": 38.68035, "start_lon": -0.36755, "wikidata_id": "", "cycletrip_url": "https://cycletrip.pro/climbs/port-de-tudons"}}, {"type": "Feature", "geometry": {"type": "Point", "coordinates": [-4.141740195687305, 43.20702419843752]}, "properties": {"climb_slug": "collada-de-brenes", "climb_name": "Collada de Brenes", "country": "ES", "region": "Asturias", "side": "from Arenas de Iguña", "category": "2", "length_km": 12.4, "elevation_gain_m": 530, "avg_grade_pct": 4.3, "max_grade_pct": 11.5, "summit_elevation_m": 757, "summit_lat": 43.20702, "summit_lon": -4.14174, "start_lat": 43.19555, "start_lon": -4.05947, "wikidata_id": "", "cycletrip_url": "https://cycletrip.pro/climbs/collada-de-brenes"}}, {"type": "Feature", "geometry": {"type": "Point", "coordinates": [-4.141740195687305, 43.20702419843752]}, "properties": {"climb_slug": "collada-de-brenes", "climb_name": "Collada de Brenes", "country": "ES", "region": "Asturias", "side": "from Villayuso", "category": "1", "length_km": 7.0, "elevation_gain_m": 514, "avg_grade_pct": 7.3, "max_grade_pct": 16.5, "summit_elevation_m": 757, "summit_lat": 43.20702, "summit_lon": -4.14174, "start_lat": 43.22012, "start_lon": -4.10916, "wikidata_id": "", "cycletrip_url": "https://cycletrip.pro/climbs/collada-de-brenes"}}, {"type": "Feature", "geometry": {"type": "Point", "coordinates": [8.0677999, 44.20163]}, "properties": {"climb_slug": "colle-del-quasso", "climb_name": "Colle del Quasso", "country": "IT", "region": "Piedmont", "side": "from Calizzano", "category": "2", "length_km": 8.2, "elevation_gain_m": 453, "avg_grade_pct": 5.5, "max_grade_pct": 13.6, "summit_elevation_m": 1131, "summit_lat": 44.20163, "summit_lon": 8.0678, "start_lat": 44.23671, "start_lon": 8.11575, "wikidata_id": "Q52084496", "cycletrip_url": "https://cycletrip.pro/climbs/colle-del-quasso"}}, {"type": "Feature", "geometry": {"type": "Point", "coordinates": [8.0677999, 44.20163]}, "properties": {"climb_slug": "colle-del-quasso", "climb_name": "Colle del Quasso", "country": "IT", "region": "Piedmont", "side": "from Garessio", "category": "1", "length_km": 7.0, "elevation_gain_m": 514, "avg_grade_pct": 7.3, "max_grade_pct": 12.1, "summit_elevation_m": 1131, "summit_lat": 44.20163, "summit_lon": 8.0678, "start_lat": 44.20579, "start_lon": 8.02273, "wikidata_id": "Q52084496", "cycletrip_url": "https://cycletrip.pro/climbs/colle-del-quasso"}}, {"type": "Feature", "geometry": {"type": "Point", "coordinates": [13.1991862, 42.7486967]}, "properties": {"climb_slug": "forca-canapine", "climb_name": "Forca Canapine", "country": "IT", "region": "Central Apennines", "side": "from Norcia", "category": "1", "length_km": 13.4, "elevation_gain_m": 677, "avg_grade_pct": 5.1, "max_grade_pct": 14.5, "summit_elevation_m": 1543, "summit_lat": 42.7487, "summit_lon": 13.19919, "start_lat": 42.77258, "start_lon": 13.1443, "wikidata_id": "Q3747927", "cycletrip_url": "https://cycletrip.pro/climbs/forca-canapine"}}, {"type": "Feature", "geometry": {"type": "Point", "coordinates": [13.1991862, 42.7486967]}, "properties": {"climb_slug": "forca-canapine", "climb_name": "Forca Canapine", "country": "IT", "region": "Central Apennines", "side": "from Piedilama", "category": "1", "length_km": 23.2, "elevation_gain_m": 931, "avg_grade_pct": 4.0, "max_grade_pct": 18.8, "summit_elevation_m": 1543, "summit_lat": 42.7487, "summit_lon": 13.19919, "start_lat": 42.77498, "start_lon": 13.30976, "wikidata_id": "Q3747927", "cycletrip_url": "https://cycletrip.pro/climbs/forca-canapine"}}, {"type": "Feature", "geometry": {"type": "Point", "coordinates": [9.5011637, 44.5359135]}, "properties": {"climb_slug": "passo-del-tomarlo", "climb_name": "Passo del Tomarlo", "country": "IT", "region": "Northern Apennines", "side": "from Farini", "category": "2", "length_km": 34.5, "elevation_gain_m": 1022, "avg_grade_pct": 3.0, "max_grade_pct": 11.8, "summit_elevation_m": 1482, "summit_lat": 44.53591, "summit_lon": 9.50116, "start_lat": 44.70787, "start_lon": 9.56773, "wikidata_id": "Q3897377", "cycletrip_url": "https://cycletrip.pro/climbs/passo-del-tomarlo"}}, {"type": "Feature", "geometry": {"type": "Point", "coordinates": [9.5011637, 44.5359135]}, "properties": {"climb_slug": "passo-del-tomarlo", "climb_name": "Passo del Tomarlo", "country": "IT", "region": "Northern Apennines", "side": "from Santo Stefano d'Aveto", "category": "1", "length_km": 13.7, "elevation_gain_m": 705, "avg_grade_pct": 5.2, "max_grade_pct": 11.0, "summit_elevation_m": 1482, "summit_lat": 44.53591, "summit_lon": 9.50116, "start_lat": 44.51978, "start_lon": 9.45063, "wikidata_id": "Q3897377", "cycletrip_url": "https://cycletrip.pro/climbs/passo-del-tomarlo"}}, {"type": "Feature", "geometry": {"type": "Point", "coordinates": [-0.25226, 38.84466]}, "properties": {"climb_slug": "el-colladet-de-la-comba", "climb_name": "el Colladet de la Comba", "country": "ES", "region": "Costa Blanca", "side": "from la Vall de Gallinera", "category": "3", "length_km": 4.9, "elevation_gain_m": 258, "avg_grade_pct": 5.3, "max_grade_pct": 26.1, "summit_elevation_m": 696, "summit_lat": 38.84466, "summit_lon": -0.25226, "start_lat": 38.81689, "start_lon": -0.27047, "wikidata_id": "", "cycletrip_url": "https://cycletrip.pro/climbs/el-colladet-de-la-comba"}}, {"type": "Feature", "geometry": {"type": "Point", "coordinates": [-0.25226, 38.84466]}, "properties": {"climb_slug": "el-colladet-de-la-comba", "climb_name": "el Colladet de la Comba", "country": "ES", "region": "Costa Blanca", "side": "from Vilallonga / Villalonga", "category": "1", "length_km": 9.3, "elevation_gain_m": 581, "avg_grade_pct": 6.3, "max_grade_pct": 15.9, "summit_elevation_m": 696, "summit_lat": 38.84466, "summit_lon": -0.25226, "start_lat": 38.88431, "start_lon": -0.2087, "wikidata_id": "", "cycletrip_url": "https://cycletrip.pro/climbs/el-colladet-de-la-comba"}}, {"type": "Feature", "geometry": {"type": "Point", "coordinates": [6.6336698, 46.1727066]}, "properties": {"climb_slug": "col-de-l-encrenaz", "climb_name": "Col de l'Encrenaz", "country": "FR", "region": "French Alps", "side": "from Les Gets", "category": "2", "length_km": 8.5, "elevation_gain_m": 474, "avg_grade_pct": 5.6, "max_grade_pct": 14.2, "summit_elevation_m": 1433, "summit_lat": 46.17271, "summit_lon": 6.63367, "start_lat": 46.13593, "start_lon": 6.62462, "wikidata_id": "Q24935313", "cycletrip_url": "https://cycletrip.pro/climbs/col-de-l-encrenaz"}}, {"type": "Feature", "geometry": {"type": "Point", "coordinates": [6.6336698, 46.1727066]}, "properties": {"climb_slug": "col-de-l-encrenaz", "climb_name": "Col de l'Encrenaz", "country": "FR", "region": "French Alps", "side": "from Saint-Jean-d'Aulps", "category": "1", "length_km": 9.0, "elevation_gain_m": 577, "avg_grade_pct": 6.4, "max_grade_pct": 12.1, "summit_elevation_m": 1433, "summit_lat": 46.17271, "summit_lon": 6.63367, "start_lat": 46.21718, "start_lon": 6.66732, "wikidata_id": "Q24935313", "cycletrip_url": "https://cycletrip.pro/climbs/col-de-l-encrenaz"}}, {"type": "Feature", "geometry": {"type": "Point", "coordinates": [11.9150919, 43.7975131]}, "properties": {"climb_slug": "passo-dei-mandrioli", "climb_name": "Passo dei Mandrioli", "country": "IT", "region": "Tuscany", "side": "from Bagno di Romagna", "category": "1", "length_km": 12.6, "elevation_gain_m": 674, "avg_grade_pct": 5.4, "max_grade_pct": 22.3, "summit_elevation_m": 1173, "summit_lat": 43.79751, "summit_lon": 11.91509, "start_lat": 43.83727, "start_lon": 11.96136, "wikidata_id": "Q3897353", "cycletrip_url": "https://cycletrip.pro/climbs/passo-dei-mandrioli"}}, {"type": "Feature", "geometry": {"type": "Point", "coordinates": [11.9150919, 43.7975131]}, "properties": {"climb_slug": "passo-dei-mandrioli", "climb_name": "Passo dei Mandrioli", "country": "IT", "region": "Tuscany", "side": "from Soci", "category": "1", "length_km": 17.4, "elevation_gain_m": 791, "avg_grade_pct": 4.6, "max_grade_pct": 12.6, "summit_elevation_m": 1173, "summit_lat": 43.79751, "summit_lon": 11.91509, "start_lat": 43.72481, "start_lon": 11.81052, "wikidata_id": "Q3897353", "cycletrip_url": "https://cycletrip.pro/climbs/passo-dei-mandrioli"}}, {"type": "Feature", "geometry": {"type": "Point", "coordinates": [5.9674424, 45.0082793]}, "properties": {"climb_slug": "col-d-ornon", "climb_name": "Col d'Ornon", "country": "FR", "region": "French Alps", "side": "from Le Bourg-d'Oisans", "category": "1", "length_km": 11.3, "elevation_gain_m": 645, "avg_grade_pct": 5.7, "max_grade_pct": 15.8, "summit_elevation_m": 1371, "summit_lat": 45.00828, "summit_lon": 5.96744, "start_lat": 45.07216, "start_lon": 6.01796, "wikidata_id": "Q1107543", "cycletrip_url": "https://cycletrip.pro/climbs/col-d-ornon"}}, {"type": "Feature", "geometry": {"type": "Point", "coordinates": [5.9674424, 45.0082793]}, "properties": {"climb_slug": "col-d-ornon", "climb_name": "Col d'Ornon", "country": "FR", "region": "French Alps", "side": "from Saint-Laurent-en-Beaumont", "category": "2", "length_km": 27.3, "elevation_gain_m": 762, "avg_grade_pct": 2.8, "max_grade_pct": 9.9, "summit_elevation_m": 1371, "summit_lat": 45.00828, "summit_lon": 5.96744, "start_lat": 44.90107, "start_lon": 5.81877, "wikidata_id": "Q1107543", "cycletrip_url": "https://cycletrip.pro/climbs/col-d-ornon"}}, {"type": "Feature", "geometry": {"type": "Point", "coordinates": [11.3880595, 44.0468431]}, "properties": {"climb_slug": "passo-del-giogo", "climb_name": "Passo del Giogo", "country": "IT", "region": "Tuscany", "side": "from Casanuova", "category": "3", "length_km": 11.0, "elevation_gain_m": 452, "avg_grade_pct": 4.1, "max_grade_pct": 9.8, "summit_elevation_m": 882, "summit_lat": 44.04684, "summit_lon": 11.38806, "start_lat": 44.113, "start_lon": 11.38029, "wikidata_id": "Q180940", "cycletrip_url": "https://cycletrip.pro/climbs/passo-del-giogo"}}, {"type": "Feature", "geometry": {"type": "Point", "coordinates": [11.3880595, 44.0468431]}, "properties": {"climb_slug": "passo-del-giogo", "climb_name": "Passo del Giogo", "country": "IT", "region": "Tuscany", "side": "from Scarperia", "category": "1", "length_km": 11.7, "elevation_gain_m": 651, "avg_grade_pct": 5.6, "max_grade_pct": 12.5, "summit_elevation_m": 882, "summit_lat": 44.04684, "summit_lon": 11.38806, "start_lat": 43.98588, "start_lon": 11.34003, "wikidata_id": "Q180940", "cycletrip_url": "https://cycletrip.pro/climbs/passo-del-giogo"}}, {"type": "Feature", "geometry": {"type": "Point", "coordinates": [-2.18358, 43.12248]}, "properties": {"climb_slug": "santa-ageda-mendatea", "climb_name": "Santa Ageda mendatea", "country": "ES", "region": "Basque Country", "side": "from Albiztur", "category": "3", "length_km": 3.3, "elevation_gain_m": 231, "avg_grade_pct": 7.0, "max_grade_pct": 13.7, "summit_elevation_m": 700, "summit_lat": 43.12248, "summit_lon": -2.18358, "start_lat": 43.12151, "start_lon": -2.15275, "wikidata_id": "", "cycletrip_url": "https://cycletrip.pro/climbs/santa-ageda-mendatea"}}, {"type": "Feature", "geometry": {"type": "Point", "coordinates": [-2.18358, 43.12248]}, "properties": {"climb_slug": "santa-ageda-mendatea", "climb_name": "Santa Ageda mendatea", "country": "ES", "region": "Basque Country", "side": "from Azpeitia", "category": "1", "length_km": 8.4, "elevation_gain_m": 551, "avg_grade_pct": 6.6, "max_grade_pct": 13.8, "summit_elevation_m": 700, "summit_lat": 43.12248, "summit_lon": -2.18358, "start_lat": 43.13914, "start_lon": -2.23492, "wikidata_id": "", "cycletrip_url": "https://cycletrip.pro/climbs/santa-ageda-mendatea"}}, {"type": "Feature", "geometry": {"type": "Point", "coordinates": [5.8497141, 46.180643]}, "properties": {"climb_slug": "col-de-menthi-res", "climb_name": "Col de Menthières", "country": "FR", "region": "Jura", "side": "from Confort", "category": "1", "length_km": 9.2, "elevation_gain_m": 577, "avg_grade_pct": 6.3, "max_grade_pct": 14.0, "summit_elevation_m": 1136, "summit_lat": 46.18064, "summit_lon": 5.84971, "start_lat": 46.15034, "start_lon": 5.82261, "wikidata_id": "Q14982092", "cycletrip_url": "https://cycletrip.pro/climbs/col-de-menthi-res"}}, {"type": "Feature", "geometry": {"type": "Point", "coordinates": [5.8497141, 46.180643]}, "properties": {"climb_slug": "col-de-menthi-res", "climb_name": "Col de Menthières", "country": "FR", "region": "Jura", "side": "from Forens", "category": "3", "length_km": 8.3, "elevation_gain_m": 374, "avg_grade_pct": 4.5, "max_grade_pct": 10.7, "summit_elevation_m": 1136, "summit_lat": 46.18064, "summit_lon": 5.84971, "start_lat": 46.22077, "start_lon": 5.88102, "wikidata_id": "Q14982092", "cycletrip_url": "https://cycletrip.pro/climbs/col-de-menthi-res"}}, {"type": "Feature", "geometry": {"type": "Point", "coordinates": [-0.1395066, 42.8509555]}, "properties": {"climb_slug": "pont-d-espagne", "climb_name": "Pont d'Espagne", "country": "FR", "region": "Pyrenees", "side": "from Cauterets", "category": "1", "length_km": 9.8, "elevation_gain_m": 598, "avg_grade_pct": 6.1, "max_grade_pct": 15.7, "summit_elevation_m": "", "summit_lat": 42.85096, "summit_lon": -0.13951, "start_lat": 42.90305, "start_lon": -0.10572, "wikidata_id": "", "cycletrip_url": "https://cycletrip.pro/climbs/pont-d-espagne"}}, {"type": "Feature", "geometry": {"type": "Point", "coordinates": [8.159881, 44.1688375]}, "properties": {"climb_slug": "giogo-di-toirano", "climb_name": "Giogo di Toirano", "country": "IT", "region": "Liguria", "side": "from Borghetto Santo Spirito", "category": "1", "length_km": 16.5, "elevation_gain_m": 777, "avg_grade_pct": 4.7, "max_grade_pct": 14.7, "summit_elevation_m": 801, "summit_lat": 44.16884, "summit_lon": 8.15988, "start_lat": 44.12089, "start_lon": 8.2192, "wikidata_id": "Q17631666", "cycletrip_url": "https://cycletrip.pro/climbs/giogo-di-toirano"}}, {"type": "Feature", "geometry": {"type": "Point", "coordinates": [-4.2324568, 43.0637052]}, "properties": {"climb_slug": "puerto-de-palombera", "climb_name": "Puerto de Palombera", "country": "ES", "region": "Cantabria", "side": "from Espinilla", "category": "3", "length_km": 6.1, "elevation_gain_m": 332, "avg_grade_pct": 5.4, "max_grade_pct": 9.7, "summit_elevation_m": 1260, "summit_lat": 43.06371, "summit_lon": -4.23246, "start_lat": 43.02101, "start_lon": -4.22473, "wikidata_id": "Q1942621", "cycletrip_url": "https://cycletrip.pro/climbs/puerto-de-palombera"}}, {"type": "Feature", "geometry": {"type": "Point", "coordinates": [-4.2324568, 43.0637052]}, "properties": {"climb_slug": "puerto-de-palombera", "climb_name": "Puerto de Palombera", "country": "ES", "region": "Cantabria", "side": "from Ruente", "category": "1", "length_km": 29.6, "elevation_gain_m": 1042, "avg_grade_pct": 3.5, "max_grade_pct": 12.1, "summit_elevation_m": 1260, "summit_lat": 43.06371, "summit_lon": -4.23246, "start_lat": 43.23964, "start_lon": -4.286, "wikidata_id": "Q1942621", "cycletrip_url": "https://cycletrip.pro/climbs/puerto-de-palombera"}}, {"type": "Feature", "geometry": {"type": "Point", "coordinates": [11.0973198, 46.9053451]}, "properties": {"climb_slug": "timmelsjoch-passo-rombo", "climb_name": "Timmelsjoch - Passo Rombo", "country": "IT", "region": null, "side": "from Zwieselstein", "category": "1", "length_km": 4.9, "elevation_gain_m": 419, "avg_grade_pct": 8.6, "max_grade_pct": 12.3, "summit_elevation_m": 2474, "summit_lat": 46.90535, "summit_lon": 11.09732, "start_lat": 46.92094, "start_lon": 11.0626, "wikidata_id": "Q877334", "cycletrip_url": "https://cycletrip.pro/climbs/timmelsjoch-passo-rombo"}}, {"type": "Feature", "geometry": {"type": "Point", "coordinates": [7.0318064, 47.9233312]}, "properties": {"climb_slug": "le-markstein", "climb_name": "Le Markstein", "country": "FR", "region": "Vosges", "side": "from Buhl", "category": "1", "length_km": 19.5, "elevation_gain_m": 846, "avg_grade_pct": 4.3, "max_grade_pct": 13.3, "summit_elevation_m": "", "summit_lat": 47.92333, "summit_lon": 7.03181, "start_lat": 47.92766, "start_lon": 7.19219, "wikidata_id": "", "cycletrip_url": "https://cycletrip.pro/climbs/le-markstein"}}, {"type": "Feature", "geometry": {"type": "Point", "coordinates": [0.8537083, 42.9447507]}, "properties": {"climb_slug": "col-de-portet-d-aspet", "climb_name": "Col de Portet d'Aspet", "country": "FR", "region": "Pyrenees", "side": "from Aucazein", "category": "3", "length_km": 13.3, "elevation_gain_m": 519, "avg_grade_pct": 3.9, "max_grade_pct": 12.7, "summit_elevation_m": 1069, "summit_lat": 42.94475, "summit_lon": 0.85371, "start_lat": 42.93585, "start_lon": 0.97336, "wikidata_id": "Q1107409", "cycletrip_url": "https://cycletrip.pro/climbs/col-de-portet-d-aspet"}}, {"type": "Feature", "geometry": {"type": "Point", "coordinates": [0.8537083, 42.9447507]}, "properties": {"climb_slug": "col-de-portet-d-aspet", "climb_name": "Col de Portet d'Aspet", "country": "FR", "region": "Pyrenees", "side": "from Sengouagnet", "category": "1", "length_km": 8.8, "elevation_gain_m": 564, "avg_grade_pct": 6.4, "max_grade_pct": 15.3, "summit_elevation_m": 1069, "summit_lat": 42.94475, "summit_lon": 0.85371, "start_lat": 42.97413, "start_lon": 0.78887, "wikidata_id": "Q1107409", "cycletrip_url": "https://cycletrip.pro/climbs/col-de-portet-d-aspet"}}, {"type": "Feature", "geometry": {"type": "Point", "coordinates": [5.6037693, 44.7577636]}, "properties": {"climb_slug": "col-de-men-e", "climb_name": "Col de Menée", "country": "FR", "region": null, "side": "from Aix-en-Diois", "category": "1", "length_km": 29.4, "elevation_gain_m": 1014, "avg_grade_pct": 3.5, "max_grade_pct": 15.9, "summit_elevation_m": 1457, "summit_lat": 44.75776, "summit_lon": 5.60377, "start_lat": 44.70781, "start_lon": 5.40147, "wikidata_id": "Q2982080", "cycletrip_url": "https://cycletrip.pro/climbs/col-de-men-e"}}, {"type": "Feature", "geometry": {"type": "Point", "coordinates": [5.6037693, 44.7577636]}, "properties": {"climb_slug": "col-de-men-e", "climb_name": "Col de Menée", "country": "FR", "region": null, "side": "from Clelles", "category": "2", "length_km": 13.0, "elevation_gain_m": 627, "avg_grade_pct": 4.8, "max_grade_pct": 12.5, "summit_elevation_m": 1457, "summit_lat": 44.75776, "summit_lon": 5.60377, "start_lat": 44.8301, "start_lon": 5.60721, "wikidata_id": "Q2982080", "cycletrip_url": "https://cycletrip.pro/climbs/col-de-men-e"}}, {"type": "Feature", "geometry": {"type": "Point", "coordinates": [-1.3240032, 43.0197223]}, "properties": {"climb_slug": "iba-etako-lepoa", "climb_name": "Ibañetako lepoa", "country": "ES", "region": "Southern Pyrenees", "side": "from Aurizberri", "category": "4", "length_km": 5.2, "elevation_gain_m": 180, "avg_grade_pct": 3.5, "max_grade_pct": 8.8, "summit_elevation_m": 1057, "summit_lat": 43.01972, "summit_lon": -1.324, "start_lat": 42.98284, "start_lon": -1.3421, "wikidata_id": "Q1305618", "cycletrip_url": "https://cycletrip.pro/climbs/iba-etako-lepoa"}}, {"type": "Feature", "geometry": {"type": "Point", "coordinates": [-1.3240032, 43.0197223]}, "properties": {"climb_slug": "iba-etako-lepoa", "climb_name": "Ibañetako lepoa", "country": "ES", "region": "Southern Pyrenees", "side": "from Iholdy", "category": "1", "length_km": 19.3, "elevation_gain_m": 827, "avg_grade_pct": 4.3, "max_grade_pct": 12.3, "summit_elevation_m": 1057, "summit_lat": 43.01972, "summit_lon": -1.324, "start_lat": 43.1193, "start_lon": -1.26959, "wikidata_id": "Q1305618", "cycletrip_url": "https://cycletrip.pro/climbs/iba-etako-lepoa"}}, {"type": "Feature", "geometry": {"type": "Point", "coordinates": [-1.7593074, 43.3054341]}, "properties": {"climb_slug": "erlaitz", "climb_name": "Erlaitz", "country": "ES", "region": "Basque Country", "side": "unnamed approach", "category": "1", "length_km": 5.7, "elevation_gain_m": 453, "avg_grade_pct": 7.9, "max_grade_pct": 18.6, "summit_elevation_m": "", "summit_lat": 43.30543, "summit_lon": -1.75931, "start_lat": 43.33623, "start_lon": -1.77772, "wikidata_id": "", "cycletrip_url": "https://cycletrip.pro/climbs/erlaitz"}}, {"type": "Feature", "geometry": {"type": "Point", "coordinates": [1.4527628, 42.8990906]}, "properties": {"climb_slug": "col-de-port", "climb_name": "Col de Port", "country": "FR", "region": "Pyrenees", "side": "from Aleu", "category": "2", "length_km": 23.9, "elevation_gain_m": 750, "avg_grade_pct": 3.1, "max_grade_pct": 10.1, "summit_elevation_m": 1249, "summit_lat": 42.89909, "summit_lon": 1.45276, "start_lat": 42.90552, "start_lon": 1.24814, "wikidata_id": "Q2982100", "cycletrip_url": "https://cycletrip.pro/climbs/col-de-port"}}, {"type": "Feature", "geometry": {"type": "Point", "coordinates": [1.4527628, 42.8990906]}, "properties": {"climb_slug": "col-de-port", "climb_name": "Col de Port", "country": "FR", "region": "Pyrenees", "side": "from Tarascon-sur-Ariège", "category": "1", "length_km": 16.1, "elevation_gain_m": 761, "avg_grade_pct": 4.7, "max_grade_pct": 10.1, "summit_elevation_m": 1249, "summit_lat": 42.89909, "summit_lon": 1.45276, "start_lat": 42.85286, "start_lon": 1.59033, "wikidata_id": "Q2982100", "cycletrip_url": "https://cycletrip.pro/climbs/col-de-port"}}, {"type": "Feature", "geometry": {"type": "Point", "coordinates": [2.3459733, 42.1971486]}, "properties": {"climb_slug": "coll-de-canes", "climb_name": "Coll de Canes", "country": "ES", "region": "Girona", "side": "from Olot", "category": "1", "length_km": 14.7, "elevation_gain_m": 722, "avg_grade_pct": 4.9, "max_grade_pct": 12.7, "summit_elevation_m": 1120, "summit_lat": 42.19715, "summit_lon": 2.34597, "start_lat": 42.19684, "start_lon": 2.4955, "wikidata_id": "Q97013000", "cycletrip_url": "https://cycletrip.pro/climbs/coll-de-canes"}}, {"type": "Feature", "geometry": {"type": "Point", "coordinates": [2.3459733, 42.1971486]}, "properties": {"climb_slug": "coll-de-canes", "climb_name": "Coll de Canes", "country": "ES", "region": "Girona", "side": "from Ripoll", "category": "3", "length_km": 15.7, "elevation_gain_m": 436, "avg_grade_pct": 2.8, "max_grade_pct": 8.7, "summit_elevation_m": 1120, "summit_lat": 42.19715, "summit_lon": 2.34597, "start_lat": 42.19872, "start_lon": 2.19288, "wikidata_id": "Q97013000", "cycletrip_url": "https://cycletrip.pro/climbs/coll-de-canes"}}, {"type": "Feature", "geometry": {"type": "Point", "coordinates": [-3.4226151, 37.1153378]}, "properties": {"climb_slug": "collado-de-las-sabinas", "climb_name": "Collado de las Sabinas", "country": "ES", "region": "Andalusia", "side": "from Güéjar Sierra", "category": "1", "length_km": 7.4, "elevation_gain_m": 511, "avg_grade_pct": 6.9, "max_grade_pct": 11.1, "summit_elevation_m": "", "summit_lat": 37.11534, "summit_lon": -3.42262, "start_lat": 37.1327, "start_lon": -3.43501, "wikidata_id": "", "cycletrip_url": "https://cycletrip.pro/climbs/collado-de-las-sabinas"}}, {"type": "Feature", "geometry": {"type": "Point", "coordinates": [11.500387, 44.1437589]}, "properties": {"climb_slug": "passo-del-paretaio", "climb_name": "Passo del Paretaio", "country": "IT", "region": "Tuscany", "side": "from Firenzuola", "category": "1", "length_km": 10.1, "elevation_gain_m": 591, "avg_grade_pct": 5.9, "max_grade_pct": 11.8, "summit_elevation_m": 880, "summit_lat": 44.14376, "summit_lon": 11.50039, "start_lat": 44.15344, "start_lon": 11.45739, "wikidata_id": "Q16587484", "cycletrip_url": "https://cycletrip.pro/climbs/passo-del-paretaio"}}, {"type": "Feature", "geometry": {"type": "Point", "coordinates": [11.500387, 44.1437589]}, "properties": {"climb_slug": "passo-del-paretaio", "climb_name": "Passo del Paretaio", "country": "IT", "region": "Tuscany", "side": "from Palazzuolo sul Senio", "category": "2", "length_km": 7.9, "elevation_gain_m": 456, "avg_grade_pct": 5.8, "max_grade_pct": 12.7, "summit_elevation_m": 880, "summit_lat": 44.14376, "summit_lon": 11.50039, "start_lat": 44.11343, "start_lon": 11.54761, "wikidata_id": "Q16587484", "cycletrip_url": "https://cycletrip.pro/climbs/passo-del-paretaio"}}, {"type": "Feature", "geometry": {"type": "Point", "coordinates": [6.8458901, 46.2497016]}, "properties": {"climb_slug": "pas-de-morgins", "climb_name": "Pas de Morgins", "country": "FR", "region": "French Alps", "side": "from Châtel", "category": "3", "length_km": 3.2, "elevation_gain_m": 209, "avg_grade_pct": 6.5, "max_grade_pct": 9.9, "summit_elevation_m": 1371, "summit_lat": 46.2497, "summit_lon": 6.84589, "start_lat": 46.26916, "start_lon": 6.84043, "wikidata_id": "Q691297", "cycletrip_url": "https://cycletrip.pro/climbs/pas-de-morgins"}}, {"type": "Feature", "geometry": {"type": "Point", "coordinates": [6.8458901, 46.2497016]}, "properties": {"climb_slug": "pas-de-morgins", "climb_name": "Pas de Morgins", "country": "FR", "region": "French Alps", "side": "from Troistorrents", "category": "1", "length_km": 11.6, "elevation_gain_m": 636, "avg_grade_pct": 5.5, "max_grade_pct": 15.3, "summit_elevation_m": 1371, "summit_lat": 46.2497, "summit_lon": 6.84589, "start_lat": 46.23081, "start_lon": 6.91863, "wikidata_id": "Q691297", "cycletrip_url": "https://cycletrip.pro/climbs/pas-de-morgins"}}, {"type": "Feature", "geometry": {"type": "Point", "coordinates": [-4.0035848, 40.788913]}, "properties": {"climb_slug": "puerto-de-navacerrada", "climb_name": "Puerto de Navacerrada", "country": "ES", "region": "Sierra de Guadarrama", "side": "from Valsaín", "category": "1", "length_km": 10.8, "elevation_gain_m": 619, "avg_grade_pct": 5.7, "max_grade_pct": 13.0, "summit_elevation_m": 1858, "summit_lat": 40.78891, "summit_lon": -4.00358, "start_lat": 40.85283, "start_lon": -4.02801, "wikidata_id": "Q547949", "cycletrip_url": "https://cycletrip.pro/climbs/puerto-de-navacerrada"}}, {"type": "Feature", "geometry": {"type": "Point", "coordinates": [-1.88232, 43.26235]}, "properties": {"climb_slug": "aldura", "climb_name": "Aldura", "country": "ES", "region": "Basque Country", "side": "from Elizalde", "category": "1", "length_km": 3.5, "elevation_gain_m": 349, "avg_grade_pct": 10.0, "max_grade_pct": 16.9, "summit_elevation_m": 391, "summit_lat": 43.26235, "summit_lon": -1.88232, "start_lat": 43.28605, "start_lon": -1.8862, "wikidata_id": "", "cycletrip_url": "https://cycletrip.pro/climbs/aldura"}}, {"type": "Feature", "geometry": {"type": "Point", "coordinates": [11.8494492, 43.8092877]}, "properties": {"climb_slug": "passo-fangacci", "climb_name": "Passo Fangacci", "country": "IT", "region": "Tuscany", "side": "from Badia Prataglia", "category": "1", "length_km": 4.7, "elevation_gain_m": 399, "avg_grade_pct": 8.5, "max_grade_pct": 14.7, "summit_elevation_m": 1229, "summit_lat": 43.80929, "summit_lon": 11.84945, "start_lat": 43.7944, "start_lon": 11.87818, "wikidata_id": "Q3897326", "cycletrip_url": "https://cycletrip.pro/climbs/passo-fangacci"}}, {"type": "Feature", "geometry": {"type": "Point", "coordinates": [11.8494492, 43.8092877]}, "properties": {"climb_slug": "passo-fangacci", "climb_name": "Passo Fangacci", "country": "IT", "region": "Tuscany", "side": "from Ponte a Poppi", "category": "1", "length_km": 23.0, "elevation_gain_m": 901, "avg_grade_pct": 3.9, "max_grade_pct": 14.1, "summit_elevation_m": 1229, "summit_lat": 43.80929, "summit_lon": 11.84945, "start_lat": 43.72699, "start_lon": 11.77214, "wikidata_id": "Q3897326", "cycletrip_url": "https://cycletrip.pro/climbs/passo-fangacci"}}, {"type": "Feature", "geometry": {"type": "Point", "coordinates": [-2.9734694196005784, 42.25991941960058]}, "properties": {"climb_slug": "valdezcaray", "climb_name": "Valdezcaray", "country": "ES", "region": "La Rioja", "side": "from Cilbarrena", "category": "1", "length_km": 12.9, "elevation_gain_m": 671, "avg_grade_pct": 5.2, "max_grade_pct": 12.0, "summit_elevation_m": 1533, "summit_lat": 42.25992, "summit_lon": -2.97347, "start_lat": 42.3052, "start_lon": -3.02065, "wikidata_id": "", "cycletrip_url": "https://cycletrip.pro/climbs/valdezcaray"}}, {"type": "Feature", "geometry": {"type": "Point", "coordinates": [5.6195266, 45.9190507]}, "properties": {"climb_slug": "col-de-la-l-be", "climb_name": "Col de la Lèbe", "country": "FR", "region": "Jura", "side": "from Saint-Martin-de-Bavel", "category": "1", "length_km": 12.4, "elevation_gain_m": 657, "avg_grade_pct": 5.3, "max_grade_pct": 8.5, "summit_elevation_m": 914, "summit_lat": 45.91905, "summit_lon": 5.61953, "start_lat": 45.86112, "start_lon": 5.66143, "wikidata_id": "Q18537962", "cycletrip_url": "https://cycletrip.pro/climbs/col-de-la-l-be"}}, {"type": "Feature", "geometry": {"type": "Point", "coordinates": [8.0290759, 47.8563133]}, "properties": {"climb_slug": "feldbergpass", "climb_name": "Feldbergpass", "country": "FR", "region": null, "side": "from Geschwend", "category": "1", "length_km": 12.8, "elevation_gain_m": 666, "avg_grade_pct": 5.2, "max_grade_pct": 12.9, "summit_elevation_m": 1231, "summit_lat": 47.85631, "summit_lon": 8.02908, "start_lat": 47.80495, "start_lon": 7.93471, "wikidata_id": "Q1402367", "cycletrip_url": "https://cycletrip.pro/climbs/feldbergpass"}}, {"type": "Feature", "geometry": {"type": "Point", "coordinates": [8.0290759, 47.8563133]}, "properties": {"climb_slug": "feldbergpass", "climb_name": "Feldbergpass", "country": "FR", "region": null, "side": "from Titisee", "category": "3", "length_km": 13.7, "elevation_gain_m": 397, "avg_grade_pct": 2.9, "max_grade_pct": 13.0, "summit_elevation_m": 1231, "summit_lat": 47.85631, "summit_lon": 8.02908, "start_lat": 47.90698, "start_lon": 8.16984, "wikidata_id": "Q1402367", "cycletrip_url": "https://cycletrip.pro/climbs/feldbergpass"}}, {"type": "Feature", "geometry": {"type": "Point", "coordinates": [14.6197836, 40.7187549]}, "properties": {"climb_slug": "valico-di-chiunzi", "climb_name": "Valico di Chiunzi", "country": "IT", "region": "Campania", "side": "from Sant'Egidio del Monte Albino", "category": "1", "length_km": 9.0, "elevation_gain_m": 557, "avg_grade_pct": 6.2, "max_grade_pct": 17.0, "summit_elevation_m": 656, "summit_lat": 40.71875, "summit_lon": 14.61978, "start_lat": 40.733, "start_lon": 14.59378, "wikidata_id": "Q3675234", "cycletrip_url": "https://cycletrip.pro/climbs/valico-di-chiunzi"}}, {"type": "Feature", "geometry": {"type": "Point", "coordinates": [5.750961, 45.2356334]}, "properties": {"climb_slug": "col-de-vence-q2982135", "climb_name": "Col de Vence", "country": "FR", "region": "French Alps", "side": "from Grenoble", "category": "1", "length_km": 9.6, "elevation_gain_m": 578, "avg_grade_pct": 6.0, "max_grade_pct": 11.7, "summit_elevation_m": 782, "summit_lat": 45.23563, "summit_lon": 5.75096, "start_lat": 45.19385, "start_lon": 5.7192, "wikidata_id": "Q2982135", "cycletrip_url": "https://cycletrip.pro/climbs/col-de-vence-q2982135"}}, {"type": "Feature", "geometry": {"type": "Point", "coordinates": [1.719381, 42.5401763]}, "properties": {"climb_slug": "port-d-envalira", "climb_name": "Port d'Envalira", "country": "AD", "region": "Andorra", "side": "from Pas de la Casa", "category": "3", "length_km": 4.8, "elevation_gain_m": 304, "avg_grade_pct": 6.3, "max_grade_pct": 9.0, "summit_elevation_m": 2408, "summit_lat": 42.54018, "summit_lon": 1.71938, "start_lat": 42.5446, "start_lon": 1.73214, "wikidata_id": "Q738592", "cycletrip_url": "https://cycletrip.pro/climbs/port-d-envalira"}}, {"type": "Feature", "geometry": {"type": "Point", "coordinates": [1.719381, 42.5401763]}, "properties": {"climb_slug": "port-d-envalira", "climb_name": "Port d'Envalira", "country": "AD", "region": "Andorra", "side": "from Soldeu", "category": "1", "length_km": 8.7, "elevation_gain_m": 544, "avg_grade_pct": 6.3, "max_grade_pct": 9.2, "summit_elevation_m": 2408, "summit_lat": 42.54018, "summit_lon": 1.71938, "start_lat": 42.5741, "start_lon": 1.6739, "wikidata_id": "Q738592", "cycletrip_url": "https://cycletrip.pro/climbs/port-d-envalira"}}, {"type": "Feature", "geometry": {"type": "Point", "coordinates": [9.1129298, 45.8120722]}, "properties": {"climb_slug": "civiglio", "climb_name": "Civiglio", "country": "IT", "region": "Lombardy", "side": "from Como", "category": "1", "length_km": 5.0, "elevation_gain_m": 416, "avg_grade_pct": 8.3, "max_grade_pct": 15.4, "summit_elevation_m": "", "summit_lat": 45.81207, "summit_lon": 9.11293, "start_lat": 45.8044, "start_lon": 9.08139, "wikidata_id": "", "cycletrip_url": "https://cycletrip.pro/climbs/civiglio"}}, {"type": "Feature", "geometry": {"type": "Point", "coordinates": [5.4840256, 45.858856]}, "properties": {"climb_slug": "col-de-portes", "climb_name": "Col de Portes", "country": "FR", "region": "Jura", "side": "from Andert", "category": "2", "length_km": 22.2, "elevation_gain_m": 780, "avg_grade_pct": 3.5, "max_grade_pct": 9.8, "summit_elevation_m": 1010, "summit_lat": 45.85886, "summit_lon": 5.48403, "start_lat": 45.77683, "start_lon": 5.6612, "wikidata_id": "Q2982101", "cycletrip_url": "https://cycletrip.pro/climbs/col-de-portes"}}, {"type": "Feature", "geometry": {"type": "Point", "coordinates": [5.4840256, 45.858856]}, "properties": {"climb_slug": "col-de-portes", "climb_name": "Col de Portes", "country": "FR", "region": "Jura", "side": "from Sault-Brénaz", "category": "1", "length_km": 9.8, "elevation_gain_m": 581, "avg_grade_pct": 5.9, "max_grade_pct": 14.6, "summit_elevation_m": 1010, "summit_lat": 45.85886, "summit_lon": 5.48403, "start_lat": 45.87223, "start_lon": 5.40843, "wikidata_id": "Q2982101", "cycletrip_url": "https://cycletrip.pro/climbs/col-de-portes"}}, {"type": "Feature", "geometry": {"type": "Point", "coordinates": [9.6233346, 44.4216232]}, "properties": {"climb_slug": "passo-di-cento-croci", "climb_name": "Passo di Cento Croci", "country": "IT", "region": "Liguria", "side": "from Albareto", "category": "2", "length_km": 13.6, "elevation_gain_m": 622, "avg_grade_pct": 4.6, "max_grade_pct": 9.6, "summit_elevation_m": 1055, "summit_lat": 44.42162, "summit_lon": 9.62333, "start_lat": 44.47783, "start_lon": 9.71109, "wikidata_id": "Q3897427", "cycletrip_url": "https://cycletrip.pro/climbs/passo-di-cento-croci"}}, {"type": "Feature", "geometry": {"type": "Point", "coordinates": [9.6233346, 44.4216232]}, "properties": {"climb_slug": "passo-di-cento-croci", "climb_name": "Passo di Cento Croci", "country": "IT", "region": "Liguria", "side": "from Maissana", "category": "1", "length_km": 16.8, "elevation_gain_m": 751, "avg_grade_pct": 4.5, "max_grade_pct": 10.0, "summit_elevation_m": 1055, "summit_lat": 44.42162, "summit_lon": 9.62333, "start_lat": 44.34462, "start_lon": 9.59187, "wikidata_id": "Q3897427", "cycletrip_url": "https://cycletrip.pro/climbs/passo-di-cento-croci"}}, {"type": "Feature", "geometry": {"type": "Point", "coordinates": [-17.2031, 28.06151]}, "properties": {"climb_slug": "degollada-de-hernia", "climb_name": "Degollada de Hernia", "country": "ES", "region": "Canary Islands", "side": "from San Sebastián de la Gomera", "category": "1", "length_km": 6.2, "elevation_gain_m": 458, "avg_grade_pct": 7.4, "max_grade_pct": 17.2, "summit_elevation_m": 517, "summit_lat": 28.06151, "summit_lon": -17.2031, "start_lat": 28.03466, "start_lon": -17.19624, "wikidata_id": "", "cycletrip_url": "https://cycletrip.pro/climbs/degollada-de-hernia"}}, {"type": "Feature", "geometry": {"type": "Point", "coordinates": [-1.2954524, 43.0261897]}, "properties": {"climb_slug": "lepoeder", "climb_name": "Lepoeder", "country": "ES", "region": "Southern Pyrenees", "side": "from Orreaga / Roncesvalles", "category": "1", "length_km": 4.0, "elevation_gain_m": 369, "avg_grade_pct": 9.2, "max_grade_pct": 17.2, "summit_elevation_m": 1429, "summit_lat": 43.02619, "summit_lon": -1.29545, "start_lat": 43.01964, "start_lon": -1.32393, "wikidata_id": "Q2982068", "cycletrip_url": "https://cycletrip.pro/climbs/lepoeder"}}, {"type": "Feature", "geometry": {"type": "Point", "coordinates": [7.377147578247557, 45.172264623096126]}, "properties": {"climb_slug": "col-du-lys", "climb_name": "Col du Lys", "country": "IT", "region": "Piedmont", "side": "from Rubiana", "category": "1", "length_km": 8.0, "elevation_gain_m": 523, "avg_grade_pct": 6.5, "max_grade_pct": 13.5, "summit_elevation_m": 1168, "summit_lat": 45.17226, "summit_lon": 7.37715, "start_lat": 45.1388, "start_lon": 7.38263, "wikidata_id": "", "cycletrip_url": "https://cycletrip.pro/climbs/col-du-lys"}}, {"type": "Feature", "geometry": {"type": "Point", "coordinates": [15.41755, 38.04587]}, "properties": {"climb_slug": "portella-spiria", "climb_name": "Portella Spiria", "country": "IT", "region": "Sicily", "side": "from Itala Marina", "category": "1", "length_km": 12.5, "elevation_gain_m": 646, "avg_grade_pct": 5.2, "max_grade_pct": 12.8, "summit_elevation_m": 675, "summit_lat": 38.04587, "summit_lon": 15.41755, "start_lat": 38.0383, "start_lon": 15.45438, "wikidata_id": "", "cycletrip_url": "https://cycletrip.pro/climbs/portella-spiria"}}, {"type": "Feature", "geometry": {"type": "Point", "coordinates": [10.2278344, 44.3582368]}, "properties": {"climb_slug": "passo-della-scalucchia", "climb_name": "Passo della Scalucchia", "country": "IT", "region": "Northern Apennines", "side": "from Collagna", "category": "2", "length_km": 11.9, "elevation_gain_m": 561, "avg_grade_pct": 4.7, "max_grade_pct": 12.5, "summit_elevation_m": 1364, "summit_lat": 44.35824, "summit_lon": 10.22783, "start_lat": 44.33946, "start_lon": 10.26519, "wikidata_id": "Q3897404", "cycletrip_url": "https://cycletrip.pro/climbs/passo-della-scalucchia"}}, {"type": "Feature", "geometry": {"type": "Point", "coordinates": [10.2278344, 44.3582368]}, "properties": {"climb_slug": "passo-della-scalucchia", "climb_name": "Passo della Scalucchia", "country": "IT", "region": "Northern Apennines", "side": "from Pieve San Vincenzo", "category": "1", "length_km": 9.7, "elevation_gain_m": 568, "avg_grade_pct": 5.9, "max_grade_pct": 11.3, "summit_elevation_m": 1364, "summit_lat": 44.35824, "summit_lon": 10.22783, "start_lat": 44.3751, "start_lon": 10.19546, "wikidata_id": "Q3897404", "cycletrip_url": "https://cycletrip.pro/climbs/passo-della-scalucchia"}}, {"type": "Feature", "geometry": {"type": "Point", "coordinates": [14.99856, 37.98403]}, "properties": {"climb_slug": "portella-zilla", "climb_name": "Portella Zilla", "country": "IT", "region": "Sicily", "side": "from Mazzarrà Sant'Andrea", "category": "1", "length_km": 35.0, "elevation_gain_m": 1078, "avg_grade_pct": 3.1, "max_grade_pct": 9.2, "summit_elevation_m": 1165, "summit_lat": 37.98403, "summit_lon": 14.99856, "start_lat": 38.08909, "start_lon": 15.13121, "wikidata_id": "", "cycletrip_url": "https://cycletrip.pro/climbs/portella-zilla"}}, {"type": "Feature", "geometry": {"type": "Point", "coordinates": [14.99856, 37.98403]}, "properties": {"climb_slug": "portella-zilla", "climb_name": "Portella Zilla", "country": "IT", "region": "Sicily", "side": "from Moio Alcantara", "category": "2", "length_km": 15.4, "elevation_gain_m": 622, "avg_grade_pct": 4.0, "max_grade_pct": 12.2, "summit_elevation_m": 1165, "summit_lat": 37.98403, "summit_lon": 14.99856, "start_lat": 37.89782, "start_lon": 15.03267, "wikidata_id": "", "cycletrip_url": "https://cycletrip.pro/climbs/portella-zilla"}}, {"type": "Feature", "geometry": {"type": "Point", "coordinates": [9.9285023, 44.4715788]}, "properties": {"climb_slug": "passo-della-cisa", "climb_name": "Passo della Cisa", "country": "IT", "region": "Northern Apennines", "side": "from Berceto", "category": "4", "length_km": 5.6, "elevation_gain_m": 160, "avg_grade_pct": 2.9, "max_grade_pct": 7.9, "summit_elevation_m": 1041, "summit_lat": 44.47158, "summit_lon": 9.9285, "start_lat": 44.49353, "start_lon": 9.97058, "wikidata_id": "Q1239141", "cycletrip_url": "https://cycletrip.pro/climbs/passo-della-cisa"}}, {"type": "Feature", "geometry": {"type": "Point", "coordinates": [9.9285023, 44.4715788]}, "properties": {"climb_slug": "passo-della-cisa", "climb_name": "Passo della Cisa", "country": "IT", "region": "Northern Apennines", "side": "from Pontremoli", "category": "1", "length_km": 19.0, "elevation_gain_m": 804, "avg_grade_pct": 4.2, "max_grade_pct": 11.4, "summit_elevation_m": 1041, "summit_lat": 44.47158, "summit_lon": 9.9285, "start_lat": 44.36989, "start_lon": 9.88634, "wikidata_id": "Q1239141", "cycletrip_url": "https://cycletrip.pro/climbs/passo-della-cisa"}}, {"type": "Feature", "geometry": {"type": "Point", "coordinates": [2.1137, 42.5487748]}, "properties": {"climb_slug": "col-de-la-quillane", "climb_name": "Col de la Quillane", "country": "FR", "region": "Pyrenees", "side": "from Bessède-de-Sault", "category": "1", "length_km": 39.7, "elevation_gain_m": 1163, "avg_grade_pct": 2.9, "max_grade_pct": 11.1, "summit_elevation_m": 1714, "summit_lat": 42.54877, "summit_lon": 2.1137, "start_lat": 42.77645, "start_lon": 2.15728, "wikidata_id": "Q2269549", "cycletrip_url": "https://cycletrip.pro/climbs/col-de-la-quillane"}}, {"type": "Feature", "geometry": {"type": "Point", "coordinates": [2.1137, 42.5487748]}, "properties": {"climb_slug": "col-de-la-quillane", "climb_name": "Col de la Quillane", "country": "FR", "region": "Pyrenees", "side": "from Bourg-Madame", "category": "3", "length_km": 26.3, "elevation_gain_m": 572, "avg_grade_pct": 2.2, "max_grade_pct": 6.6, "summit_elevation_m": 1714, "summit_lat": 42.54877, "summit_lon": 2.1137, "start_lat": 42.43427, "start_lon": 1.94435, "wikidata_id": "Q2269549", "cycletrip_url": "https://cycletrip.pro/climbs/col-de-la-quillane"}}, {"type": "Feature", "geometry": {"type": "Point", "coordinates": [3.8459997, 45.5923998]}, "properties": {"climb_slug": "col-des-supeyres", "climb_name": "Col des Supeyres", "country": "FR", "region": "Massif Central", "side": "from Ambert", "category": "1", "length_km": 20.7, "elevation_gain_m": 836, "avg_grade_pct": 4.0, "max_grade_pct": 10.4, "summit_elevation_m": 1366, "summit_lat": 45.5924, "summit_lon": 3.846, "start_lat": 45.55144, "start_lon": 3.73955, "wikidata_id": "Q26220950", "cycletrip_url": "https://cycletrip.pro/climbs/col-des-supeyres"}}, {"type": "Feature", "geometry": {"type": "Point", "coordinates": [3.8459997, 45.5923998]}, "properties": {"climb_slug": "col-des-supeyres", "climb_name": "Col des Supeyres", "country": "FR", "region": "Massif Central", "side": "from Saint-Anthème", "category": "3", "length_km": 2.8, "elevation_gain_m": 152, "avg_grade_pct": 5.5, "max_grade_pct": 7.9, "summit_elevation_m": 1366, "summit_lat": 45.5924, "summit_lon": 3.846, "start_lat": 45.59019, "start_lon": 3.87057, "wikidata_id": "Q26220950", "cycletrip_url": "https://cycletrip.pro/climbs/col-des-supeyres"}}, {"type": "Feature", "geometry": {"type": "Point", "coordinates": [9.3230363, 44.4505423]}, "properties": {"climb_slug": "passo-della-crocetta-q3897389", "climb_name": "Passo della Crocetta", "country": "IT", "region": "Liguria", "side": "from Borzonasca", "category": "1", "length_km": 13.2, "elevation_gain_m": 658, "avg_grade_pct": 5.0, "max_grade_pct": 15.1, "summit_elevation_m": 927, "summit_lat": 44.45054, "summit_lon": 9.32304, "start_lat": 44.40987, "start_lon": 9.38818, "wikidata_id": "Q3897389", "cycletrip_url": "https://cycletrip.pro/climbs/passo-della-crocetta-q3897389"}}, {"type": "Feature", "geometry": {"type": "Point", "coordinates": [13.2607005, 42.7900029]}, "properties": {"climb_slug": "forca-di-presta", "climb_name": "Forca di Presta", "country": "IT", "region": "Central Apennines", "side": "from Norcia", "category": "3", "length_km": 5.4, "elevation_gain_m": 237, "avg_grade_pct": 4.4, "max_grade_pct": 11.9, "summit_elevation_m": 1534, "summit_lat": 42.79, "summit_lon": 13.2607, "start_lat": 42.8198, "start_lon": 13.22201, "wikidata_id": "Q3076825", "cycletrip_url": "https://cycletrip.pro/climbs/forca-di-presta"}}, {"type": "Feature", "geometry": {"type": "Point", "coordinates": [13.2607005, 42.7900029]}, "properties": {"climb_slug": "forca-di-presta", "climb_name": "Forca di Presta", "country": "IT", "region": "Central Apennines", "side": "from Pretare", "category": "2", "length_km": 6.0, "elevation_gain_m": 444, "avg_grade_pct": 7.4, "max_grade_pct": 14.5, "summit_elevation_m": 1534, "summit_lat": 42.79, "summit_lon": 13.2607, "start_lat": 42.80739, "start_lon": 13.30037, "wikidata_id": "Q3076825", "cycletrip_url": "https://cycletrip.pro/climbs/forca-di-presta"}}, {"type": "Feature", "geometry": {"type": "Point", "coordinates": [14.499588038162603, 41.37861802435031]}, "properties": {"climb_slug": "bocca-della-selva", "climb_name": "Bocca della Selva", "country": "IT", "region": "Campania", "side": "from Pietraroja", "category": "2", "length_km": 6.9, "elevation_gain_m": 473, "avg_grade_pct": 6.9, "max_grade_pct": 12.5, "summit_elevation_m": 1400, "summit_lat": 41.37862, "summit_lon": 14.49959, "start_lat": 41.37027, "start_lon": 14.55435, "wikidata_id": "", "cycletrip_url": "https://cycletrip.pro/climbs/bocca-della-selva"}}, {"type": "Feature", "geometry": {"type": "Point", "coordinates": [11.4838707, 44.0387192]}, "properties": {"climb_slug": "passo-della-colla-di-casaglia", "climb_name": "Passo della Colla di Casaglia", "country": "IT", "region": "Tuscany", "side": "from Brisighella", "category": "3", "length_km": 31.5, "elevation_gain_m": 742, "avg_grade_pct": 2.4, "max_grade_pct": 10.9, "summit_elevation_m": 913, "summit_lat": 44.03872, "summit_lon": 11.48387, "start_lat": 44.17304, "start_lon": 11.6927, "wikidata_id": "Q3897383", "cycletrip_url": "https://cycletrip.pro/climbs/passo-della-colla-di-casaglia"}}, {"type": "Feature", "geometry": {"type": "Point", "coordinates": [11.4838707, 44.0387192]}, "properties": {"climb_slug": "passo-della-colla-di-casaglia", "climb_name": "Passo della Colla di Casaglia", "country": "IT", "region": "Tuscany", "side": "from Ronta", "category": "2", "length_km": 9.1, "elevation_gain_m": 548, "avg_grade_pct": 6.0, "max_grade_pct": 13.9, "summit_elevation_m": 913, "summit_lat": 44.03872, "summit_lon": 11.48387, "start_lat": 44.00718, "start_lon": 11.43423, "wikidata_id": "Q3897383", "cycletrip_url": "https://cycletrip.pro/climbs/passo-della-colla-di-casaglia"}}, {"type": "Feature", "geometry": {"type": "Point", "coordinates": [11.2120569, 45.8773236]}, "properties": {"climb_slug": "passo-coe", "climb_name": "Passo Coe", "country": "IT", "region": "Dolomites", "side": "from Folgaria", "category": "2", "length_km": 6.3, "elevation_gain_m": 454, "avg_grade_pct": 7.2, "max_grade_pct": 12.8, "summit_elevation_m": 1610, "summit_lat": 45.87732, "summit_lon": 11.21206, "start_lat": 45.91284, "start_lon": 11.17822, "wikidata_id": "Q1475217", "cycletrip_url": "https://cycletrip.pro/climbs/passo-coe"}}, {"type": "Feature", "geometry": {"type": "Point", "coordinates": [1.991118, 42.3360289]}, "properties": {"climb_slug": "collada-de-toses", "climb_name": "Collada de Toses", "country": "ES", "region": "Girona", "side": "from Alp", "category": "4", "length_km": 7.6, "elevation_gain_m": 182, "avg_grade_pct": 2.4, "max_grade_pct": 7.4, "summit_elevation_m": 1790, "summit_lat": 42.33603, "summit_lon": 1.99112, "start_lat": 42.33826, "start_lon": 1.93141, "wikidata_id": "Q17598430", "cycletrip_url": "https://cycletrip.pro/climbs/collada-de-toses"}}, {"type": "Feature", "geometry": {"type": "Point", "coordinates": [1.991118, 42.3360289]}, "properties": {"climb_slug": "collada-de-toses", "climb_name": "Collada de Toses", "country": "ES", "region": "Girona", "side": "from Campdevànol", "category": "2", "length_km": 33.8, "elevation_gain_m": 1036, "avg_grade_pct": 3.1, "max_grade_pct": 12.1, "summit_elevation_m": 1790, "summit_lat": 42.33603, "summit_lon": 1.99112, "start_lat": 42.23203, "start_lon": 2.16842, "wikidata_id": "Q17598430", "cycletrip_url": "https://cycletrip.pro/climbs/collada-de-toses"}}, {"type": "Feature", "geometry": {"type": "Point", "coordinates": [1.991118, 42.3360289]}, "properties": {"climb_slug": "collada-de-toses", "climb_name": "Collada de Toses", "country": "ES", "region": "Girona", "side": "from les Pereres", "category": "2", "length_km": 21.4, "elevation_gain_m": 692, "avg_grade_pct": 3.2, "max_grade_pct": 10.6, "summit_elevation_m": 1790, "summit_lat": 42.33603, "summit_lon": 1.99112, "start_lat": 42.40099, "start_lon": 1.91566, "wikidata_id": "Q17598430", "cycletrip_url": "https://cycletrip.pro/climbs/collada-de-toses"}}, {"type": "Feature", "geometry": {"type": "Point", "coordinates": [11.2072549, 45.9497254]}, "properties": {"climb_slug": "valico-della-fricca", "climb_name": "Valico della Fricca", "country": "IT", "region": "Dolomites", "side": "from Trento", "category": "2", "length_km": 17.5, "elevation_gain_m": 749, "avg_grade_pct": 4.3, "max_grade_pct": 13.8, "summit_elevation_m": 1110, "summit_lat": 45.94973, "summit_lon": 11.20725, "start_lat": 46.03376, "start_lon": 11.14641, "wikidata_id": "Q4007962", "cycletrip_url": "https://cycletrip.pro/climbs/valico-della-fricca"}}, {"type": "Feature", "geometry": {"type": "Point", "coordinates": [15.00789, 37.99536]}, "properties": {"climb_slug": "portella-manghe", "climb_name": "Portella Manghe", "country": "IT", "region": "Sicily", "side": "from Mazzarrà Sant'Andrea", "category": "2", "length_km": 33.6, "elevation_gain_m": 1030, "avg_grade_pct": 3.1, "max_grade_pct": 9.5, "summit_elevation_m": 1059, "summit_lat": 37.99536, "summit_lon": 15.00789, "start_lat": 38.09053, "start_lon": 15.13234, "wikidata_id": "", "cycletrip_url": "https://cycletrip.pro/climbs/portella-manghe"}}, {"type": "Feature", "geometry": {"type": "Point", "coordinates": [9.4939169, 45.9022213]}, "properties": {"climb_slug": "passo-culmine-di-san-pietro", "climb_name": "Passo Culmine di San Pietro", "country": "IT", "region": "Lombardy", "side": "from Barzio", "category": "2", "length_km": 11.9, "elevation_gain_m": 622, "avg_grade_pct": 5.2, "max_grade_pct": 12.3, "summit_elevation_m": 1258, "summit_lat": 45.90222, "summit_lon": 9.49392, "start_lat": 45.93665, "start_lon": 9.45671, "wikidata_id": "Q3699261", "cycletrip_url": "https://cycletrip.pro/climbs/passo-culmine-di-san-pietro"}}, {"type": "Feature", "geometry": {"type": "Point", "coordinates": [9.4939169, 45.9022213]}, "properties": {"climb_slug": "passo-culmine-di-san-pietro", "climb_name": "Passo Culmine di San Pietro", "country": "IT", "region": "Lombardy", "side": "from Peghera", "category": "2", "length_km": 16.4, "elevation_gain_m": 683, "avg_grade_pct": 4.2, "max_grade_pct": 14.6, "summit_elevation_m": 1258, "summit_lat": 45.90222, "summit_lon": 9.49392, "start_lat": 45.88586, "start_lon": 9.59525, "wikidata_id": "Q3699261", "cycletrip_url": "https://cycletrip.pro/climbs/passo-culmine-di-san-pietro"}}, {"type": "Feature", "geometry": {"type": "Point", "coordinates": [9.216941, 44.6837628]}, "properties": {"climb_slug": "passo-del-giov", "climb_name": "Passo del Giovà", "country": "IT", "region": "Lombardy", "side": "from Varzi", "category": "2", "length_km": 24.8, "elevation_gain_m": 903, "avg_grade_pct": 3.6, "max_grade_pct": 20.8, "summit_elevation_m": 1366, "summit_lat": 44.68376, "summit_lon": 9.21694, "start_lat": 44.81569, "start_lon": 9.21397, "wikidata_id": "Q3897372", "cycletrip_url": "https://cycletrip.pro/climbs/passo-del-giov"}}, {"type": "Feature", "geometry": {"type": "Point", "coordinates": [-3.8776397, 43.0415735]}, "properties": {"climb_slug": "puerto-del-escudo", "climb_name": "Puerto del Escudo", "country": "ES", "region": "Cantabria", "side": "from San Vicente de Toranzo", "category": "2", "length_km": 20.0, "elevation_gain_m": 800, "avg_grade_pct": 4.0, "max_grade_pct": 15.9, "summit_elevation_m": 1011, "summit_lat": 43.04157, "summit_lon": -3.87764, "start_lat": 43.19665, "start_lon": -3.92243, "wikidata_id": "Q7258846", "cycletrip_url": "https://cycletrip.pro/climbs/puerto-del-escudo"}}, {"type": "Feature", "geometry": {"type": "Point", "coordinates": [5.7995444, 46.2886414]}, "properties": {"climb_slug": "col-de-la-croix-de-la-serra", "climb_name": "Col de la Croix de la Serra", "country": "FR", "region": null, "side": "from Chaumont", "category": "2", "length_km": 12.3, "elevation_gain_m": 626, "avg_grade_pct": 5.1, "max_grade_pct": 12.3, "summit_elevation_m": 1049, "summit_lat": 46.28864, "summit_lon": 5.79954, "start_lat": 46.37721, "start_lon": 5.87274, "wikidata_id": "Q2982170", "cycletrip_url": "https://cycletrip.pro/climbs/col-de-la-croix-de-la-serra"}}, {"type": "Feature", "geometry": {"type": "Point", "coordinates": [5.7995444, 46.2886414]}, "properties": {"climb_slug": "col-de-la-croix-de-la-serra", "climb_name": "Col de la Croix de la Serra", "country": "FR", "region": null, "side": "from Saint-Germain-de-Joux", "category": "2", "length_km": 15.2, "elevation_gain_m": 571, "avg_grade_pct": 3.8, "max_grade_pct": 9.0, "summit_elevation_m": 1049, "summit_lat": 46.28864, "summit_lon": 5.79954, "start_lat": 46.17673, "start_lon": 5.74176, "wikidata_id": "Q2982170", "cycletrip_url": "https://cycletrip.pro/climbs/col-de-la-croix-de-la-serra"}}, {"type": "Feature", "geometry": {"type": "Point", "coordinates": [-3.6514868, 43.3003167]}, "properties": {"climb_slug": "puerto-de-alisas", "climb_name": "Puerto de Alisas", "country": "ES", "region": "Cantabria", "side": "from Arredondo", "category": "2", "length_km": 9.8, "elevation_gain_m": 500, "avg_grade_pct": 5.1, "max_grade_pct": 11.0, "summit_elevation_m": 674, "summit_lat": 43.30032, "summit_lon": -3.65149, "start_lat": 43.27451, "start_lon": -3.59138, "wikidata_id": "Q2883582", "cycletrip_url": "https://cycletrip.pro/climbs/puerto-de-alisas"}}, {"type": "Feature", "geometry": {"type": "Point", "coordinates": [-3.6514868, 43.3003167]}, "properties": {"climb_slug": "puerto-de-alisas", "climb_name": "Puerto de Alisas", "country": "ES", "region": "Cantabria", "side": "from Barrio de Arriba", "category": "2", "length_km": 10.2, "elevation_gain_m": 572, "avg_grade_pct": 5.6, "max_grade_pct": 11.5, "summit_elevation_m": 674, "summit_lat": 43.30032, "summit_lon": -3.65149, "start_lat": 43.34426, "start_lon": -3.67999, "wikidata_id": "Q2883582", "cycletrip_url": "https://cycletrip.pro/climbs/puerto-de-alisas"}}, {"type": "Feature", "geometry": {"type": "Point", "coordinates": [1.3857412, 42.1523332]}, "properties": {"climb_slug": "coll-de-boix", "climb_name": "Coll de Boix", "country": "ES", "region": "Southern Pyrenees", "side": "from Cambrils", "category": "3", "length_km": 3.5, "elevation_gain_m": 194, "avg_grade_pct": 5.6, "max_grade_pct": 10.2, "summit_elevation_m": 1257, "summit_lat": 42.15233, "summit_lon": 1.38574, "start_lat": 42.13603, "start_lon": 1.39134, "wikidata_id": "Q11914478", "cycletrip_url": "https://cycletrip.pro/climbs/coll-de-boix"}}, {"type": "Feature", "geometry": {"type": "Point", "coordinates": [1.3857412, 42.1523332]}, "properties": {"climb_slug": "coll-de-boix", "climb_name": "Coll de Boix", "country": "ES", "region": "Southern Pyrenees", "side": "from Coll de Nargó", "category": "2", "length_km": 16.5, "elevation_gain_m": 728, "avg_grade_pct": 4.4, "max_grade_pct": 17.8, "summit_elevation_m": 1257, "summit_lat": 42.15233, "summit_lon": 1.38574, "start_lat": 42.18666, "start_lon": 1.33077, "wikidata_id": "Q11914478", "cycletrip_url": "https://cycletrip.pro/climbs/coll-de-boix"}}, {"type": "Feature", "geometry": {"type": "Point", "coordinates": [-5.185599455799215, 43.44695896823425]}, "properties": {"climb_slug": "mirador-del-fito", "climb_name": "Mirador del Fito", "country": "ES", "region": "Asturias", "side": "from Colunga", "category": "2", "length_km": 5.5, "elevation_gain_m": 419, "avg_grade_pct": 7.6, "max_grade_pct": 14.5, "summit_elevation_m": 437, "summit_lat": 43.44696, "summit_lon": -5.1856, "start_lat": 43.46933, "start_lon": -5.22671, "wikidata_id": "", "cycletrip_url": "https://cycletrip.pro/climbs/mirador-del-fito"}}, {"type": "Feature", "geometry": {"type": "Point", "coordinates": [2.6736276, 45.0580889]}, "properties": {"climb_slug": "col-du-pertus", "climb_name": "Col du Pertus", "country": "FR", "region": "Massif Central", "side": "from Saint-Jacques-des-Blats", "category": "3", "length_km": 5.8, "elevation_gain_m": 299, "avg_grade_pct": 5.2, "max_grade_pct": 12.2, "summit_elevation_m": 1309, "summit_lat": 45.05809, "summit_lon": 2.67363, "start_lat": 45.05488, "start_lon": 2.71148, "wikidata_id": "Q2982299", "cycletrip_url": "https://cycletrip.pro/climbs/col-du-pertus"}}, {"type": "Feature", "geometry": {"type": "Point", "coordinates": [2.6736276, 45.0580889]}, "properties": {"climb_slug": "col-du-pertus", "climb_name": "Col du Pertus", "country": "FR", "region": "Massif Central", "side": "from Saint-Julien-de-Jordanne", "category": "2", "length_km": 4.5, "elevation_gain_m": 377, "avg_grade_pct": 8.4, "max_grade_pct": 14.2, "summit_elevation_m": 1309, "summit_lat": 45.05809, "summit_lon": 2.67363, "start_lat": 45.06738, "start_lon": 2.65475, "wikidata_id": "Q2982299", "cycletrip_url": "https://cycletrip.pro/climbs/col-du-pertus"}}, {"type": "Feature", "geometry": {"type": "Point", "coordinates": [8.0628016, 45.6641515]}, "properties": {"climb_slug": "bocchetto-sessera", "climb_name": "Bocchetto Sessera", "country": "IT", "region": "Piedmont", "side": "from Sagliano Micca", "category": "2", "length_km": 19.8, "elevation_gain_m": 792, "avg_grade_pct": 4.0, "max_grade_pct": 13.3, "summit_elevation_m": 1373, "summit_lat": 45.66415, "summit_lon": 8.0628, "start_lat": 45.61813, "start_lon": 8.04744, "wikidata_id": "Q964498", "cycletrip_url": "https://cycletrip.pro/climbs/bocchetto-sessera"}}, {"type": "Feature", "geometry": {"type": "Point", "coordinates": [-0.4859974, 38.6042553]}, "properties": {"climb_slug": "port-de-la-carrasqueta", "climb_name": "Port de la Carrasqueta", "country": "ES", "region": "Costa Blanca", "side": "from Alcoi / Alcoy", "category": "3", "length_km": 5.5, "elevation_gain_m": 229, "avg_grade_pct": 4.2, "max_grade_pct": 7.1, "summit_elevation_m": 1022, "summit_lat": 38.60426, "summit_lon": -0.486, "start_lat": 38.64763, "start_lon": -0.47601, "wikidata_id": "Q2104795", "cycletrip_url": "https://cycletrip.pro/climbs/port-de-la-carrasqueta"}}, {"type": "Feature", "geometry": {"type": "Point", "coordinates": [-0.4859974, 38.6042553]}, "properties": {"climb_slug": "port-de-la-carrasqueta", "climb_name": "Port de la Carrasqueta", "country": "ES", "region": "Costa Blanca", "side": "from Xixona / Jijona", "category": "2", "length_km": 15.6, "elevation_gain_m": 703, "avg_grade_pct": 4.5, "max_grade_pct": 9.9, "summit_elevation_m": 1022, "summit_lat": 38.60426, "summit_lon": -0.486, "start_lat": 38.52436, "start_lon": -0.49571, "wikidata_id": "Q2104795", "cycletrip_url": "https://cycletrip.pro/climbs/port-de-la-carrasqueta"}}, {"type": "Feature", "geometry": {"type": "Point", "coordinates": [11.5924163, 46.0708706]}, "properties": {"climb_slug": "passo-della-forcella", "climb_name": "Passo della Forcella", "country": "IT", "region": "Dolomites", "side": "from Agnedo", "category": "2", "length_km": 10.4, "elevation_gain_m": 571, "avg_grade_pct": 5.5, "max_grade_pct": 11.0, "summit_elevation_m": 910, "summit_lat": 46.07087, "summit_lon": 11.59242, "start_lat": 46.05092, "start_lon": 11.51735, "wikidata_id": "Q3897390", "cycletrip_url": "https://cycletrip.pro/climbs/passo-della-forcella"}}, {"type": "Feature", "geometry": {"type": "Point", "coordinates": [11.5924163, 46.0708706]}, "properties": {"climb_slug": "passo-della-forcella", "climb_name": "Passo della Forcella", "country": "IT", "region": "Dolomites", "side": "from Pieve Tesino", "category": "4", "length_km": 2.9, "elevation_gain_m": 142, "avg_grade_pct": 4.9, "max_grade_pct": 11.9, "summit_elevation_m": 910, "summit_lat": 46.07087, "summit_lon": 11.59242, "start_lat": 46.0713, "start_lon": 11.62074, "wikidata_id": "Q3897390", "cycletrip_url": "https://cycletrip.pro/climbs/passo-della-forcella"}}, {"type": "Feature", "geometry": {"type": "Point", "coordinates": [7.0226628, 48.0641653]}, "properties": {"climb_slug": "col-de-la-schlucht", "climb_name": "Col de la Schlucht", "country": "FR", "region": "Vosges", "side": "from Gérardmer", "category": "3", "length_km": 13.8, "elevation_gain_m": 478, "avg_grade_pct": 3.5, "max_grade_pct": 10.7, "summit_elevation_m": 1139, "summit_lat": 48.06417, "summit_lon": 7.02266, "start_lat": 48.07789, "start_lon": 6.88834, "wikidata_id": "Q1107460", "cycletrip_url": "https://cycletrip.pro/climbs/col-de-la-schlucht"}}, {"type": "Feature", "geometry": {"type": "Point", "coordinates": [7.0226628, 48.0641653]}, "properties": {"climb_slug": "col-de-la-schlucht", "climb_name": "Col de la Schlucht", "country": "FR", "region": "Vosges", "side": "from Munster", "category": "2", "length_km": 17.8, "elevation_gain_m": 754, "avg_grade_pct": 4.2, "max_grade_pct": 9.7, "summit_elevation_m": 1139, "summit_lat": 48.06417, "summit_lon": 7.02266, "start_lat": 48.04075, "start_lon": 7.13662, "wikidata_id": "Q1107460", "cycletrip_url": "https://cycletrip.pro/climbs/col-de-la-schlucht"}}, {"type": "Feature", "geometry": {"type": "Point", "coordinates": [2.6717462, 45.1140957]}, "properties": {"climb_slug": "pas-de-peyrol", "climb_name": "Pas de Peyrol", "country": "FR", "region": "Massif Central", "side": "from Cheylade", "category": "2", "length_km": 12.8, "elevation_gain_m": 583, "avg_grade_pct": 4.6, "max_grade_pct": 17.2, "summit_elevation_m": 1588, "summit_lat": 45.1141, "summit_lon": 2.67175, "start_lat": 45.17826, "start_lon": 2.71925, "wikidata_id": "Q3367147", "cycletrip_url": "https://cycletrip.pro/climbs/pas-de-peyrol"}}, {"type": "Feature", "geometry": {"type": "Point", "coordinates": [2.6717462, 45.1140957]}, "properties": {"climb_slug": "pas-de-peyrol", "climb_name": "Pas de Peyrol", "country": "FR", "region": "Massif Central", "side": "from Lascelle", "category": "2", "length_km": 21.7, "elevation_gain_m": 830, "avg_grade_pct": 3.8, "max_grade_pct": 12.2, "summit_elevation_m": 1588, "summit_lat": 45.1141, "summit_lon": 2.67175, "start_lat": 45.01911, "start_lon": 2.56416, "wikidata_id": "Q3367147", "cycletrip_url": "https://cycletrip.pro/climbs/pas-de-peyrol"}}, {"type": "Feature", "geometry": {"type": "Point", "coordinates": [2.6717462, 45.1140957]}, "properties": {"climb_slug": "pas-de-peyrol", "climb_name": "Pas de Peyrol", "country": "FR", "region": "Massif Central", "side": "from Le Falgoux", "category": "2", "length_km": 5.4, "elevation_gain_m": 406, "avg_grade_pct": 7.5, "max_grade_pct": 16.0, "summit_elevation_m": 1588, "summit_lat": 45.1141, "summit_lon": 2.67175, "start_lat": 45.12743, "start_lon": 2.64097, "wikidata_id": "Q3367147", "cycletrip_url": "https://cycletrip.pro/climbs/pas-de-peyrol"}}, {"type": "Feature", "geometry": {"type": "Point", "coordinates": [9.0352451, 42.0419109]}, "properties": {"climb_slug": "col-de-scalella", "climb_name": "Col de Scalella", "country": "FR", "region": "Corsica", "side": "from Bastelica", "category": "2", "length_km": 14.2, "elevation_gain_m": 541, "avg_grade_pct": 3.8, "max_grade_pct": 10.1, "summit_elevation_m": 1193, "summit_lat": 42.04191, "summit_lon": 9.03525, "start_lat": 41.97836, "start_lon": 9.01751, "wikidata_id": "Q21294334", "cycletrip_url": "https://cycletrip.pro/climbs/col-de-scalella"}}, {"type": "Feature", "geometry": {"type": "Point", "coordinates": [9.0352451, 42.0419109]}, "properties": {"climb_slug": "col-de-scalella", "climb_name": "Col de Scalella", "country": "FR", "region": "Corsica", "side": "from Bocognano", "category": "2", "length_km": 9.0, "elevation_gain_m": 533, "avg_grade_pct": 5.9, "max_grade_pct": 14.8, "summit_elevation_m": 1193, "summit_lat": 42.04191, "summit_lon": 9.03525, "start_lat": 42.06896, "start_lon": 9.04626, "wikidata_id": "Q21294334", "cycletrip_url": "https://cycletrip.pro/climbs/col-de-scalella"}}, {"type": "Feature", "geometry": {"type": "Point", "coordinates": [1.614571, 42.0908817]}, "properties": {"climb_slug": "coll-d-arques", "climb_name": "Coll d'Arques", "country": "ES", "region": "Southern Pyrenees", "side": "from Navès", "category": "2", "length_km": 12.0, "elevation_gain_m": 613, "avg_grade_pct": 5.1, "max_grade_pct": 13.0, "summit_elevation_m": 1241, "summit_lat": 42.09088, "summit_lon": 1.61457, "start_lat": 42.00145, "start_lon": 1.60596, "wikidata_id": "Q11914464", "cycletrip_url": "https://cycletrip.pro/climbs/coll-d-arques"}}, {"type": "Feature", "geometry": {"type": "Point", "coordinates": [7.40794843153401, 43.873406753803664]}, "properties": {"climb_slug": "col-de-braus", "climb_name": "Col de Braus", "country": "FR", "region": "French Alps", "side": "from Sospel", "category": "2", "length_km": 10.7, "elevation_gain_m": 574, "avg_grade_pct": 5.4, "max_grade_pct": 13.6, "summit_elevation_m": 928, "summit_lat": 43.87341, "summit_lon": 7.40795, "start_lat": 43.87831, "start_lon": 7.45273, "wikidata_id": "", "cycletrip_url": "https://cycletrip.pro/climbs/col-de-braus"}}, {"type": "Feature", "geometry": {"type": "Point", "coordinates": [9.3354468, 44.4626101]}, "properties": {"climb_slug": "passo-della-forcella-q3897392", "climb_name": "Passo della Forcella", "country": "IT", "region": "Liguria", "side": "from Prati di Mezzanego", "category": "2", "length_km": 20.5, "elevation_gain_m": 798, "avg_grade_pct": 3.9, "max_grade_pct": 12.7, "summit_elevation_m": 875, "summit_lat": 44.46261, "summit_lon": 9.33545, "start_lat": 44.38473, "start_lon": 9.37836, "wikidata_id": "Q3897392", "cycletrip_url": "https://cycletrip.pro/climbs/passo-della-forcella-q3897392"}}, {"type": "Feature", "geometry": {"type": "Point", "coordinates": [9.3354468, 44.4626101]}, "properties": {"climb_slug": "passo-della-forcella-q3897392", "climb_name": "Passo della Forcella", "country": "IT", "region": "Liguria", "side": "from Rezzoaglio", "category": "4", "length_km": 9.3, "elevation_gain_m": 140, "avg_grade_pct": 1.5, "max_grade_pct": 11.1, "summit_elevation_m": 875, "summit_lat": 44.46261, "summit_lon": 9.33545, "start_lat": 44.52037, "start_lon": 9.37445, "wikidata_id": "Q3897392", "cycletrip_url": "https://cycletrip.pro/climbs/passo-della-forcella-q3897392"}}, {"type": "Feature", "geometry": {"type": "Point", "coordinates": [11.2280643, 45.7788237]}, "properties": {"climb_slug": "bocchetta-campiglia", "climb_name": "Bocchetta Campiglia", "country": "IT", "region": "Veneto", "side": "from Schio", "category": "2", "length_km": 11.1, "elevation_gain_m": 584, "avg_grade_pct": 5.3, "max_grade_pct": 18.7, "summit_elevation_m": 1216, "summit_lat": 45.77882, "summit_lon": 11.22806, "start_lat": 45.74048, "start_lon": 11.30779, "wikidata_id": "Q3641495", "cycletrip_url": "https://cycletrip.pro/climbs/bocchetta-campiglia"}}, {"type": "Feature", "geometry": {"type": "Point", "coordinates": [10.1541791, 46.1543295]}, "properties": {"climb_slug": "passo-dell-aprica", "climb_name": "Passo dell'Aprica", "country": "IT", "region": "Lombardy", "side": "from Mù", "category": "3", "length_km": 15.0, "elevation_gain_m": 487, "avg_grade_pct": 3.3, "max_grade_pct": 19.7, "summit_elevation_m": 1172, "summit_lat": 46.15433, "summit_lon": 10.15418, "start_lat": 46.18037, "start_lon": 10.32946, "wikidata_id": "Q774126", "cycletrip_url": "https://cycletrip.pro/climbs/passo-dell-aprica"}}, {"type": "Feature", "geometry": {"type": "Point", "coordinates": [10.1541791, 46.1543295]}, "properties": {"climb_slug": "passo-dell-aprica", "climb_name": "Passo dell'Aprica", "country": "IT", "region": "Lombardy", "side": "from Poggiridenti Piano", "category": "2", "length_km": 25.4, "elevation_gain_m": 884, "avg_grade_pct": 3.5, "max_grade_pct": 14.9, "summit_elevation_m": 1172, "summit_lat": 46.15433, "summit_lon": 10.15418, "start_lat": 46.1667, "start_lon": 9.93571, "wikidata_id": "Q774126", "cycletrip_url": "https://cycletrip.pro/climbs/passo-dell-aprica"}}, {"type": "Feature", "geometry": {"type": "Point", "coordinates": [10.560595683158727, 44.376455231754555]}, "properties": {"climb_slug": "toano", "climb_name": "Toano", "country": "IT", "region": "Northern Apennines", "side": "from Cerredolo", "category": "2", "length_km": 10.9, "elevation_gain_m": 553, "avg_grade_pct": 5.1, "max_grade_pct": 9.1, "summit_elevation_m": 860, "summit_lat": 44.37646, "summit_lon": 10.5606, "start_lat": 44.40412, "start_lon": 10.61647, "wikidata_id": "", "cycletrip_url": "https://cycletrip.pro/climbs/toano"}}, {"type": "Feature", "geometry": {"type": "Point", "coordinates": [10.560595683158727, 44.376455231754555]}, "properties": {"climb_slug": "toano", "climb_name": "Toano", "country": "IT", "region": "Northern Apennines", "side": "from Toano", "category": "2", "length_km": 4.0, "elevation_gain_m": 352, "avg_grade_pct": 8.8, "max_grade_pct": 14.1, "summit_elevation_m": 860, "summit_lat": 44.37646, "summit_lon": 10.5606, "start_lat": 44.36249, "start_lon": 10.56056, "wikidata_id": "", "cycletrip_url": "https://cycletrip.pro/climbs/toano"}}, {"type": "Feature", "geometry": {"type": "Point", "coordinates": [7.1070634, 48.1993849]}, "properties": {"climb_slug": "col-du-pr-de-raves", "climb_name": "Col du Pré de Raves", "country": "FR", "region": "Vosges", "side": "from Mandray", "category": "3", "length_km": 8.6, "elevation_gain_m": 321, "avg_grade_pct": 3.7, "max_grade_pct": 10.0, "summit_elevation_m": 1005, "summit_lat": 48.19938, "summit_lon": 7.10706, "start_lat": 48.20184, "start_lon": 7.01185, "wikidata_id": "Q2982312", "cycletrip_url": "https://cycletrip.pro/climbs/col-du-pr-de-raves"}}, {"type": "Feature", "geometry": {"type": "Point", "coordinates": [7.1070634, 48.1993849]}, "properties": {"climb_slug": "col-du-pr-de-raves", "climb_name": "Col du Pré de Raves", "country": "FR", "region": "Vosges", "side": "from Sainte-Marie-aux-Mines", "category": "2", "length_km": 12.9, "elevation_gain_m": 630, "avg_grade_pct": 4.9, "max_grade_pct": 12.4, "summit_elevation_m": 1005, "summit_lat": 48.19938, "summit_lon": 7.10706, "start_lat": 48.24389, "start_lon": 7.18011, "wikidata_id": "Q2982312", "cycletrip_url": "https://cycletrip.pro/climbs/col-du-pr-de-raves"}}, {"type": "Feature", "geometry": {"type": "Point", "coordinates": [11.1846466, 46.0676009]}, "properties": {"climb_slug": "passo-del-cimirlo", "climb_name": "Passo del Cimirlo", "country": "IT", "region": "Dolomites", "side": "from Madrano", "category": "2", "length_km": 2.7, "elevation_gain_m": 288, "avg_grade_pct": 10.7, "max_grade_pct": 17.2, "summit_elevation_m": 730, "summit_lat": 46.0676, "summit_lon": 11.18465, "start_lat": 46.06862, "start_lon": 11.20831, "wikidata_id": "Q3897368", "cycletrip_url": "https://cycletrip.pro/climbs/passo-del-cimirlo"}}, {"type": "Feature", "geometry": {"type": "Point", "coordinates": [11.1846466, 46.0676009]}, "properties": {"climb_slug": "passo-del-cimirlo", "climb_name": "Passo del Cimirlo", "country": "IT", "region": "Dolomites", "side": "from Povo", "category": "2", "length_km": 3.0, "elevation_gain_m": 267, "avg_grade_pct": 8.9, "max_grade_pct": 12.7, "summit_elevation_m": 730, "summit_lat": 46.0676, "summit_lon": 11.18465, "start_lat": 46.07153, "start_lon": 11.16208, "wikidata_id": "Q3897368", "cycletrip_url": "https://cycletrip.pro/climbs/passo-del-cimirlo"}}, {"type": "Feature", "geometry": {"type": "Point", "coordinates": [7.0195089, 47.9515694]}, "properties": {"climb_slug": "col-d-hahnenbrunnen", "climb_name": "Col d'Hahnenbrunnen", "country": "FR", "region": "Vosges", "side": "from Buhl", "category": "2", "length_km": 23.8, "elevation_gain_m": 846, "avg_grade_pct": 3.6, "max_grade_pct": 14.2, "summit_elevation_m": 1186, "summit_lat": 47.95157, "summit_lon": 7.01951, "start_lat": 47.92729, "start_lon": 7.19271, "wikidata_id": "Q17625028", "cycletrip_url": "https://cycletrip.pro/climbs/col-d-hahnenbrunnen"}}, {"type": "Feature", "geometry": {"type": "Point", "coordinates": [13.3514445, 42.459345]}, "properties": {"climb_slug": "valico-delle-capannelle", "climb_name": "Valico delle Capannelle", "country": "IT", "region": "Central Apennines", "side": "from Montorio al Vomano", "category": "2", "length_km": 34.1, "elevation_gain_m": 1020, "avg_grade_pct": 3.0, "max_grade_pct": 24.5, "summit_elevation_m": 1300, "summit_lat": 42.45934, "summit_lon": 13.35144, "start_lat": 42.5786, "start_lon": 13.6155, "wikidata_id": "Q2426888", "cycletrip_url": "https://cycletrip.pro/climbs/valico-delle-capannelle"}}, {"type": "Feature", "geometry": {"type": "Point", "coordinates": [13.3514445, 42.459345]}, "properties": {"climb_slug": "valico-delle-capannelle", "climb_name": "Valico delle Capannelle", "country": "IT", "region": "Central Apennines", "side": "from San Vittorino", "category": "2", "length_km": 14.9, "elevation_gain_m": 638, "avg_grade_pct": 4.3, "max_grade_pct": 10.8, "summit_elevation_m": 1300, "summit_lat": 42.45934, "summit_lon": 13.35144, "start_lat": 42.40059, "start_lon": 13.31109, "wikidata_id": "Q2426888", "cycletrip_url": "https://cycletrip.pro/climbs/valico-delle-capannelle"}}, {"type": "Feature", "geometry": {"type": "Point", "coordinates": [13.5587238, 42.4430453]}, "properties": {"climb_slug": "campo-imperatore", "climb_name": "Campo Imperatore", "country": "IT", "region": "Central Apennines", "side": "from L'Aquila", "category": "2", "length_km": 7.6, "elevation_gain_m": 482, "avg_grade_pct": 6.3, "max_grade_pct": 12.3, "summit_elevation_m": "", "summit_lat": 42.44305, "summit_lon": 13.55872, "start_lat": 42.42773, "start_lon": 13.62279, "wikidata_id": "", "cycletrip_url": "https://cycletrip.pro/climbs/campo-imperatore"}}, {"type": "Feature", "geometry": {"type": "Point", "coordinates": [14.0303143, 42.0736731]}, "properties": {"climb_slug": "passo-san-leonardo", "climb_name": "Passo San Leonardo", "country": "IT", "region": "Central Apennines", "side": "from Caramanico Terme", "category": "2", "length_km": 15.5, "elevation_gain_m": 680, "avg_grade_pct": 4.4, "max_grade_pct": 11.9, "summit_elevation_m": 1282, "summit_lat": 42.07367, "summit_lon": 14.03031, "start_lat": 42.1527, "start_lon": 14.0043, "wikidata_id": "Q3897339", "cycletrip_url": "https://cycletrip.pro/climbs/passo-san-leonardo"}}, {"type": "Feature", "geometry": {"type": "Point", "coordinates": [14.0303143, 42.0736731]}, "properties": {"climb_slug": "passo-san-leonardo", "climb_name": "Passo San Leonardo", "country": "IT", "region": "Central Apennines", "side": "from Pacentro", "category": "2", "length_km": 14.2, "elevation_gain_m": 587, "avg_grade_pct": 4.1, "max_grade_pct": 12.0, "summit_elevation_m": 1282, "summit_lat": 42.07367, "summit_lon": 14.03031, "start_lat": 42.05172, "start_lon": 13.99288, "wikidata_id": "Q3897339", "cycletrip_url": "https://cycletrip.pro/climbs/passo-san-leonardo"}}, {"type": "Feature", "geometry": {"type": "Point", "coordinates": [2.7938702, 45.0526261]}, "properties": {"climb_slug": "col-de-prat-de-bouc", "climb_name": "Col de Prat-de-Bouc", "country": "FR", "region": "Massif Central", "side": "from Murat", "category": "2", "length_km": 8.3, "elevation_gain_m": 501, "avg_grade_pct": 6.0, "max_grade_pct": 13.9, "summit_elevation_m": 1396, "summit_lat": 45.05263, "summit_lon": 2.79387, "start_lat": 45.10178, "start_lon": 2.85556, "wikidata_id": "Q2982103", "cycletrip_url": "https://cycletrip.pro/climbs/col-de-prat-de-bouc"}}, {"type": "Feature", "geometry": {"type": "Point", "coordinates": [2.7938702, 45.0526261]}, "properties": {"climb_slug": "col-de-prat-de-bouc", "climb_name": "Col de Prat-de-Bouc", "country": "FR", "region": "Massif Central", "side": "from Paulhac", "category": "3", "length_km": 3.1, "elevation_gain_m": 186, "avg_grade_pct": 6.0, "max_grade_pct": 8.1, "summit_elevation_m": 1396, "summit_lat": 45.05263, "summit_lon": 2.79387, "start_lat": 45.03514, "start_lon": 2.82303, "wikidata_id": "Q2982103", "cycletrip_url": "https://cycletrip.pro/climbs/col-de-prat-de-bouc"}}, {"type": "Feature", "geometry": {"type": "Point", "coordinates": [13.516097, 42.137031]}, "properties": {"climb_slug": "ovindoli", "climb_name": "Ovindoli", "country": "IT", "region": "Central Apennines", "side": "from Celano", "category": "2", "length_km": 15.4, "elevation_gain_m": 682, "avg_grade_pct": 4.4, "max_grade_pct": 10.6, "summit_elevation_m": "", "summit_lat": 42.13703, "summit_lon": 13.5161, "start_lat": 42.05845, "start_lon": 13.55925, "wikidata_id": "", "cycletrip_url": "https://cycletrip.pro/climbs/ovindoli"}}, {"type": "Feature", "geometry": {"type": "Point", "coordinates": [15.15915, 38.01773]}, "properties": {"climb_slug": "portella-gaggetto", "climb_name": "Portella Gaggetto", "country": "IT", "region": "Sicily", "side": "from Novara di Sicilia", "category": "3", "length_km": 5.6, "elevation_gain_m": 281, "avg_grade_pct": 5.0, "max_grade_pct": 11.1, "summit_elevation_m": 880, "summit_lat": 38.01773, "summit_lon": 15.15915, "start_lat": 38.02092, "start_lon": 15.1373, "wikidata_id": "", "cycletrip_url": "https://cycletrip.pro/climbs/portella-gaggetto"}}, {"type": "Feature", "geometry": {"type": "Point", "coordinates": [15.15915, 38.01773]}, "properties": {"climb_slug": "portella-gaggetto", "climb_name": "Portella Gaggetto", "country": "IT", "region": "Sicily", "side": "from Trepiraini", "category": "2", "length_km": 7.5, "elevation_gain_m": 470, "avg_grade_pct": 6.3, "max_grade_pct": 15.1, "summit_elevation_m": 880, "summit_lat": 38.01773, "summit_lon": 15.15915, "start_lat": 38.02753, "start_lon": 15.18071, "wikidata_id": "", "cycletrip_url": "https://cycletrip.pro/climbs/portella-gaggetto"}}, {"type": "Feature", "geometry": {"type": "Point", "coordinates": [-2.15722, 43.12547]}, "properties": {"climb_slug": "bidania-mendatea", "climb_name": "Bidania mendatea", "country": "ES", "region": "Basque Country", "side": "from Tolosa", "category": "2", "length_km": 6.6, "elevation_gain_m": 440, "avg_grade_pct": 6.7, "max_grade_pct": 12.0, "summit_elevation_m": 510, "summit_lat": 43.12547, "summit_lon": -2.15722, "start_lat": 43.1259, "start_lon": -2.08751, "wikidata_id": "", "cycletrip_url": "https://cycletrip.pro/climbs/bidania-mendatea"}}, {"type": "Feature", "geometry": {"type": "Point", "coordinates": [13.348608403592056, 42.47428638563178]}, "properties": {"climb_slug": "croce-abbio", "climb_name": "Croce Abbio", "country": "IT", "region": "Central Apennines", "side": "from Montorio al Vomano", "category": "2", "length_km": 32.9, "elevation_gain_m": 970, "avg_grade_pct": 3.0, "max_grade_pct": 24.5, "summit_elevation_m": 1256, "summit_lat": 42.47429, "summit_lon": 13.34861, "start_lat": 42.57844, "start_lon": 13.61615, "wikidata_id": "", "cycletrip_url": "https://cycletrip.pro/climbs/croce-abbio"}}, {"type": "Feature", "geometry": {"type": "Point", "coordinates": [13.348608403592056, 42.47428638563178]}, "properties": {"climb_slug": "croce-abbio", "climb_name": "Croce Abbio", "country": "IT", "region": "Central Apennines", "side": "from Rovagnano", "category": "3", "length_km": 10.3, "elevation_gain_m": 440, "avg_grade_pct": 4.3, "max_grade_pct": 11.5, "summit_elevation_m": 1256, "summit_lat": 42.47429, "summit_lon": 13.34861, "start_lat": 42.52372, "start_lon": 13.26587, "wikidata_id": "", "cycletrip_url": "https://cycletrip.pro/climbs/croce-abbio"}}, {"type": "Feature", "geometry": {"type": "Point", "coordinates": [9.0699597, 42.5795085]}, "properties": {"climb_slug": "col-de-san-colombano", "climb_name": "Col de San Colombano", "country": "FR", "region": "Corsica", "side": "from Belgodère", "category": "2", "length_km": 16.0, "elevation_gain_m": 683, "avg_grade_pct": 4.3, "max_grade_pct": 10.2, "summit_elevation_m": 692, "summit_lat": 42.57951, "summit_lon": 9.06996, "start_lat": 42.63506, "start_lon": 9.01264, "wikidata_id": "Q8559763", "cycletrip_url": "https://cycletrip.pro/climbs/col-de-san-colombano"}}, {"type": "Feature", "geometry": {"type": "Point", "coordinates": [9.0699597, 42.5795085]}, "properties": {"climb_slug": "col-de-san-colombano", "climb_name": "Col de San Colombano", "country": "FR", "region": "Corsica", "side": "from Castifao", "category": "3", "length_km": 19.0, "elevation_gain_m": 444, "avg_grade_pct": 2.3, "max_grade_pct": 9.8, "summit_elevation_m": 692, "summit_lat": 42.57951, "summit_lon": 9.06996, "start_lat": 42.50529, "start_lon": 9.17705, "wikidata_id": "Q8559763", "cycletrip_url": "https://cycletrip.pro/climbs/col-de-san-colombano"}}, {"type": "Feature", "geometry": {"type": "Point", "coordinates": [0.7436908, 42.0782958]}, "properties": {"climb_slug": "coll-de-fabregada", "climb_name": "Coll de Fabregada", "country": "ES", "region": "Southern Pyrenees", "side": "from Sant Esteve de la Sarga", "category": "2", "length_km": 6.5, "elevation_gain_m": 435, "avg_grade_pct": 6.7, "max_grade_pct": 11.8, "summit_elevation_m": 942, "summit_lat": 42.0783, "summit_lon": 0.74369, "start_lat": 42.10303, "start_lon": 0.69972, "wikidata_id": "Q11914491", "cycletrip_url": "https://cycletrip.pro/climbs/coll-de-fabregada"}}, {"type": "Feature", "geometry": {"type": "Point", "coordinates": [-4.1402008, 40.7101194]}, "properties": {"climb_slug": "puerto-de-guadarrama-o-alto-del-le-n", "climb_name": "Puerto de Guadarrama o Alto del León", "country": "ES", "region": "Sierra de Guadarrama", "side": "from El Espinar", "category": "3", "length_km": 5.6, "elevation_gain_m": 278, "avg_grade_pct": 5.0, "max_grade_pct": 10.7, "summit_elevation_m": 1511, "summit_lat": 40.71012, "summit_lon": -4.1402, "start_lat": 40.71329, "start_lon": -4.18804, "wikidata_id": "Q3925445", "cycletrip_url": "https://cycletrip.pro/climbs/puerto-de-guadarrama-o-alto-del-le-n"}}, {"type": "Feature", "geometry": {"type": "Point", "coordinates": [-4.1402008, 40.7101194]}, "properties": {"climb_slug": "puerto-de-guadarrama-o-alto-del-le-n", "climb_name": "Puerto de Guadarrama o Alto del León", "country": "ES", "region": "Sierra de Guadarrama", "side": "from Guadarrama", "category": "2", "length_km": 4.9, "elevation_gain_m": 375, "avg_grade_pct": 7.7, "max_grade_pct": 11.9, "summit_elevation_m": 1511, "summit_lat": 40.71012, "summit_lon": -4.1402, "start_lat": 40.69095, "start_lon": -4.11962, "wikidata_id": "Q3925445", "cycletrip_url": "https://cycletrip.pro/climbs/puerto-de-guadarrama-o-alto-del-le-n"}}, {"type": "Feature", "geometry": {"type": "Point", "coordinates": [6.5092952, 46.2944008]}, "properties": {"climb_slug": "col-du-feu", "climb_name": "Col du Feu", "country": "FR", "region": "French Alps", "side": "from Orcier", "category": "2", "length_km": 8.9, "elevation_gain_m": 503, "avg_grade_pct": 5.7, "max_grade_pct": 10.4, "summit_elevation_m": 1120, "summit_lat": 46.2944, "summit_lon": 6.5093, "start_lat": 46.32256, "start_lon": 6.50173, "wikidata_id": "Q2982265", "cycletrip_url": "https://cycletrip.pro/climbs/col-du-feu"}}, {"type": "Feature", "geometry": {"type": "Point", "coordinates": [6.5092952, 46.2944008]}, "properties": {"climb_slug": "col-du-feu", "climb_name": "Col du Feu", "country": "FR", "region": "French Alps", "side": "from Vailly", "category": "2", "length_km": 8.1, "elevation_gain_m": 440, "avg_grade_pct": 5.4, "max_grade_pct": 15.7, "summit_elevation_m": 1120, "summit_lat": 46.2944, "summit_lon": 6.5093, "start_lat": 46.30852, "start_lon": 6.5553, "wikidata_id": "Q2982265", "cycletrip_url": "https://cycletrip.pro/climbs/col-du-feu"}}, {"type": "Feature", "geometry": {"type": "Point", "coordinates": [9.0089358, 44.4721203]}, "properties": {"climb_slug": "colle-di-creto", "climb_name": "Colle di Creto", "country": "IT", "region": "Liguria", "side": "from Tre Coste", "category": "2", "length_km": 9.9, "elevation_gain_m": 531, "avg_grade_pct": 5.4, "max_grade_pct": 16.5, "summit_elevation_m": 603, "summit_lat": 44.47212, "summit_lon": 9.00894, "start_lat": 44.45265, "start_lon": 8.99165, "wikidata_id": "Q52634173", "cycletrip_url": "https://cycletrip.pro/climbs/colle-di-creto"}}, {"type": "Feature", "geometry": {"type": "Point", "coordinates": [-0.1375782, 42.8848837]}, "properties": {"climb_slug": "cambasque", "climb_name": "Cambasque", "country": "FR", "region": "Pyrenees", "side": "from Cauterets", "category": "2", "length_km": 4.5, "elevation_gain_m": 358, "avg_grade_pct": 8.0, "max_grade_pct": 17.1, "summit_elevation_m": "", "summit_lat": 42.88488, "summit_lon": -0.13758, "start_lat": 42.88587, "start_lon": -0.11544, "wikidata_id": "", "cycletrip_url": "https://cycletrip.pro/climbs/cambasque"}}, {"type": "Feature", "geometry": {"type": "Point", "coordinates": [11.6547827, 43.9328957]}, "properties": {"climb_slug": "passo-del-muraglione", "climb_name": "Passo del Muraglione", "country": "IT", "region": "Tuscany", "side": "from Dicomano", "category": "2", "length_km": 18.9, "elevation_gain_m": 745, "avg_grade_pct": 3.9, "max_grade_pct": 13.6, "summit_elevation_m": 907, "summit_lat": 43.9329, "summit_lon": 11.65478, "start_lat": 43.8902, "start_lon": 11.52344, "wikidata_id": "Q3897374", "cycletrip_url": "https://cycletrip.pro/climbs/passo-del-muraglione"}}, {"type": "Feature", "geometry": {"type": "Point", "coordinates": [11.6547827, 43.9328957]}, "properties": {"climb_slug": "passo-del-muraglione", "climb_name": "Passo del Muraglione", "country": "IT", "region": "Tuscany", "side": "from Portico e San Benedetto", "category": "3", "length_km": 21.8, "elevation_gain_m": 616, "avg_grade_pct": 2.8, "max_grade_pct": 12.4, "summit_elevation_m": 907, "summit_lat": 43.9329, "summit_lon": 11.65478, "start_lat": 44.03217, "start_lon": 11.79315, "wikidata_id": "Q3897374", "cycletrip_url": "https://cycletrip.pro/climbs/passo-del-muraglione"}}, {"type": "Feature", "geometry": {"type": "Point", "coordinates": [-1.6145342, 43.049072]}, "properties": {"climb_slug": "belateko-mendatea", "climb_name": "Belateko mendatea", "country": "ES", "region": "Southern Pyrenees", "side": "from Berroeta", "category": "2", "length_km": 11.0, "elevation_gain_m": 556, "avg_grade_pct": 5.1, "max_grade_pct": 10.5, "summit_elevation_m": 847, "summit_lat": 43.04907, "summit_lon": -1.61453, "start_lat": 43.10391, "start_lon": -1.59306, "wikidata_id": "Q110463421", "cycletrip_url": "https://cycletrip.pro/climbs/belateko-mendatea"}}, {"type": "Feature", "geometry": {"type": "Point", "coordinates": [-1.6145342, 43.049072]}, "properties": {"climb_slug": "belateko-mendatea", "climb_name": "Belateko mendatea", "country": "ES", "region": "Southern Pyrenees", "side": "from Ultzama", "category": "4", "length_km": 4.7, "elevation_gain_m": 171, "avg_grade_pct": 3.7, "max_grade_pct": 10.1, "summit_elevation_m": 847, "summit_lat": 43.04907, "summit_lon": -1.61453, "start_lat": 43.02001, "start_lon": -1.63472, "wikidata_id": "Q110463421", "cycletrip_url": "https://cycletrip.pro/climbs/belateko-mendatea"}}, {"type": "Feature", "geometry": {"type": "Point", "coordinates": [-8.831602810683737, 42.06430961762001]}, "properties": {"climb_slug": "alto-de-mougas", "climb_name": "Alto de Mougás", "country": "ES", "region": "Galicia", "side": "from Baiona", "category": "2", "length_km": 11.9, "elevation_gain_m": 582, "avg_grade_pct": 4.9, "max_grade_pct": 15.1, "summit_elevation_m": 632, "summit_lat": 42.06431, "summit_lon": -8.8316, "start_lat": 42.1202, "start_lon": -8.85431, "wikidata_id": "", "cycletrip_url": "https://cycletrip.pro/climbs/alto-de-mougas"}}, {"type": "Feature", "geometry": {"type": "Point", "coordinates": [-8.831602810683737, 42.06430961762001]}, "properties": {"climb_slug": "alto-de-mougas", "climb_name": "Alto de Mougás", "country": "ES", "region": "Galicia", "side": "from O Calvario", "category": "3", "length_km": 14.8, "elevation_gain_m": 540, "avg_grade_pct": 3.7, "max_grade_pct": 12.3, "summit_elevation_m": 632, "summit_lat": 42.06431, "summit_lon": -8.8316, "start_lat": 41.96358, "start_lon": -8.82272, "wikidata_id": "", "cycletrip_url": "https://cycletrip.pro/climbs/alto-de-mougas"}}, {"type": "Feature", "geometry": {"type": "Point", "coordinates": [10.106026, 45.6605613]}, "properties": {"climb_slug": "passo-dei-tre-termini", "climb_name": "Passo dei Tre Termini", "country": "IT", "region": "Lombardy", "side": "from Pilzone", "category": "2", "length_km": 8.2, "elevation_gain_m": 479, "avg_grade_pct": 5.9, "max_grade_pct": 10.0, "summit_elevation_m": 681, "summit_lat": 45.66056, "summit_lon": 10.10603, "start_lat": 45.66016, "start_lon": 10.0546, "wikidata_id": "Q18785538", "cycletrip_url": "https://cycletrip.pro/climbs/passo-dei-tre-termini"}}, {"type": "Feature", "geometry": {"type": "Point", "coordinates": [10.106026, 45.6605613]}, "properties": {"climb_slug": "passo-dei-tre-termini", "climb_name": "Passo dei Tre Termini", "country": "IT", "region": "Lombardy", "side": "from Zanano", "category": "3", "length_km": 8.8, "elevation_gain_m": 390, "avg_grade_pct": 4.4, "max_grade_pct": 10.5, "summit_elevation_m": 681, "summit_lat": 45.66056, "summit_lon": 10.10603, "start_lat": 45.66765, "start_lon": 10.19221, "wikidata_id": "Q18785538", "cycletrip_url": "https://cycletrip.pro/climbs/passo-dei-tre-termini"}}, {"type": "Feature", "geometry": {"type": "Point", "coordinates": [6.4669561, 46.2775708]}, "properties": {"climb_slug": "col-des-moises", "climb_name": "Col des Moises", "country": "FR", "region": "French Alps", "side": "from Draillant", "category": "2", "length_km": 5.5, "elevation_gain_m": 395, "avg_grade_pct": 7.2, "max_grade_pct": 10.8, "summit_elevation_m": 1121, "summit_lat": 46.27757, "summit_lon": 6.46696, "start_lat": 46.30137, "start_lon": 6.46395, "wikidata_id": "Q2982228", "cycletrip_url": "https://cycletrip.pro/climbs/col-des-moises"}}, {"type": "Feature", "geometry": {"type": "Point", "coordinates": [6.4669561, 46.2775708]}, "properties": {"climb_slug": "col-des-moises", "climb_name": "Col des Moises", "country": "FR", "region": "French Alps", "side": "from Villard", "category": "3", "length_km": 8.2, "elevation_gain_m": 321, "avg_grade_pct": 3.9, "max_grade_pct": 7.9, "summit_elevation_m": 1121, "summit_lat": 46.27757, "summit_lon": 6.46696, "start_lat": 46.21925, "start_lon": 6.44149, "wikidata_id": "Q2982228", "cycletrip_url": "https://cycletrip.pro/climbs/col-des-moises"}}, {"type": "Feature", "geometry": {"type": "Point", "coordinates": [7.2927777, 43.8003843]}, "properties": {"climb_slug": "col-de-ch-teauneuf", "climb_name": "Col de Châteauneuf", "country": "FR", "region": "French Alps", "side": "from Contes", "category": "2", "length_km": 6.7, "elevation_gain_m": 434, "avg_grade_pct": 6.5, "max_grade_pct": 13.7, "summit_elevation_m": 627, "summit_lat": 43.80038, "summit_lon": 7.29278, "start_lat": 43.80789, "start_lon": 7.31354, "wikidata_id": "Q2982030", "cycletrip_url": "https://cycletrip.pro/climbs/col-de-ch-teauneuf"}}, {"type": "Feature", "geometry": {"type": "Point", "coordinates": [7.2927777, 43.8003843]}, "properties": {"climb_slug": "col-de-ch-teauneuf", "climb_name": "Col de Châteauneuf", "country": "FR", "region": "French Alps", "side": "from Tourrette-Levens", "category": "3", "length_km": 5.5, "elevation_gain_m": 243, "avg_grade_pct": 4.4, "max_grade_pct": 10.4, "summit_elevation_m": 627, "summit_lat": 43.80038, "summit_lon": 7.29278, "start_lat": 43.80005, "start_lon": 7.27371, "wikidata_id": "Q2982030", "cycletrip_url": "https://cycletrip.pro/climbs/col-de-ch-teauneuf"}}, {"type": "Feature", "geometry": {"type": "Point", "coordinates": [6.492149, 46.268529]}, "properties": {"climb_slug": "col-des-arces", "climb_name": "Col des Arces", "country": "FR", "region": "French Alps", "side": "from Lullin", "category": "2", "length_km": 3.0, "elevation_gain_m": 291, "avg_grade_pct": 9.7, "max_grade_pct": 13.7, "summit_elevation_m": 1164, "summit_lat": 46.26853, "summit_lon": 6.49215, "start_lat": 46.27796, "start_lon": 6.51527, "wikidata_id": "Q2982204", "cycletrip_url": "https://cycletrip.pro/climbs/col-des-arces"}}, {"type": "Feature", "geometry": {"type": "Point", "coordinates": [6.492149, 46.268529]}, "properties": {"climb_slug": "col-des-arces", "climb_name": "Col des Arces", "country": "FR", "region": "French Alps", "side": "from Villard", "category": "3", "length_km": 7.6, "elevation_gain_m": 378, "avg_grade_pct": 5.0, "max_grade_pct": 13.0, "summit_elevation_m": 1164, "summit_lat": 46.26853, "summit_lon": 6.49215, "start_lat": 46.2189, "start_lon": 6.44099, "wikidata_id": "Q2982204", "cycletrip_url": "https://cycletrip.pro/climbs/col-des-arces"}}, {"type": "Feature", "geometry": {"type": "Point", "coordinates": [13.078108958962506, 46.54101104103749]}, "properties": {"climb_slug": "passo-duron", "climb_name": "Passo Duron", "country": "IT", "region": "Friuli", "side": "from Paluzza / Paluce", "category": "2", "length_km": 7.5, "elevation_gain_m": 458, "avg_grade_pct": 6.1, "max_grade_pct": 13.0, "summit_elevation_m": 1038, "summit_lat": 46.54101, "summit_lon": 13.07811, "start_lat": 46.52405, "start_lon": 13.00976, "wikidata_id": "", "cycletrip_url": "https://cycletrip.pro/climbs/passo-duron"}}, {"type": "Feature", "geometry": {"type": "Point", "coordinates": [6.4648689, 45.872279]}, "properties": {"climb_slug": "col-des-aravis", "climb_name": "Col des Aravis", "country": "FR", "region": "French Alps", "side": "from Flumet", "category": "2", "length_km": 11.6, "elevation_gain_m": 563, "avg_grade_pct": 4.9, "max_grade_pct": 14.1, "summit_elevation_m": 1487, "summit_lat": 45.87228, "summit_lon": 6.46487, "start_lat": 45.81943, "start_lon": 6.51627, "wikidata_id": "Q533689", "cycletrip_url": "https://cycletrip.pro/climbs/col-des-aravis"}}, {"type": "Feature", "geometry": {"type": "Point", "coordinates": [6.4648689, 45.872279]}, "properties": {"climb_slug": "col-des-aravis", "climb_name": "Col des Aravis", "country": "FR", "region": "French Alps", "side": "from La Clusaz", "category": "2", "length_km": 7.7, "elevation_gain_m": 444, "avg_grade_pct": 5.8, "max_grade_pct": 9.0, "summit_elevation_m": 1487, "summit_lat": 45.87228, "summit_lon": 6.46487, "start_lat": 45.90605, "start_lon": 6.42205, "wikidata_id": "Q533689", "cycletrip_url": "https://cycletrip.pro/climbs/col-des-aravis"}}, {"type": "Feature", "geometry": {"type": "Point", "coordinates": [5.7483846, 46.00827]}, "properties": {"climb_slug": "col-de-richemond", "climb_name": "Col de Richemond", "country": "FR", "region": "Jura", "side": "from Billiat", "category": "2", "length_km": 9.9, "elevation_gain_m": 523, "avg_grade_pct": 5.3, "max_grade_pct": 10.4, "summit_elevation_m": 1060, "summit_lat": 46.00827, "summit_lon": 5.74838, "start_lat": 46.06953, "start_lon": 5.78249, "wikidata_id": "Q2644039", "cycletrip_url": "https://cycletrip.pro/climbs/col-de-richemond"}}, {"type": "Feature", "geometry": {"type": "Point", "coordinates": [5.7483846, 46.00827]}, "properties": {"climb_slug": "col-de-richemond", "climb_name": "Col de Richemond", "country": "FR", "region": "Jura", "side": "from Boirin", "category": "3", "length_km": 9.0, "elevation_gain_m": 342, "avg_grade_pct": 3.8, "max_grade_pct": 8.0, "summit_elevation_m": 1060, "summit_lat": 46.00827, "summit_lon": 5.74838, "start_lat": 45.94742, "start_lon": 5.72342, "wikidata_id": "Q2644039", "cycletrip_url": "https://cycletrip.pro/climbs/col-de-richemond"}}, {"type": "Feature", "geometry": {"type": "Point", "coordinates": [15.4181711, 40.419522]}, "properties": {"climb_slug": "passo-della-sentinella-salerno", "climb_name": "Passo della Sentinella (Salerno)", "country": "IT", "region": "Campania", "side": "from Aquara", "category": "2", "length_km": 22.7, "elevation_gain_m": 803, "avg_grade_pct": 3.5, "max_grade_pct": 12.4, "summit_elevation_m": 932, "summit_lat": 40.41952, "summit_lon": 15.41817, "start_lat": 40.42112, "start_lon": 15.2659, "wikidata_id": "Q3897407", "cycletrip_url": "https://cycletrip.pro/climbs/passo-della-sentinella-salerno"}}, {"type": "Feature", "geometry": {"type": "Point", "coordinates": [15.4181711, 40.419522]}, "properties": {"climb_slug": "passo-della-sentinella-salerno", "climb_name": "Passo della Sentinella (Salerno)", "country": "IT", "region": "Campania", "side": "from San Pietro al Tanagro", "category": "2", "length_km": 12.1, "elevation_gain_m": 506, "avg_grade_pct": 4.2, "max_grade_pct": 10.0, "summit_elevation_m": 932, "summit_lat": 40.41952, "summit_lon": 15.41817, "start_lat": 40.44344, "start_lon": 15.50492, "wikidata_id": "Q3897407", "cycletrip_url": "https://cycletrip.pro/climbs/passo-della-sentinella-salerno"}}, {"type": "Feature", "geometry": {"type": "Point", "coordinates": [-0.8035077212194845, 42.956928764437095]}, "properties": {"climb_slug": "larra-belagua", "climb_name": "Larra-Belagua", "country": "FR", "region": "Pyrenees", "side": "from Roncal / Erronkari", "category": "2", "length_km": 28.8, "elevation_gain_m": 883, "avg_grade_pct": 3.1, "max_grade_pct": 11.4, "summit_elevation_m": 1587, "summit_lat": 42.95693, "summit_lon": -0.80351, "start_lat": 42.80632, "start_lon": -0.95633, "wikidata_id": "", "cycletrip_url": "https://cycletrip.pro/climbs/larra-belagua"}}, {"type": "Feature", "geometry": {"type": "Point", "coordinates": [-3.8476243, 43.0722693]}, "properties": {"climb_slug": "puerto-de-la-matanela", "climb_name": "Puerto de La Matanela", "country": "ES", "region": "Cantabria", "side": "from Vega de Pas", "category": "2", "length_km": 16.4, "elevation_gain_m": 670, "avg_grade_pct": 4.1, "max_grade_pct": 12.0, "summit_elevation_m": 946, "summit_lat": 43.07227, "summit_lon": -3.84762, "start_lat": 43.16065, "start_lon": -3.82224, "wikidata_id": "Q6092085", "cycletrip_url": "https://cycletrip.pro/climbs/puerto-de-la-matanela"}}, {"type": "Feature", "geometry": {"type": "Point", "coordinates": [11.2375529, 45.7771002]}, "properties": {"climb_slug": "passo-xomo", "climb_name": "Passo Xomo", "country": "IT", "region": "Veneto", "side": "from Posina", "category": "2", "length_km": 4.2, "elevation_gain_m": 340, "avg_grade_pct": 8.1, "max_grade_pct": 15.1, "summit_elevation_m": 1058, "summit_lat": 45.7771, "summit_lon": 11.23755, "start_lat": 45.7852, "start_lon": 11.24718, "wikidata_id": "Q3897350", "cycletrip_url": "https://cycletrip.pro/climbs/passo-xomo"}}, {"type": "Feature", "geometry": {"type": "Point", "coordinates": [11.2375529, 45.7771002]}, "properties": {"climb_slug": "passo-xomo", "climb_name": "Passo Xomo", "country": "IT", "region": "Veneto", "side": "from Schio", "category": "3", "length_km": 9.5, "elevation_gain_m": 433, "avg_grade_pct": 4.6, "max_grade_pct": 12.8, "summit_elevation_m": 1058, "summit_lat": 45.7771, "summit_lon": 11.23755, "start_lat": 45.74034, "start_lon": 11.30709, "wikidata_id": "Q3897350", "cycletrip_url": "https://cycletrip.pro/climbs/passo-xomo"}}, {"type": "Feature", "geometry": {"type": "Point", "coordinates": [11.2375529, 45.7771002]}, "properties": {"climb_slug": "passo-xomo", "climb_name": "Passo Xomo", "country": "IT", "region": "Veneto", "side": "from Valli del Pasubio", "category": "4", "length_km": 5.3, "elevation_gain_m": 142, "avg_grade_pct": 2.7, "max_grade_pct": 11.5, "summit_elevation_m": 1058, "summit_lat": 45.7771, "summit_lon": 11.23755, "start_lat": 45.76375, "start_lon": 11.19491, "wikidata_id": "Q3897350", "cycletrip_url": "https://cycletrip.pro/climbs/passo-xomo"}}, {"type": "Feature", "geometry": {"type": "Point", "coordinates": [9.3827567, 42.6771224]}, "properties": {"climb_slug": "col-de-teghime", "climb_name": "Col de Teghime", "country": "FR", "region": "Corsica", "side": "from Bastia", "category": "2", "length_km": 10.2, "elevation_gain_m": 486, "avg_grade_pct": 4.8, "max_grade_pct": 10.2, "summit_elevation_m": 536, "summit_lat": 42.67712, "summit_lon": 9.38276, "start_lat": 42.7034, "start_lon": 9.44232, "wikidata_id": "Q2982128", "cycletrip_url": "https://cycletrip.pro/climbs/col-de-teghime"}}, {"type": "Feature", "geometry": {"type": "Point", "coordinates": [9.3827567, 42.6771224]}, "properties": {"climb_slug": "col-de-teghime", "climb_name": "Col de Teghime", "country": "FR", "region": "Corsica", "side": "from Oletta", "category": "3", "length_km": 9.3, "elevation_gain_m": 347, "avg_grade_pct": 3.7, "max_grade_pct": 10.2, "summit_elevation_m": 536, "summit_lat": 42.67712, "summit_lon": 9.38276, "start_lat": 42.63037, "start_lon": 9.35329, "wikidata_id": "Q2982128", "cycletrip_url": "https://cycletrip.pro/climbs/col-de-teghime"}}, {"type": "Feature", "geometry": {"type": "Point", "coordinates": [9.3827567, 42.6771224]}, "properties": {"climb_slug": "col-de-teghime", "climb_name": "Col de Teghime", "country": "FR", "region": "Corsica", "side": "from Patrimonio", "category": "2", "length_km": 9.4, "elevation_gain_m": 505, "avg_grade_pct": 5.4, "max_grade_pct": 11.5, "summit_elevation_m": 536, "summit_lat": 42.67712, "summit_lon": 9.38276, "start_lat": 42.69553, "start_lon": 9.33329, "wikidata_id": "Q2982128", "cycletrip_url": "https://cycletrip.pro/climbs/col-de-teghime"}}, {"type": "Feature", "geometry": {"type": "Point", "coordinates": [-5.964695769472385, 43.29257883124572]}, "properties": {"climb_slug": "alto-del-tenebreo", "climb_name": "Alto del Tenebreo", "country": "ES", "region": "Asturias", "side": "from La Rienda", "category": "3", "length_km": 7.2, "elevation_gain_m": 384, "avg_grade_pct": 5.3, "max_grade_pct": 13.8, "summit_elevation_m": 512, "summit_lat": 43.29258, "summit_lon": -5.9647, "start_lat": 43.32994, "start_lon": -5.93296, "wikidata_id": "", "cycletrip_url": "https://cycletrip.pro/climbs/alto-del-tenebreo"}}, {"type": "Feature", "geometry": {"type": "Point", "coordinates": [-5.964695769472385, 43.29257883124572]}, "properties": {"climb_slug": "alto-del-tenebreo", "climb_name": "Alto del Tenebreo", "country": "ES", "region": "Asturias", "side": "from Villanueva", "category": "2", "length_km": 3.7, "elevation_gain_m": 319, "avg_grade_pct": 8.6, "max_grade_pct": 20.2, "summit_elevation_m": 512, "summit_lat": 43.29258, "summit_lon": -5.9647, "start_lat": 43.27457, "start_lon": -5.99537, "wikidata_id": "", "cycletrip_url": "https://cycletrip.pro/climbs/alto-del-tenebreo"}}, {"type": "Feature", "geometry": {"type": "Point", "coordinates": [9.8247568, 44.4582637]}, "properties": {"climb_slug": "passo-del-brattello", "climb_name": "Passo del Brattello", "country": "IT", "region": "Tuscany", "side": "from Borgo Val di Taro", "category": "2", "length_km": 12.1, "elevation_gain_m": 554, "avg_grade_pct": 4.6, "max_grade_pct": 12.5, "summit_elevation_m": 950, "summit_lat": 44.45826, "summit_lon": 9.82476, "start_lat": 44.48423, "start_lon": 9.76672, "wikidata_id": "Q3897359", "cycletrip_url": "https://cycletrip.pro/climbs/passo-del-brattello"}}, {"type": "Feature", "geometry": {"type": "Point", "coordinates": [9.8247568, 44.4582637]}, "properties": {"climb_slug": "passo-del-brattello", "climb_name": "Passo del Brattello", "country": "IT", "region": "Tuscany", "side": "from Pontremoli", "category": "2", "length_km": 17.7, "elevation_gain_m": 686, "avg_grade_pct": 3.9, "max_grade_pct": 9.3, "summit_elevation_m": 950, "summit_lat": 44.45826, "summit_lon": 9.82476, "start_lat": 44.38681, "start_lon": 9.88406, "wikidata_id": "Q3897359", "cycletrip_url": "https://cycletrip.pro/climbs/passo-del-brattello"}}, {"type": "Feature", "geometry": {"type": "Point", "coordinates": [15.48107, 38.18896]}, "properties": {"climb_slug": "portella-chiarino", "climb_name": "Portella Chiarino", "country": "IT", "region": "Sicily", "side": "from Salice", "category": "2", "length_km": 4.3, "elevation_gain_m": 340, "avg_grade_pct": 7.9, "max_grade_pct": 14.5, "summit_elevation_m": 830, "summit_lat": 38.18896, "summit_lon": 15.48107, "start_lat": 38.21561, "start_lon": 15.50608, "wikidata_id": "", "cycletrip_url": "https://cycletrip.pro/climbs/portella-chiarino"}}, {"type": "Feature", "geometry": {"type": "Point", "coordinates": [-2.76053, 43.40533]}, "properties": {"climb_slug": "sollube", "climb_name": "Sollube", "country": "ES", "region": "Basque Country", "side": "from Bakio", "category": "2", "length_km": 6.4, "elevation_gain_m": 370, "avg_grade_pct": 5.8, "max_grade_pct": 13.9, "summit_elevation_m": 430, "summit_lat": 43.40533, "summit_lon": -2.76053, "start_lat": 43.41902, "start_lon": -2.81138, "wikidata_id": "", "cycletrip_url": "https://cycletrip.pro/climbs/sollube"}}, {"type": "Feature", "geometry": {"type": "Point", "coordinates": [-2.76053, 43.40533]}, "properties": {"climb_slug": "sollube", "climb_name": "Sollube", "country": "ES", "region": "Basque Country", "side": "from Bermeo", "category": "2", "length_km": 4.3, "elevation_gain_m": 339, "avg_grade_pct": 7.9, "max_grade_pct": 14.1, "summit_elevation_m": 430, "summit_lat": 43.40533, "summit_lon": -2.76053, "start_lat": 43.4194, "start_lon": -2.73387, "wikidata_id": "", "cycletrip_url": "https://cycletrip.pro/climbs/sollube"}}, {"type": "Feature", "geometry": {"type": "Point", "coordinates": [-2.76053, 43.40533]}, "properties": {"climb_slug": "sollube", "climb_name": "Sollube", "country": "ES", "region": "Basque Country", "side": "from Meñaka", "category": "3", "length_km": 7.5, "elevation_gain_m": 302, "avg_grade_pct": 4.0, "max_grade_pct": 11.9, "summit_elevation_m": 430, "summit_lat": 43.40533, "summit_lon": -2.76053, "start_lat": 43.37335, "start_lon": -2.8015, "wikidata_id": "", "cycletrip_url": "https://cycletrip.pro/climbs/sollube"}}, {"type": "Feature", "geometry": {"type": "Point", "coordinates": [-8.31925365692169, 42.2282318160194]}, "properties": {"climb_slug": "alto-de-fonfria", "climb_name": "Alto de Fonfría", "country": "ES", "region": "Galicia", "side": "from A Caniza", "category": "4", "length_km": 7.7, "elevation_gain_m": 233, "avg_grade_pct": 3.0, "max_grade_pct": 8.2, "summit_elevation_m": 801, "summit_lat": 42.22823, "summit_lon": -8.31925, "start_lat": 42.21466, "start_lon": -8.27752, "wikidata_id": "", "cycletrip_url": "https://cycletrip.pro/climbs/alto-de-fonfria"}}, {"type": "Feature", "geometry": {"type": "Point", "coordinates": [-8.31925365692169, 42.2282318160194]}, "properties": {"climb_slug": "alto-de-fonfria", "climb_name": "Alto de Fonfría", "country": "ES", "region": "Galicia", "side": "from Ponteareas", "category": "2", "length_km": 21.9, "elevation_gain_m": 760, "avg_grade_pct": 3.5, "max_grade_pct": 9.2, "summit_elevation_m": 801, "summit_lat": 42.22823, "summit_lon": -8.31925, "start_lat": 42.1767, "start_lon": -8.50241, "wikidata_id": "", "cycletrip_url": "https://cycletrip.pro/climbs/alto-de-fonfria"}}, {"type": "Feature", "geometry": {"type": "Point", "coordinates": [-1.78639, 43.29529]}, "properties": {"climb_slug": "elurretxe", "climb_name": "Elurretxe", "country": "ES", "region": "Basque Country", "side": "from Elizalde", "category": "3", "length_km": 8.0, "elevation_gain_m": 350, "avg_grade_pct": 4.4, "max_grade_pct": 11.7, "summit_elevation_m": 502, "summit_lat": 43.29529, "summit_lon": -1.78639, "start_lat": 43.30644, "start_lon": -1.84718, "wikidata_id": "", "cycletrip_url": "https://cycletrip.pro/climbs/elurretxe"}}, {"type": "Feature", "geometry": {"type": "Point", "coordinates": [-1.78639, 43.29529]}, "properties": {"climb_slug": "elurretxe", "climb_name": "Elurretxe", "country": "ES", "region": "Basque Country", "side": "from Irun", "category": "2", "length_km": 9.2, "elevation_gain_m": 500, "avg_grade_pct": 5.4, "max_grade_pct": 18.8, "summit_elevation_m": 502, "summit_lat": 43.29529, "summit_lon": -1.78639, "start_lat": 43.33773, "start_lon": -1.77794, "wikidata_id": "", "cycletrip_url": "https://cycletrip.pro/climbs/elurretxe"}}, {"type": "Feature", "geometry": {"type": "Point", "coordinates": [6.8169781, 47.9874593]}, "properties": {"climb_slug": "col-de-la-croix-des-moinats", "climb_name": "Col de la Croix des Moinats", "country": "FR", "region": "Vosges", "side": "from Cornimont", "category": "2", "length_km": 5.3, "elevation_gain_m": 375, "avg_grade_pct": 7.1, "max_grade_pct": 11.0, "summit_elevation_m": 891, "summit_lat": 47.98746, "summit_lon": 6.81698, "start_lat": 47.96433, "start_lon": 6.8358, "wikidata_id": "Q2982171", "cycletrip_url": "https://cycletrip.pro/climbs/col-de-la-croix-des-moinats"}}, {"type": "Feature", "geometry": {"type": "Point", "coordinates": [6.8169781, 47.9874593]}, "properties": {"climb_slug": "col-de-la-croix-des-moinats", "climb_name": "Col de la Croix des Moinats", "country": "FR", "region": "Vosges", "side": "from La Bresse", "category": "3", "length_km": 5.0, "elevation_gain_m": 199, "avg_grade_pct": 4.0, "max_grade_pct": 7.1, "summit_elevation_m": 891, "summit_lat": 47.98746, "summit_lon": 6.81698, "start_lat": 48.00479, "start_lon": 6.87097, "wikidata_id": "Q2982171", "cycletrip_url": "https://cycletrip.pro/climbs/col-de-la-croix-des-moinats"}}, {"type": "Feature", "geometry": {"type": "Point", "coordinates": [6.8169781, 47.9874593]}, "properties": {"climb_slug": "col-de-la-croix-des-moinats", "climb_name": "Col de la Croix des Moinats", "country": "FR", "region": "Vosges", "side": "from Vagney", "category": "2", "length_km": 8.9, "elevation_gain_m": 483, "avg_grade_pct": 5.4, "max_grade_pct": 9.0, "summit_elevation_m": 891, "summit_lat": 47.98746, "summit_lon": 6.81698, "start_lat": 48.00679, "start_lon": 6.7172, "wikidata_id": "Q2982171", "cycletrip_url": "https://cycletrip.pro/climbs/col-de-la-croix-des-moinats"}}, {"type": "Feature", "geometry": {"type": "Point", "coordinates": [12.5133399, 46.4544228]}, "properties": {"climb_slug": "passo-della-mauria", "climb_name": "Passo della Mauria", "country": "IT", "region": "Dolomites", "side": "from Forni di Sotto / For Disot", "category": "3", "length_km": 14.6, "elevation_gain_m": 535, "avg_grade_pct": 3.7, "max_grade_pct": 10.6, "summit_elevation_m": "", "summit_lat": 46.45442, "summit_lon": 12.51334, "start_lat": 46.39634, "start_lon": 12.63257, "wikidata_id": "Q1416769", "cycletrip_url": "https://cycletrip.pro/climbs/passo-della-mauria"}}, {"type": "Feature", "geometry": {"type": "Point", "coordinates": [12.5133399, 46.4544228]}, "properties": {"climb_slug": "passo-della-mauria", "climb_name": "Passo della Mauria", "country": "IT", "region": "Dolomites", "side": "from Pelos di Cadore", "category": "2", "length_km": 12.6, "elevation_gain_m": 581, "avg_grade_pct": 4.6, "max_grade_pct": 10.8, "summit_elevation_m": "", "summit_lat": 46.45442, "summit_lon": 12.51334, "start_lat": 46.49874, "start_lon": 12.45471, "wikidata_id": "Q1416769", "cycletrip_url": "https://cycletrip.pro/climbs/passo-della-mauria"}}, {"type": "Feature", "geometry": {"type": "Point", "coordinates": [6.380312443653184, 44.56963269869529]}, "properties": {"climb_slug": "cote-de-saint-apollinaire", "climb_name": "Côte de Saint-Apollinaire", "country": "FR", "region": "French Alps", "side": "from Savines-le-Lac", "category": "2", "length_km": 6.7, "elevation_gain_m": 421, "avg_grade_pct": 6.3, "max_grade_pct": 8.8, "summit_elevation_m": 1208, "summit_lat": 44.56963, "summit_lon": 6.38031, "start_lat": 44.53729, "start_lon": 6.39227, "wikidata_id": "", "cycletrip_url": "https://cycletrip.pro/climbs/cote-de-saint-apollinaire"}}, {"type": "Feature", "geometry": {"type": "Point", "coordinates": [6.4540026, 46.2624076]}, "properties": {"climb_slug": "col-de-cou", "climb_name": "Col de Cou", "country": "FR", "region": "French Alps", "side": "from Allinges", "category": "2", "length_km": 13.1, "elevation_gain_m": 589, "avg_grade_pct": 4.5, "max_grade_pct": 10.1, "summit_elevation_m": 1116, "summit_lat": 46.26241, "summit_lon": 6.454, "start_lat": 46.34241, "start_lon": 6.47694, "wikidata_id": "Q2982041", "cycletrip_url": "https://cycletrip.pro/climbs/col-de-cou"}}, {"type": "Feature", "geometry": {"type": "Point", "coordinates": [6.4540026, 46.2624076]}, "properties": {"climb_slug": "col-de-cou", "climb_name": "Col de Cou", "country": "FR", "region": "French Alps", "side": "from Villard", "category": "3", "length_km": 8.2, "elevation_gain_m": 322, "avg_grade_pct": 3.9, "max_grade_pct": 7.1, "summit_elevation_m": 1116, "summit_lat": 46.26241, "summit_lon": 6.454, "start_lat": 46.21917, "start_lon": 6.44139, "wikidata_id": "Q2982041", "cycletrip_url": "https://cycletrip.pro/climbs/col-de-cou"}}, {"type": "Feature", "geometry": {"type": "Point", "coordinates": [-0.29715, 38.67885]}, "properties": {"climb_slug": "collado-de-xarquera", "climb_name": "Collado de Xarquera", "country": "ES", "region": "Costa Blanca", "side": "from Alcoleja", "category": "2", "length_km": 4.9, "elevation_gain_m": 359, "avg_grade_pct": 7.3, "max_grade_pct": 11.6, "summit_elevation_m": 1026, "summit_lat": 38.67885, "summit_lon": -0.29715, "start_lat": 38.6824, "start_lon": -0.33321, "wikidata_id": "", "cycletrip_url": "https://cycletrip.pro/climbs/collado-de-xarquera"}}, {"type": "Feature", "geometry": {"type": "Point", "coordinates": [-0.29715, 38.67885]}, "properties": {"climb_slug": "collado-de-xarquera", "climb_name": "Collado de Xarquera", "country": "ES", "region": "Costa Blanca", "side": "from Confrides", "category": "3", "length_km": 2.6, "elevation_gain_m": 204, "avg_grade_pct": 7.9, "max_grade_pct": 11.8, "summit_elevation_m": 1026, "summit_lat": 38.67885, "summit_lon": -0.29715, "start_lat": 38.68735, "start_lon": -0.28411, "wikidata_id": "", "cycletrip_url": "https://cycletrip.pro/climbs/collado-de-xarquera"}}, {"type": "Feature", "geometry": {"type": "Point", "coordinates": [11.3097585, 45.6839681]}, "properties": {"climb_slug": "passo-zovo", "climb_name": "Passo Zovo", "country": "IT", "region": "Veneto", "side": "from Schio", "category": "2", "length_km": 7.0, "elevation_gain_m": 424, "avg_grade_pct": 6.1, "max_grade_pct": 10.4, "summit_elevation_m": 631, "summit_lat": 45.68397, "summit_lon": 11.30976, "start_lat": 45.70803, "start_lon": 11.35266, "wikidata_id": "Q3897420", "cycletrip_url": "https://cycletrip.pro/climbs/passo-zovo"}}, {"type": "Feature", "geometry": {"type": "Point", "coordinates": [11.3097585, 45.6839681]}, "properties": {"climb_slug": "passo-zovo", "climb_name": "Passo Zovo", "country": "IT", "region": "Veneto", "side": "from Valdagno", "category": "2", "length_km": 6.0, "elevation_gain_m": 369, "avg_grade_pct": 6.2, "max_grade_pct": 12.9, "summit_elevation_m": 631, "summit_lat": 45.68397, "summit_lon": 11.30976, "start_lat": 45.65506, "start_lon": 11.29984, "wikidata_id": "Q3897420", "cycletrip_url": "https://cycletrip.pro/climbs/passo-zovo"}}, {"type": "Feature", "geometry": {"type": "Point", "coordinates": [15.82367, 50.74688]}, "properties": {"climb_slug": "przelecz-okraj", "climb_name": "Przełęcz Okraj", "country": "PL", "region": "Sudety", "side": "from Kostrzyca", "category": "2", "length_km": 16.2, "elevation_gain_m": 641, "avg_grade_pct": 4.0, "max_grade_pct": 10.3, "summit_elevation_m": 1046, "summit_lat": 50.74688, "summit_lon": 15.82367, "start_lat": 50.81785, "start_lon": 15.80854, "wikidata_id": "", "cycletrip_url": "https://cycletrip.pro/climbs/przelecz-okraj"}}, {"type": "Feature", "geometry": {"type": "Point", "coordinates": [15.82367, 50.74688]}, "properties": {"climb_slug": "przelecz-okraj", "climb_name": "Przełęcz Okraj", "country": "PL", "region": "Sudety", "side": "from Svoboda nad Úpou", "category": "3", "length_km": 19.4, "elevation_gain_m": 538, "avg_grade_pct": 2.8, "max_grade_pct": 8.8, "summit_elevation_m": 1046, "summit_lat": 50.74688, "summit_lon": 15.82367, "start_lat": 50.62099, "start_lon": 15.81861, "wikidata_id": "", "cycletrip_url": "https://cycletrip.pro/climbs/przelecz-okraj"}}, {"type": "Feature", "geometry": {"type": "Point", "coordinates": [15.72143, 50.7867]}, "properties": {"climb_slug": "przelecz-pod-czolem", "climb_name": "Przełęcz pod Czołem", "country": "PL", "region": "Sudety", "side": "from Karpacz", "category": "3", "length_km": 5.1, "elevation_gain_m": 217, "avg_grade_pct": 4.3, "max_grade_pct": 9.8, "summit_elevation_m": 819, "summit_lat": 50.7867, "summit_lon": 15.72143, "start_lat": 50.77582, "start_lon": 15.75948, "wikidata_id": "", "cycletrip_url": "https://cycletrip.pro/climbs/przelecz-pod-czolem"}}, {"type": "Feature", "geometry": {"type": "Point", "coordinates": [15.72143, 50.7867]}, "properties": {"climb_slug": "przelecz-pod-czolem", "climb_name": "Przełęcz pod Czołem", "country": "PL", "region": "Sudety", "side": "from Sosnówka", "category": "2", "length_km": 7.7, "elevation_gain_m": 447, "avg_grade_pct": 5.8, "max_grade_pct": 10.1, "summit_elevation_m": 819, "summit_lat": 50.7867, "summit_lon": 15.72143, "start_lat": 50.8255, "start_lon": 15.72338, "wikidata_id": "", "cycletrip_url": "https://cycletrip.pro/climbs/przelecz-pod-czolem"}}, {"type": "Feature", "geometry": {"type": "Point", "coordinates": [7.0800035, 48.1646224]}, "properties": {"climb_slug": "col-du-bonhomme", "climb_name": "Col du Bonhomme", "country": "FR", "region": "Vosges", "side": "from Fraize", "category": "3", "length_km": 10.2, "elevation_gain_m": 452, "avg_grade_pct": 4.4, "max_grade_pct": 9.0, "summit_elevation_m": 949, "summit_lat": 48.16462, "summit_lon": 7.08, "start_lat": 48.18392, "start_lon": 7.00255, "wikidata_id": "Q1107476", "cycletrip_url": "https://cycletrip.pro/climbs/col-du-bonhomme"}}, {"type": "Feature", "geometry": {"type": "Point", "coordinates": [7.0800035, 48.1646224]}, "properties": {"climb_slug": "col-du-bonhomme", "climb_name": "Col du Bonhomme", "country": "FR", "region": "Vosges", "side": "from Kaysersberg-Vignoble", "category": "2", "length_km": 15.4, "elevation_gain_m": 631, "avg_grade_pct": 4.1, "max_grade_pct": 9.6, "summit_elevation_m": 949, "summit_lat": 48.16462, "summit_lon": 7.08, "start_lat": 48.15615, "start_lon": 7.21785, "wikidata_id": "Q1107476", "cycletrip_url": "https://cycletrip.pro/climbs/col-du-bonhomme"}}, {"type": "Feature", "geometry": {"type": "Point", "coordinates": [-3.9843853, 43.2130848]}, "properties": {"climb_slug": "puerto-de-el-portill-n", "climb_name": "Puerto de El Portillón", "country": "ES", "region": "Cantabria", "side": "from Arenas de Iguña", "category": "3", "length_km": 9.4, "elevation_gain_m": 396, "avg_grade_pct": 4.2, "max_grade_pct": 11.5, "summit_elevation_m": 570, "summit_lat": 43.21308, "summit_lon": -3.98439, "start_lat": 43.18809, "start_lon": -4.0489, "wikidata_id": "Q2877332", "cycletrip_url": "https://cycletrip.pro/climbs/puerto-de-el-portill-n"}}, {"type": "Feature", "geometry": {"type": "Point", "coordinates": [-3.9843853, 43.2130848]}, "properties": {"climb_slug": "puerto-de-el-portill-n", "climb_name": "Puerto de El Portillón", "country": "ES", "region": "Cantabria", "side": "from San Vicente de Toranzo", "category": "2", "length_km": 6.5, "elevation_gain_m": 406, "avg_grade_pct": 6.3, "max_grade_pct": 9.6, "summit_elevation_m": 570, "summit_lat": 43.21308, "summit_lon": -3.98439, "start_lat": 43.21259, "start_lon": -3.93952, "wikidata_id": "Q2877332", "cycletrip_url": "https://cycletrip.pro/climbs/puerto-de-el-portill-n"}}, {"type": "Feature", "geometry": {"type": "Point", "coordinates": [7.7258453, 44.112419]}, "properties": {"climb_slug": "colletta-delle-salse", "climb_name": "Colletta delle Salse", "country": "IT", "region": "Liguria", "side": "from Ormea", "category": "2", "length_km": 6.7, "elevation_gain_m": 413, "avg_grade_pct": 6.2, "max_grade_pct": 15.3, "summit_elevation_m": 1623, "summit_lat": 44.11242, "summit_lon": 7.72585, "start_lat": 44.13709, "start_lon": 7.74855, "wikidata_id": "Q3683014", "cycletrip_url": "https://cycletrip.pro/climbs/colletta-delle-salse"}}, {"type": "Feature", "geometry": {"type": "Point", "coordinates": [7.7258453, 44.112419]}, "properties": {"climb_slug": "colletta-delle-salse", "climb_name": "Colletta delle Salse", "country": "IT", "region": "Liguria", "side": "from Valcona Secae", "category": "2", "length_km": 5.5, "elevation_gain_m": 372, "avg_grade_pct": 6.8, "max_grade_pct": 12.6, "summit_elevation_m": 1623, "summit_lat": 44.11242, "summit_lon": 7.72585, "start_lat": 44.09769, "start_lon": 7.74781, "wikidata_id": "Q3683014", "cycletrip_url": "https://cycletrip.pro/climbs/colletta-delle-salse"}}, {"type": "Feature", "geometry": {"type": "Point", "coordinates": [-2.48021, 43.14822]}, "properties": {"climb_slug": "karabieta", "climb_name": "Karabieta", "country": "ES", "region": "Basque Country", "side": "from Eibar", "category": "2", "length_km": 6.7, "elevation_gain_m": 418, "avg_grade_pct": 6.2, "max_grade_pct": 12.7, "summit_elevation_m": 565, "summit_lat": 43.14822, "summit_lon": -2.48021, "start_lat": 43.18379, "start_lon": -2.47454, "wikidata_id": "", "cycletrip_url": "https://cycletrip.pro/climbs/karabieta"}}, {"type": "Feature", "geometry": {"type": "Point", "coordinates": [2.8508179, 45.5970807]}, "properties": {"climb_slug": "col-de-la-croix-morand", "climb_name": "Col de la Croix-Morand", "country": "FR", "region": "Massif Central", "side": "from Chambon-sur-Lac", "category": "2", "length_km": 10.3, "elevation_gain_m": 512, "avg_grade_pct": 5.0, "max_grade_pct": 12.1, "summit_elevation_m": 1401, "summit_lat": 45.59708, "summit_lon": 2.85082, "start_lat": 45.57549, "start_lon": 2.91649, "wikidata_id": "Q2982165", "cycletrip_url": "https://cycletrip.pro/climbs/col-de-la-croix-morand"}}, {"type": "Feature", "geometry": {"type": "Point", "coordinates": [2.8508179, 45.5970807]}, "properties": {"climb_slug": "col-de-la-croix-morand", "climb_name": "Col de la Croix-Morand", "country": "FR", "region": "Massif Central", "side": "from Mont-Dore", "category": "3", "length_km": 7.3, "elevation_gain_m": 375, "avg_grade_pct": 5.1, "max_grade_pct": 7.8, "summit_elevation_m": 1401, "summit_lat": 45.59708, "summit_lon": 2.85082, "start_lat": 45.57594, "start_lon": 2.80663, "wikidata_id": "Q2982165", "cycletrip_url": "https://cycletrip.pro/climbs/col-de-la-croix-morand"}}, {"type": "Feature", "geometry": {"type": "Point", "coordinates": [-0.13023, 38.81572]}, "properties": {"climb_slug": "port-de-la-vall-debo", "climb_name": "Port de la Vall d'Ebo", "country": "ES", "region": "Costa Blanca", "side": "from la Vall d'Ebo", "category": "3", "length_km": 3.3, "elevation_gain_m": 162, "avg_grade_pct": 4.9, "max_grade_pct": 9.1, "summit_elevation_m": 540, "summit_lat": 38.81572, "summit_lon": -0.13023, "start_lat": 38.80836, "start_lon": -0.15645, "wikidata_id": "", "cycletrip_url": "https://cycletrip.pro/climbs/port-de-la-vall-debo"}}, {"type": "Feature", "geometry": {"type": "Point", "coordinates": [-0.13023, 38.81572]}, "properties": {"climb_slug": "port-de-la-vall-debo", "climb_name": "Port de la Vall d'Ebo", "country": "ES", "region": "Costa Blanca", "side": "from Pego", "category": "2", "length_km": 8.2, "elevation_gain_m": 458, "avg_grade_pct": 5.6, "max_grade_pct": 13.0, "summit_elevation_m": 540, "summit_lat": 38.81572, "summit_lon": -0.13023, "start_lat": 38.83239, "start_lon": -0.10568, "wikidata_id": "", "cycletrip_url": "https://cycletrip.pro/climbs/port-de-la-vall-debo"}}, {"type": "Feature", "geometry": {"type": "Point", "coordinates": [15.46652, 38.1699]}, "properties": {"climb_slug": "portella-piano-verde", "climb_name": "Portella Piano Verde", "country": "IT", "region": "Sicily", "side": "from Salice", "category": "2", "length_km": 7.1, "elevation_gain_m": 428, "avg_grade_pct": 6.0, "max_grade_pct": 13.2, "summit_elevation_m": 902, "summit_lat": 38.1699, "summit_lon": 15.46652, "start_lat": 38.21565, "start_lon": 15.50635, "wikidata_id": "", "cycletrip_url": "https://cycletrip.pro/climbs/portella-piano-verde"}}, {"type": "Feature", "geometry": {"type": "Point", "coordinates": [7.890226095813665, 45.530153683255726]}, "properties": {"climb_slug": "croce-serra", "climb_name": "Croce Serra", "country": "IT", "region": "Piedmont", "side": "from Borgofranco d'Ivrea", "category": "2", "length_km": 11.5, "elevation_gain_m": 538, "avg_grade_pct": 4.7, "max_grade_pct": 11.8, "summit_elevation_m": 854, "summit_lat": 45.53015, "summit_lon": 7.89023, "start_lat": 45.51589, "start_lon": 7.8622, "wikidata_id": "", "cycletrip_url": "https://cycletrip.pro/climbs/croce-serra"}}, {"type": "Feature", "geometry": {"type": "Point", "coordinates": [7.890226095813665, 45.530153683255726]}, "properties": {"climb_slug": "croce-serra", "climb_name": "Croce Serra", "country": "IT", "region": "Piedmont", "side": "from Netro", "category": "3", "length_km": 8.5, "elevation_gain_m": 283, "avg_grade_pct": 3.3, "max_grade_pct": 8.9, "summit_elevation_m": 854, "summit_lat": 45.53015, "summit_lon": 7.89023, "start_lat": 45.54518, "start_lon": 7.95844, "wikidata_id": "", "cycletrip_url": "https://cycletrip.pro/climbs/croce-serra"}}, {"type": "Feature", "geometry": {"type": "Point", "coordinates": [0.8421505, 42.3577903]}, "properties": {"climb_slug": "coll-de-la-creu-de-perv-s", "climb_name": "Coll de la Creu de Pervés", "country": "ES", "region": "Southern Pyrenees", "side": "from Conca de Dalt", "category": "2", "length_km": 16.7, "elevation_gain_m": 659, "avg_grade_pct": 3.9, "max_grade_pct": 12.6, "summit_elevation_m": 1334, "summit_lat": 42.35779, "summit_lon": 0.84215, "start_lat": 42.29574, "start_lon": 0.93575, "wikidata_id": "Q11914551", "cycletrip_url": "https://cycletrip.pro/climbs/coll-de-la-creu-de-perv-s"}}, {"type": "Feature", "geometry": {"type": "Point", "coordinates": [0.8421505, 42.3577903]}, "properties": {"climb_slug": "coll-de-la-creu-de-perv-s", "climb_name": "Coll de la Creu de Pervés", "country": "ES", "region": "Southern Pyrenees", "side": "from el Pont de Suert", "category": "3", "length_km": 13.0, "elevation_gain_m": 504, "avg_grade_pct": 3.9, "max_grade_pct": 13.0, "summit_elevation_m": 1334, "summit_lat": 42.35779, "summit_lon": 0.84215, "start_lat": 42.39082, "start_lon": 0.74581, "wikidata_id": "Q11914551", "cycletrip_url": "https://cycletrip.pro/climbs/coll-de-la-creu-de-perv-s"}}, {"type": "Feature", "geometry": {"type": "Point", "coordinates": [5.6539885, 44.6914457]}, "properties": {"climb_slug": "col-de-grimone", "climb_name": "Col de Grimone", "country": "FR", "region": null, "side": "from Aix-en-Diois", "category": "2", "length_km": 30.2, "elevation_gain_m": 877, "avg_grade_pct": 2.9, "max_grade_pct": 15.2, "summit_elevation_m": 1318, "summit_lat": 44.69145, "summit_lon": 5.65399, "start_lat": 44.70776, "start_lon": 5.40155, "wikidata_id": "Q1107332", "cycletrip_url": "https://cycletrip.pro/climbs/col-de-grimone"}}, {"type": "Feature", "geometry": {"type": "Point", "coordinates": [5.6539885, 44.6914457]}, "properties": {"climb_slug": "col-de-grimone", "climb_name": "Col de Grimone", "country": "FR", "region": null, "side": "from Lus-la-Croix-Haute", "category": "3", "length_km": 4.1, "elevation_gain_m": 248, "avg_grade_pct": 6.1, "max_grade_pct": 11.5, "summit_elevation_m": 1318, "summit_lat": 44.69145, "summit_lon": 5.65399, "start_lat": 44.6972, "start_lon": 5.68272, "wikidata_id": "Q1107332", "cycletrip_url": "https://cycletrip.pro/climbs/col-de-grimone"}}, {"type": "Feature", "geometry": {"type": "Point", "coordinates": [10.1664242, 46.5383225]}, "properties": {"climb_slug": "passo-eira", "climb_name": "Passo Eira", "country": "IT", "region": "Lombardy", "side": "from Livigno", "category": "2", "length_km": 6.2, "elevation_gain_m": 394, "avg_grade_pct": 6.4, "max_grade_pct": 8.2, "summit_elevation_m": 2208, "summit_lat": 46.53832, "summit_lon": 10.16642, "start_lat": 46.53711, "start_lon": 10.14129, "wikidata_id": "Q1632095", "cycletrip_url": "https://cycletrip.pro/climbs/passo-eira"}}, {"type": "Feature", "geometry": {"type": "Point", "coordinates": [10.1664242, 46.5383225]}, "properties": {"climb_slug": "passo-eira", "climb_name": "Passo Eira", "country": "IT", "region": "Lombardy", "side": "from Trepalle", "category": "3", "length_km": 2.8, "elevation_gain_m": 191, "avg_grade_pct": 6.9, "max_grade_pct": 10.5, "summit_elevation_m": 2208, "summit_lat": 46.53832, "summit_lon": 10.16642, "start_lat": 46.51644, "start_lon": 10.17952, "wikidata_id": "Q1632095", "cycletrip_url": "https://cycletrip.pro/climbs/passo-eira"}}, {"type": "Feature", "geometry": {"type": "Point", "coordinates": [14.98791, 38.38017]}, "properties": {"climb_slug": "portella-della-trovatura", "climb_name": "Portella della Trovatura", "country": "IT", "region": "Sicily", "side": "from Lipari", "category": "2", "length_km": 6.2, "elevation_gain_m": 393, "avg_grade_pct": 6.4, "max_grade_pct": 12.4, "summit_elevation_m": 416, "summit_lat": 38.38017, "summit_lon": 14.98791, "start_lat": 38.36984, "start_lon": 14.99394, "wikidata_id": "", "cycletrip_url": "https://cycletrip.pro/climbs/portella-della-trovatura"}}, {"type": "Feature", "geometry": {"type": "Point", "coordinates": [14.98791, 38.38017]}, "properties": {"climb_slug": "portella-della-trovatura", "climb_name": "Portella della Trovatura", "country": "IT", "region": "Sicily", "side": "from Vulcano Porto", "category": "2", "length_km": 7.9, "elevation_gain_m": 418, "avg_grade_pct": 5.3, "max_grade_pct": 11.2, "summit_elevation_m": 416, "summit_lat": 38.38017, "summit_lon": 14.98791, "start_lat": 38.41771, "start_lon": 14.95804, "wikidata_id": "", "cycletrip_url": "https://cycletrip.pro/climbs/portella-della-trovatura"}}, {"type": "Feature", "geometry": {"type": "Point", "coordinates": [15.93853, 50.82879]}, "properties": {"climb_slug": "przelecz-redzinki", "climb_name": "Przełęcz Rędzinki", "country": "PL", "region": "Sudety", "side": "from Ciechanowice", "category": "2", "length_km": 6.0, "elevation_gain_m": 391, "avg_grade_pct": 6.5, "max_grade_pct": 14.9, "summit_elevation_m": 800, "summit_lat": 50.82879, "summit_lon": 15.93853, "start_lat": 50.85319, "start_lon": 15.99833, "wikidata_id": "", "cycletrip_url": "https://cycletrip.pro/climbs/przelecz-redzinki"}}, {"type": "Feature", "geometry": {"type": "Point", "coordinates": [15.93853, 50.82879]}, "properties": {"climb_slug": "przelecz-redzinki", "climb_name": "Przełęcz Rędzinki", "country": "PL", "region": "Sudety", "side": "from Pisarzowice", "category": "3", "length_km": 6.5, "elevation_gain_m": 309, "avg_grade_pct": 4.8, "max_grade_pct": 12.4, "summit_elevation_m": 800, "summit_lat": 50.82879, "summit_lon": 15.93853, "start_lat": 50.77992, "start_lon": 15.96517, "wikidata_id": "", "cycletrip_url": "https://cycletrip.pro/climbs/przelecz-redzinki"}}, {"type": "Feature", "geometry": {"type": "Point", "coordinates": [0.920146, 42.264431]}, "properties": {"climb_slug": "coll-de-toralla", "climb_name": "Coll de Toralla", "country": "ES", "region": "Southern Pyrenees", "side": "from la Pobla de Segur", "category": "2", "length_km": 5.3, "elevation_gain_m": 365, "avg_grade_pct": 6.9, "max_grade_pct": 14.3, "summit_elevation_m": 944, "summit_lat": 42.26443, "summit_lon": 0.92015, "start_lat": 42.25948, "start_lon": 0.94986, "wikidata_id": "Q17598231", "cycletrip_url": "https://cycletrip.pro/climbs/coll-de-toralla"}}, {"type": "Feature", "geometry": {"type": "Point", "coordinates": [9.8738661, 45.753471]}, "properties": {"climb_slug": "colle-gallo", "climb_name": "Colle Gallo", "country": "IT", "region": "Lombardy", "side": "from Casazza", "category": "2", "length_km": 7.5, "elevation_gain_m": 435, "avg_grade_pct": 5.8, "max_grade_pct": 12.0, "summit_elevation_m": 754, "summit_lat": 45.75347, "summit_lon": 9.87387, "start_lat": 45.73978, "start_lon": 9.90668, "wikidata_id": "Q3682734", "cycletrip_url": "https://cycletrip.pro/climbs/colle-gallo"}}, {"type": "Feature", "geometry": {"type": "Point", "coordinates": [9.8738661, 45.753471]}, "properties": {"climb_slug": "colle-gallo", "climb_name": "Colle Gallo", "country": "IT", "region": "Lombardy", "side": "from Vall'Alta", "category": "3", "length_km": 7.9, "elevation_gain_m": 397, "avg_grade_pct": 5.0, "max_grade_pct": 10.3, "summit_elevation_m": 754, "summit_lat": 45.75347, "summit_lon": 9.87387, "start_lat": 45.75778, "start_lon": 9.82306, "wikidata_id": "Q3682734", "cycletrip_url": "https://cycletrip.pro/climbs/colle-gallo"}}, {"type": "Feature", "geometry": {"type": "Point", "coordinates": [5.6384285, 45.9995208]}, "properties": {"climb_slug": "col-de-valorse", "climb_name": "Col de Valorse", "country": "FR", "region": "Jura", "side": "from Haut Valromey", "category": "2", "length_km": 5.0, "elevation_gain_m": 356, "avg_grade_pct": 7.1, "max_grade_pct": 11.2, "summit_elevation_m": 1099, "summit_lat": 45.99952, "summit_lon": 5.63843, "start_lat": 45.99556, "start_lon": 5.66163, "wikidata_id": "Q137765876", "cycletrip_url": "https://cycletrip.pro/climbs/col-de-valorse"}}, {"type": "Feature", "geometry": {"type": "Point", "coordinates": [-0.14929, 38.71812]}, "properties": {"climb_slug": "port-de-sa-creueta", "climb_name": "Port de Sa Creueta", "country": "ES", "region": "Costa Blanca", "side": "from Alcalalí", "category": "3", "length_km": 23.3, "elevation_gain_m": 558, "avg_grade_pct": 2.4, "max_grade_pct": 10.7, "summit_elevation_m": 780, "summit_lat": 38.71812, "summit_lon": -0.14929, "start_lat": 38.74802, "start_lon": -0.04629, "wikidata_id": "", "cycletrip_url": "https://cycletrip.pro/climbs/port-de-sa-creueta"}}, {"type": "Feature", "geometry": {"type": "Point", "coordinates": [-0.14929, 38.71812]}, "properties": {"climb_slug": "port-de-sa-creueta", "climb_name": "Port de Sa Creueta", "country": "ES", "region": "Costa Blanca", "side": "from Bolulla", "category": "2", "length_km": 14.9, "elevation_gain_m": 605, "avg_grade_pct": 4.1, "max_grade_pct": 12.0, "summit_elevation_m": 780, "summit_lat": 38.71812, "summit_lon": -0.14929, "start_lat": 38.66356, "start_lon": -0.10605, "wikidata_id": "", "cycletrip_url": "https://cycletrip.pro/climbs/port-de-sa-creueta"}}, {"type": "Feature", "geometry": {"type": "Point", "coordinates": [11.71758, 46.55144]}, "properties": {"climb_slug": "monte-pana", "climb_name": "Monte Pana", "country": "IT", "region": "Dolomites", "side": "from Santa Cristina Gherdëina - St. Christina in Gröden - Santa Cristina Valgardena", "category": "2", "length_km": 2.4, "elevation_gain_m": 244, "avg_grade_pct": 10.2, "max_grade_pct": 14.2, "summit_elevation_m": 1619, "summit_lat": 46.55144, "summit_lon": 11.71758, "start_lat": 46.55806, "start_lon": 11.71716, "wikidata_id": "", "cycletrip_url": "https://cycletrip.pro/climbs/monte-pana"}}, {"type": "Feature", "geometry": {"type": "Point", "coordinates": [18.8522, 49.7197]}, "properties": {"climb_slug": "rownica", "climb_name": "Równica", "country": "PL", "region": "Beskidy", "side": "from Jaszowiec", "category": "2", "length_km": 5.9, "elevation_gain_m": 382, "avg_grade_pct": 6.5, "max_grade_pct": 13.6, "summit_elevation_m": 880, "summit_lat": 49.7197, "summit_lon": 18.8522, "start_lat": 49.69406, "start_lon": 18.8312, "wikidata_id": "", "cycletrip_url": "https://cycletrip.pro/climbs/rownica"}}, {"type": "Feature", "geometry": {"type": "Point", "coordinates": [5.8474468, 45.6927325]}, "properties": {"climb_slug": "col-du-chat", "climb_name": "Col du Chat", "country": "FR", "region": "French Alps", "side": "from Bourdeau", "category": "2", "length_km": 4.1, "elevation_gain_m": 312, "avg_grade_pct": 7.6, "max_grade_pct": 11.9, "summit_elevation_m": 638, "summit_lat": 45.69273, "summit_lon": 5.84745, "start_lat": 45.67653, "start_lon": 5.8523, "wikidata_id": "Q2982251", "cycletrip_url": "https://cycletrip.pro/climbs/col-du-chat"}}, {"type": "Feature", "geometry": {"type": "Point", "coordinates": [5.8474468, 45.6927325]}, "properties": {"climb_slug": "col-du-chat", "climb_name": "Col du Chat", "country": "FR", "region": "French Alps", "side": "from Saint-Jean-de-Chevelu", "category": "2", "length_km": 4.2, "elevation_gain_m": 321, "avg_grade_pct": 7.7, "max_grade_pct": 10.8, "summit_elevation_m": 638, "summit_lat": 45.69273, "summit_lon": 5.84745, "start_lat": 45.6892, "start_lon": 5.81952, "wikidata_id": "Q2982251", "cycletrip_url": "https://cycletrip.pro/climbs/col-du-chat"}}, {"type": "Feature", "geometry": {"type": "Point", "coordinates": [5.8859815, 46.9711589]}, "properties": {"climb_slug": "mont-poupet", "climb_name": "Mont Poupet", "country": "FR", "region": "Jura", "side": "from Saint-Thiébaud", "category": "2", "length_km": 4.2, "elevation_gain_m": 323, "avg_grade_pct": 7.7, "max_grade_pct": 15.7, "summit_elevation_m": "", "summit_lat": 46.97116, "summit_lon": 5.88598, "start_lat": 46.96838, "start_lon": 5.90401, "wikidata_id": "", "cycletrip_url": "https://cycletrip.pro/climbs/mont-poupet"}}, {"type": "Feature", "geometry": {"type": "Point", "coordinates": [-0.15157, 38.76843]}, "properties": {"climb_slug": "el-coll-de-la-garga", "climb_name": "el Coll de la Garga", "country": "ES", "region": "Costa Blanca", "side": "from Castell de Castells", "category": "2", "length_km": 5.7, "elevation_gain_m": 375, "avg_grade_pct": 6.6, "max_grade_pct": 12.9, "summit_elevation_m": 762, "summit_lat": 38.76843, "summit_lon": -0.15157, "start_lat": 38.75112, "start_lon": -0.15698, "wikidata_id": "", "cycletrip_url": "https://cycletrip.pro/climbs/el-coll-de-la-garga"}}, {"type": "Feature", "geometry": {"type": "Point", "coordinates": [-0.15157, 38.76843]}, "properties": {"climb_slug": "el-coll-de-la-garga", "climb_name": "el Coll de la Garga", "country": "ES", "region": "Costa Blanca", "side": "from Fleix", "category": "3", "length_km": 3.0, "elevation_gain_m": 237, "avg_grade_pct": 7.9, "max_grade_pct": 10.5, "summit_elevation_m": 762, "summit_lat": 38.76843, "summit_lon": -0.15157, "start_lat": 38.77317, "start_lon": -0.12556, "wikidata_id": "", "cycletrip_url": "https://cycletrip.pro/climbs/el-coll-de-la-garga"}}, {"type": "Feature", "geometry": {"type": "Point", "coordinates": [7.1273463, 47.8754863]}, "properties": {"climb_slug": "col-amic", "climb_name": "Col Amic", "country": "FR", "region": "Vosges", "side": "from Willer-sur-Thur", "category": "2", "length_km": 9.0, "elevation_gain_m": 454, "avg_grade_pct": 5.0, "max_grade_pct": 10.4, "summit_elevation_m": 828, "summit_lat": 47.87549, "summit_lon": 7.12735, "start_lat": 47.84443, "start_lon": 7.07339, "wikidata_id": "Q2981945", "cycletrip_url": "https://cycletrip.pro/climbs/col-amic"}}, {"type": "Feature", "geometry": {"type": "Point", "coordinates": [7.1273463, 47.8754863]}, "properties": {"climb_slug": "col-amic", "climb_name": "Col Amic", "country": "FR", "region": "Vosges", "side": "from Wuenheim", "category": "2", "length_km": 11.2, "elevation_gain_m": 531, "avg_grade_pct": 4.7, "max_grade_pct": 13.2, "summit_elevation_m": 828, "summit_lat": 47.87549, "summit_lon": 7.12735, "start_lat": 47.87996, "start_lon": 7.21272, "wikidata_id": "Q2981945", "cycletrip_url": "https://cycletrip.pro/climbs/col-amic"}}, {"type": "Feature", "geometry": {"type": "Point", "coordinates": [7.2045971, 46.3534286]}, "properties": {"climb_slug": "col-du-pillon", "climb_name": "Col du Pillon", "country": "IT", "region": null, "side": "from Le Sépey", "category": "2", "length_km": 11.2, "elevation_gain_m": 529, "avg_grade_pct": 4.7, "max_grade_pct": 12.5, "summit_elevation_m": 1546, "summit_lat": 46.35343, "summit_lon": 7.2046, "start_lat": 46.36064, "start_lon": 7.07543, "wikidata_id": "Q475548", "cycletrip_url": "https://cycletrip.pro/climbs/col-du-pillon"}}, {"type": "Feature", "geometry": {"type": "Point", "coordinates": [7.2045971, 46.3534286]}, "properties": {"climb_slug": "col-du-pillon", "climb_name": "Col du Pillon", "country": "IT", "region": null, "side": "from Saanen", "category": "3", "length_km": 12.9, "elevation_gain_m": 475, "avg_grade_pct": 3.7, "max_grade_pct": 10.5, "summit_elevation_m": 1546, "summit_lat": 46.35343, "summit_lon": 7.2046, "start_lat": 46.43701, "start_lon": 7.27287, "wikidata_id": "Q475548", "cycletrip_url": "https://cycletrip.pro/climbs/col-du-pillon"}}, {"type": "Feature", "geometry": {"type": "Point", "coordinates": [9.2808773, 44.7383509]}, "properties": {"climb_slug": "passo-del-brallo", "climb_name": "Passo del Brallo", "country": "IT", "region": "Lombardy", "side": "from Brallo di Pregola", "category": "2", "length_km": 12.2, "elevation_gain_m": 549, "avg_grade_pct": 4.5, "max_grade_pct": 9.9, "summit_elevation_m": 951, "summit_lat": 44.73835, "summit_lon": 9.28088, "start_lat": 44.68895, "start_lon": 9.30529, "wikidata_id": "Q3897356", "cycletrip_url": "https://cycletrip.pro/climbs/passo-del-brallo"}}, {"type": "Feature", "geometry": {"type": "Point", "coordinates": [9.2808773, 44.7383509]}, "properties": {"climb_slug": "passo-del-brallo", "climb_name": "Passo del Brallo", "country": "IT", "region": "Lombardy", "side": "from Varzi", "category": "3", "length_km": 15.4, "elevation_gain_m": 494, "avg_grade_pct": 3.2, "max_grade_pct": 7.1, "summit_elevation_m": 951, "summit_lat": 44.73835, "summit_lon": 9.28088, "start_lat": 44.81571, "start_lon": 9.21395, "wikidata_id": "Q3897356", "cycletrip_url": "https://cycletrip.pro/climbs/passo-del-brallo"}}, {"type": "Feature", "geometry": {"type": "Point", "coordinates": [6.0811415, 44.6138218]}, "properties": {"climb_slug": "col-bayard", "climb_name": "Col Bayard", "country": "FR", "region": "French Alps", "side": "from Gap", "category": "2", "length_km": 6.0, "elevation_gain_m": 385, "avg_grade_pct": 6.4, "max_grade_pct": 12.5, "summit_elevation_m": 1246, "summit_lat": 44.61382, "summit_lon": 6.08114, "start_lat": 44.57682, "start_lon": 6.07409, "wikidata_id": "Q1632966", "cycletrip_url": "https://cycletrip.pro/climbs/col-bayard"}}, {"type": "Feature", "geometry": {"type": "Point", "coordinates": [6.0811415, 44.6138218]}, "properties": {"climb_slug": "col-bayard", "climb_name": "Col Bayard", "country": "FR", "region": "French Alps", "side": "from La Fare-en-Champsaur", "category": "3", "length_km": 7.0, "elevation_gain_m": 275, "avg_grade_pct": 3.9, "max_grade_pct": 10.7, "summit_elevation_m": 1246, "summit_lat": 44.61382, "summit_lon": 6.08114, "start_lat": 44.67364, "start_lon": 6.07364, "wikidata_id": "Q1632966", "cycletrip_url": "https://cycletrip.pro/climbs/col-bayard"}}, {"type": "Feature", "geometry": {"type": "Point", "coordinates": [-3.9044501, 40.9565309]}, "properties": {"climb_slug": "puerto-de-malangosto", "climb_name": "Puerto de Malangosto", "country": "ES", "region": "Sierra de Guadarrama", "side": "from Basardilla", "category": "2", "length_km": 6.0, "elevation_gain_m": 381, "avg_grade_pct": 6.4, "max_grade_pct": 16.1, "summit_elevation_m": 1928, "summit_lat": 40.95653, "summit_lon": -3.90445, "start_lat": 40.9684, "start_lon": -3.96182, "wikidata_id": "Q23995473", "cycletrip_url": "https://cycletrip.pro/climbs/puerto-de-malangosto"}}, {"type": "Feature", "geometry": {"type": "Point", "coordinates": [-2.71181, 43.06593]}, "properties": {"climb_slug": "baratzar", "climb_name": "Baratzar", "country": "ES", "region": "Basque Country", "side": "from Zeanuri", "category": "2", "length_km": 8.1, "elevation_gain_m": 443, "avg_grade_pct": 5.5, "max_grade_pct": 10.7, "summit_elevation_m": 605, "summit_lat": 43.06593, "summit_lon": -2.71181, "start_lat": 43.10669, "start_lon": -2.75416, "wikidata_id": "", "cycletrip_url": "https://cycletrip.pro/climbs/baratzar"}}, {"type": "Feature", "geometry": {"type": "Point", "coordinates": [6.56879, 43.63988]}, "properties": {"climb_slug": "col-du-bel-homme", "climb_name": "Col du Bel Homme", "country": "FR", "region": "Provence", "side": "from Bargemon", "category": "2", "length_km": 7.8, "elevation_gain_m": 437, "avg_grade_pct": 5.6, "max_grade_pct": 9.6, "summit_elevation_m": 915, "summit_lat": 43.63988, "summit_lon": 6.56879, "start_lat": 43.62164, "start_lon": 6.55261, "wikidata_id": "", "cycletrip_url": "https://cycletrip.pro/climbs/col-du-bel-homme"}}, {"type": "Feature", "geometry": {"type": "Point", "coordinates": [-4.0598465, 40.7922203]}, "properties": {"climb_slug": "puerto-de-la-fuenfr-a", "climb_name": "Puerto de la Fuenfría", "country": "ES", "region": "Sierra de Guadarrama", "side": "from Cercedilla", "category": "3", "length_km": 10.1, "elevation_gain_m": 449, "avg_grade_pct": 4.4, "max_grade_pct": 11.3, "summit_elevation_m": 1796, "summit_lat": 40.79222, "summit_lon": -4.05985, "start_lat": 40.76183, "start_lon": -4.07125, "wikidata_id": "Q6092315", "cycletrip_url": "https://cycletrip.pro/climbs/puerto-de-la-fuenfr-a"}}, {"type": "Feature", "geometry": {"type": "Point", "coordinates": [-4.0598465, 40.7922203]}, "properties": {"climb_slug": "puerto-de-la-fuenfr-a", "climb_name": "Puerto de la Fuenfría", "country": "ES", "region": "Sierra de Guadarrama", "side": "from Valsaín", "category": "2", "length_km": 13.8, "elevation_gain_m": 578, "avg_grade_pct": 4.2, "max_grade_pct": 11.6, "summit_elevation_m": 1796, "summit_lat": 40.79222, "summit_lon": -4.05985, "start_lat": 40.88107, "start_lon": -4.02881, "wikidata_id": "Q6092315", "cycletrip_url": "https://cycletrip.pro/climbs/puerto-de-la-fuenfr-a"}}, {"type": "Feature", "geometry": {"type": "Point", "coordinates": [1.5298600298875258, 42.500437522415645]}, "properties": {"climb_slug": "alto-de-la-comella", "climb_name": "Alto de La Comella", "country": "AD", "region": "Andorra", "side": "from Andorra la Vella", "category": "2", "length_km": 3.9, "elevation_gain_m": 307, "avg_grade_pct": 7.9, "max_grade_pct": 16.8, "summit_elevation_m": 1306, "summit_lat": 42.50044, "summit_lon": 1.52986, "start_lat": 42.5038, "start_lon": 1.51939, "wikidata_id": "", "cycletrip_url": "https://cycletrip.pro/climbs/alto-de-la-comella"}}, {"type": "Feature", "geometry": {"type": "Point", "coordinates": [6.6690798, 46.1603838]}, "properties": {"climb_slug": "col-des-gets", "climb_name": "Col des Gets", "country": "FR", "region": "French Alps", "side": "from Taninges", "category": "2", "length_km": 11.5, "elevation_gain_m": 524, "avg_grade_pct": 4.6, "max_grade_pct": 10.8, "summit_elevation_m": 1172, "summit_lat": 46.16038, "summit_lon": 6.66908, "start_lat": 46.10779, "start_lon": 6.59116, "wikidata_id": "Q2982216", "cycletrip_url": "https://cycletrip.pro/climbs/col-des-gets"}}, {"type": "Feature", "geometry": {"type": "Point", "coordinates": [-3.7727090492301345, 43.26520557846145]}, "properties": {"climb_slug": "alto-de-la-estranguada", "climb_name": "Alto de la Estranguada", "country": "ES", "region": "Cantabria", "side": "from Saro", "category": "2", "length_km": 2.2, "elevation_gain_m": 230, "avg_grade_pct": 10.5, "max_grade_pct": 18.2, "summit_elevation_m": 475, "summit_lat": 43.26521, "summit_lon": -3.77271, "start_lat": 43.26042, "start_lon": -3.7877, "wikidata_id": "", "cycletrip_url": "https://cycletrip.pro/climbs/alto-de-la-estranguada"}}, {"type": "Feature", "geometry": {"type": "Point", "coordinates": [12.1164075, 43.6825799]}, "properties": {"climb_slug": "passo-di-viamaggio", "climb_name": "Passo di Viamaggio", "country": "IT", "region": "Tuscany", "side": "from Novafeltria", "category": "3", "length_km": 34.6, "elevation_gain_m": 699, "avg_grade_pct": 2.0, "max_grade_pct": 12.6, "summit_elevation_m": 983, "summit_lat": 43.68258, "summit_lon": 12.11641, "start_lat": 43.86654, "start_lon": 12.28415, "wikidata_id": "Q3368399", "cycletrip_url": "https://cycletrip.pro/climbs/passo-di-viamaggio"}}, {"type": "Feature", "geometry": {"type": "Point", "coordinates": [12.1164075, 43.6825799]}, "properties": {"climb_slug": "passo-di-viamaggio", "climb_name": "Passo di Viamaggio", "country": "IT", "region": "Tuscany", "side": "from Pieve Santo Stefano", "category": "2", "length_km": 13.3, "elevation_gain_m": 543, "avg_grade_pct": 4.1, "max_grade_pct": 10.3, "summit_elevation_m": 983, "summit_lat": 43.68258, "summit_lon": 12.11641, "start_lat": 43.6649, "start_lon": 12.04642, "wikidata_id": "Q3368399", "cycletrip_url": "https://cycletrip.pro/climbs/passo-di-viamaggio"}}, {"type": "Feature", "geometry": {"type": "Point", "coordinates": [12.1164075, 43.6825799]}, "properties": {"climb_slug": "passo-di-viamaggio", "climb_name": "Passo di Viamaggio", "country": "IT", "region": "Tuscany", "side": "from Sansepolcro", "category": "2", "length_km": 17.7, "elevation_gain_m": 646, "avg_grade_pct": 3.7, "max_grade_pct": 8.3, "summit_elevation_m": 983, "summit_lat": 43.68258, "summit_lon": 12.11641, "start_lat": 43.58035, "start_lon": 12.12527, "wikidata_id": "Q3368399", "cycletrip_url": "https://cycletrip.pro/climbs/passo-di-viamaggio"}}, {"type": "Feature", "geometry": {"type": "Point", "coordinates": [7.0424554, 47.8063142]}, "properties": {"climb_slug": "col-du-hundsruck", "climb_name": "Col du Hundsruck", "country": "FR", "region": "Vosges", "side": "from Bitschwiller-lès-Thann", "category": "2", "length_km": 6.3, "elevation_gain_m": 393, "avg_grade_pct": 6.2, "max_grade_pct": 14.7, "summit_elevation_m": 748, "summit_lat": 47.80631, "summit_lon": 7.04246, "start_lat": 47.82899, "start_lon": 7.07976, "wikidata_id": "Q1107479", "cycletrip_url": "https://cycletrip.pro/climbs/col-du-hundsruck"}}, {"type": "Feature", "geometry": {"type": "Point", "coordinates": [7.0424554, 47.8063142]}, "properties": {"climb_slug": "col-du-hundsruck", "climb_name": "Col du Hundsruck", "country": "FR", "region": "Vosges", "side": "from Houppach", "category": "3", "length_km": 8.6, "elevation_gain_m": 344, "avg_grade_pct": 4.0, "max_grade_pct": 12.6, "summit_elevation_m": 748, "summit_lat": 47.80631, "summit_lon": 7.04246, "start_lat": 47.77511, "start_lon": 6.99841, "wikidata_id": "Q1107479", "cycletrip_url": "https://cycletrip.pro/climbs/col-du-hundsruck"}}, {"type": "Feature", "geometry": {"type": "Point", "coordinates": [19.2238, 49.7872]}, "properties": {"climb_slug": "gora-zar", "climb_name": "Góra Żar", "country": "PL", "region": "Beskidy", "side": "from Międzybrodzie Żywieckie", "category": "2", "length_km": 8.0, "elevation_gain_m": 437, "avg_grade_pct": 5.5, "max_grade_pct": 11.6, "summit_elevation_m": 761, "summit_lat": 49.7872, "summit_lon": 19.2238, "start_lat": 49.76729, "start_lon": 19.20757, "wikidata_id": "", "cycletrip_url": "https://cycletrip.pro/climbs/gora-zar"}}, {"type": "Feature", "geometry": {"type": "Point", "coordinates": [8.096348, 44.279146]}, "properties": {"climb_slug": "colle-dei-giovetti", "climb_name": "Colle dei Giovetti", "country": "IT", "region": "Liguria", "side": "from Bagnasco", "category": "2", "length_km": 8.6, "elevation_gain_m": 451, "avg_grade_pct": 5.3, "max_grade_pct": 10.8, "summit_elevation_m": 913, "summit_lat": 44.27915, "summit_lon": 8.09635, "start_lat": 44.30744, "start_lon": 8.05363, "wikidata_id": "Q3682757", "cycletrip_url": "https://cycletrip.pro/climbs/colle-dei-giovetti"}}, {"type": "Feature", "geometry": {"type": "Point", "coordinates": [8.096348, 44.279146]}, "properties": {"climb_slug": "colle-dei-giovetti", "climb_name": "Colle dei Giovetti", "country": "IT", "region": "Liguria", "side": "from Calizzano", "category": "3", "length_km": 5.2, "elevation_gain_m": 305, "avg_grade_pct": 5.9, "max_grade_pct": 10.2, "summit_elevation_m": 913, "summit_lat": 44.27915, "summit_lon": 8.09635, "start_lat": 44.26658, "start_lon": 8.11691, "wikidata_id": "Q3682757", "cycletrip_url": "https://cycletrip.pro/climbs/colle-dei-giovetti"}}, {"type": "Feature", "geometry": {"type": "Point", "coordinates": [10.7334234, 45.7421545]}, "properties": {"climb_slug": "santuario-di-montecastello", "climb_name": "Santuario di Montecastello", "country": "IT", "region": "Lombardy", "side": "from Muslone", "category": "2", "length_km": 7.7, "elevation_gain_m": 433, "avg_grade_pct": 5.6, "max_grade_pct": 17.0, "summit_elevation_m": "", "summit_lat": 45.74215, "summit_lon": 10.73342, "start_lat": 45.71426, "start_lon": 10.70114, "wikidata_id": "", "cycletrip_url": "https://cycletrip.pro/climbs/santuario-di-montecastello"}}, {"type": "Feature", "geometry": {"type": "Point", "coordinates": [15.47569, 38.17907]}, "properties": {"climb_slug": "portella-croce-di-cumia", "climb_name": "Portella Croce di Cumia", "country": "IT", "region": "Sicily", "side": "from San Michele", "category": "2", "length_km": 5.7, "elevation_gain_m": 368, "avg_grade_pct": 6.5, "max_grade_pct": 15.3, "summit_elevation_m": 850, "summit_lat": 38.17907, "summit_lon": 15.47569, "start_lat": 38.21594, "start_lon": 15.50657, "wikidata_id": "", "cycletrip_url": "https://cycletrip.pro/climbs/portella-croce-di-cumia"}}, {"type": "Feature", "geometry": {"type": "Point", "coordinates": [7.1139367, 48.1924786]}, "properties": {"climb_slug": "col-des-bagenelles", "climb_name": "Col des Bagenelles", "country": "FR", "region": "Vosges", "side": "from Le Bonhomme", "category": "3", "length_km": 4.4, "elevation_gain_m": 215, "avg_grade_pct": 4.9, "max_grade_pct": 10.6, "summit_elevation_m": 905, "summit_lat": 48.19248, "summit_lon": 7.11394, "start_lat": 48.17226, "start_lon": 7.11485, "wikidata_id": "Q2982208", "cycletrip_url": "https://cycletrip.pro/climbs/col-des-bagenelles"}}, {"type": "Feature", "geometry": {"type": "Point", "coordinates": [7.1139367, 48.1924786]}, "properties": {"climb_slug": "col-des-bagenelles", "climb_name": "Col des Bagenelles", "country": "FR", "region": "Vosges", "side": "from Sainte-Marie-aux-Mines", "category": "2", "length_km": 11.3, "elevation_gain_m": 524, "avg_grade_pct": 4.6, "max_grade_pct": 12.3, "summit_elevation_m": 905, "summit_lat": 48.19248, "summit_lon": 7.11394, "start_lat": 48.2437, "start_lon": 7.18093, "wikidata_id": "Q2982208", "cycletrip_url": "https://cycletrip.pro/climbs/col-des-bagenelles"}}, {"type": "Feature", "geometry": {"type": "Point", "coordinates": [9.330707519447033, 46.02017205946638]}, "properties": {"climb_slug": "parlasco", "climb_name": "Parlasco", "country": "IT", "region": "Lombardy", "side": "from Bellano", "category": "2", "length_km": 6.4, "elevation_gain_m": 391, "avg_grade_pct": 6.1, "max_grade_pct": 13.5, "summit_elevation_m": 588, "summit_lat": 46.02017, "summit_lon": 9.33071, "start_lat": 46.04407, "start_lon": 9.30306, "wikidata_id": "", "cycletrip_url": "https://cycletrip.pro/climbs/parlasco"}}, {"type": "Feature", "geometry": {"type": "Point", "coordinates": [2.8359722, 45.5640951]}, "properties": {"climb_slug": "col-de-la-croix-saint-robert", "climb_name": "Col de la Croix Saint-Robert", "country": "FR", "region": "Massif Central", "side": "from Chambon-sur-Lac", "category": "3", "length_km": 9.1, "elevation_gain_m": 330, "avg_grade_pct": 3.6, "max_grade_pct": 9.7, "summit_elevation_m": 1451, "summit_lat": 45.5641, "summit_lon": 2.83597, "start_lat": 45.54509, "start_lon": 2.87103, "wikidata_id": "Q2982164", "cycletrip_url": "https://cycletrip.pro/climbs/col-de-la-croix-saint-robert"}}, {"type": "Feature", "geometry": {"type": "Point", "coordinates": [2.8359722, 45.5640951]}, "properties": {"climb_slug": "col-de-la-croix-saint-robert", "climb_name": "Col de la Croix Saint-Robert", "country": "FR", "region": "Massif Central", "side": "from Mont-Dore", "category": "2", "length_km": 5.8, "elevation_gain_m": 369, "avg_grade_pct": 6.4, "max_grade_pct": 10.3, "summit_elevation_m": 1451, "summit_lat": 45.5641, "summit_lon": 2.83597, "start_lat": 45.56824, "start_lon": 2.8131, "wikidata_id": "Q2982164", "cycletrip_url": "https://cycletrip.pro/climbs/col-de-la-croix-saint-robert"}}, {"type": "Feature", "geometry": {"type": "Point", "coordinates": [15.634, 50.76283]}, "properties": {"climb_slug": "przelecz-karkonoska", "climb_name": "Przełęcz Karkonoska", "country": "PL", "region": "Sudety", "side": "from Labská", "category": "2", "length_km": 9.5, "elevation_gain_m": 475, "avg_grade_pct": 5.0, "max_grade_pct": 8.6, "summit_elevation_m": 1198, "summit_lat": 50.76283, "summit_lon": 15.634, "start_lat": 50.72531, "start_lon": 15.60653, "wikidata_id": "", "cycletrip_url": "https://cycletrip.pro/climbs/przelecz-karkonoska"}}, {"type": "Feature", "geometry": {"type": "Point", "coordinates": [12.4201102, 46.6559436]}, "properties": {"climb_slug": "kreuzbergpass-passo-monte-croce-di-comelico", "climb_name": "Kreuzbergpass - Passo Monte Croce di Comelico", "country": "IT", "region": "Dolomites", "side": "from Santo Stefano di Cadore", "category": "2", "length_km": 24.7, "elevation_gain_m": 774, "avg_grade_pct": 3.1, "max_grade_pct": 11.5, "summit_elevation_m": 1636, "summit_lat": 46.65594, "summit_lon": 12.42011, "start_lat": 46.53919, "start_lon": 12.52701, "wikidata_id": "Q360740", "cycletrip_url": "https://cycletrip.pro/climbs/kreuzbergpass-passo-monte-croce-di-comelico"}}, {"type": "Feature", "geometry": {"type": "Point", "coordinates": [12.4201102, 46.6559436]}, "properties": {"climb_slug": "kreuzbergpass-passo-monte-croce-di-comelico", "climb_name": "Kreuzbergpass - Passo Monte Croce di Comelico", "country": "IT", "region": "Dolomites", "side": "from Welsberg - Monguelfo", "category": "3", "length_km": 28.4, "elevation_gain_m": 550, "avg_grade_pct": 1.9, "max_grade_pct": 11.2, "summit_elevation_m": 1636, "summit_lat": 46.65594, "summit_lon": 12.42011, "start_lat": 46.7512, "start_lon": 12.11195, "wikidata_id": "Q360740", "cycletrip_url": "https://cycletrip.pro/climbs/kreuzbergpass-passo-monte-croce-di-comelico"}}, {"type": "Feature", "geometry": {"type": "Point", "coordinates": [-17.23347, 28.19368]}, "properties": {"climb_slug": "raso-de-la-cruz", "climb_name": "Raso de la Cruz", "country": "ES", "region": "Canary Islands", "side": "from Los Pedacitos", "category": "2", "length_km": 10.3, "elevation_gain_m": 493, "avg_grade_pct": 4.8, "max_grade_pct": 20.3, "summit_elevation_m": 580, "summit_lat": 28.19368, "summit_lon": -17.23347, "start_lat": 28.17445, "start_lon": -17.18702, "wikidata_id": "", "cycletrip_url": "https://cycletrip.pro/climbs/raso-de-la-cruz"}}, {"type": "Feature", "geometry": {"type": "Point", "coordinates": [-17.23347, 28.19368]}, "properties": {"climb_slug": "raso-de-la-cruz", "climb_name": "Raso de la Cruz", "country": "ES", "region": "Canary Islands", "side": "from Rosa de las Piedras", "category": "2", "length_km": 7.2, "elevation_gain_m": 401, "avg_grade_pct": 5.6, "max_grade_pct": 18.6, "summit_elevation_m": 580, "summit_lat": 28.19368, "summit_lon": -17.23347, "start_lat": 28.18024, "start_lon": -17.26335, "wikidata_id": "", "cycletrip_url": "https://cycletrip.pro/climbs/raso-de-la-cruz"}}, {"type": "Feature", "geometry": {"type": "Point", "coordinates": [9.3192365, 44.5174116]}, "properties": {"climb_slug": "passo-di-fregarolo", "climb_name": "Passo di Fregarolo", "country": "IT", "region": "Liguria", "side": "from Fontanigorda", "category": "2", "length_km": 4.0, "elevation_gain_m": 308, "avg_grade_pct": 7.7, "max_grade_pct": 14.6, "summit_elevation_m": 1203, "summit_lat": 44.51741, "summit_lon": 9.31924, "start_lat": 44.52696, "start_lon": 9.30868, "wikidata_id": "Q3897434", "cycletrip_url": "https://cycletrip.pro/climbs/passo-di-fregarolo"}}, {"type": "Feature", "geometry": {"type": "Point", "coordinates": [9.3192365, 44.5174116]}, "properties": {"climb_slug": "passo-di-fregarolo", "climb_name": "Passo di Fregarolo", "country": "IT", "region": "Liguria", "side": "from Rezzoaglio", "category": "2", "length_km": 6.3, "elevation_gain_m": 380, "avg_grade_pct": 6.0, "max_grade_pct": 12.0, "summit_elevation_m": 1203, "summit_lat": 44.51741, "summit_lon": 9.31924, "start_lat": 44.49488, "start_lon": 9.34554, "wikidata_id": "Q3897434", "cycletrip_url": "https://cycletrip.pro/climbs/passo-di-fregarolo"}}, {"type": "Feature", "geometry": {"type": "Point", "coordinates": [6.6569896, 45.0264828]}, "properties": {"climb_slug": "col-de-l-chelle", "climb_name": "Col de l'Échelle", "country": "FR", "region": "French Alps", "side": "from Bardonecchia", "category": "2", "length_km": 10.7, "elevation_gain_m": 500, "avg_grade_pct": 4.7, "max_grade_pct": 10.7, "summit_elevation_m": 1762, "summit_lat": 45.02648, "summit_lon": 6.65699, "start_lat": 45.07185, "start_lon": 6.69604, "wikidata_id": "Q1107877", "cycletrip_url": "https://cycletrip.pro/climbs/col-de-l-chelle"}}, {"type": "Feature", "geometry": {"type": "Point", "coordinates": [6.6569896, 45.0264828]}, "properties": {"climb_slug": "col-de-l-chelle", "climb_name": "Col de l'Échelle", "country": "FR", "region": "French Alps", "side": "from Roubion", "category": "3", "length_km": 2.7, "elevation_gain_m": 191, "avg_grade_pct": 7.1, "max_grade_pct": 10.2, "summit_elevation_m": 1762, "summit_lat": 45.02648, "summit_lon": 6.65699, "start_lat": 45.01679, "start_lon": 6.63601, "wikidata_id": "Q1107877", "cycletrip_url": "https://cycletrip.pro/climbs/col-de-l-chelle"}}, {"type": "Feature", "geometry": {"type": "Point", "coordinates": [1.5484306, 41.8393769]}, "properties": {"climb_slug": "collet-dels-estudis", "climb_name": "Collet dels Estudis", "country": "ES", "region": "Southern Pyrenees", "side": "from la Molsosa", "category": "3", "length_km": 11.9, "elevation_gain_m": 346, "avg_grade_pct": 2.9, "max_grade_pct": 13.1, "summit_elevation_m": 887, "summit_lat": 41.83938, "summit_lon": 1.54843, "start_lat": 41.77708, "start_lon": 1.50854, "wikidata_id": "Q17598747", "cycletrip_url": "https://cycletrip.pro/climbs/collet-dels-estudis"}}, {"type": "Feature", "geometry": {"type": "Point", "coordinates": [1.5484306, 41.8393769]}, "properties": {"climb_slug": "collet-dels-estudis", "climb_name": "Collet dels Estudis", "country": "ES", "region": "Southern Pyrenees", "side": "from Pinós", "category": "2", "length_km": 4.3, "elevation_gain_m": 318, "avg_grade_pct": 7.4, "max_grade_pct": 14.1, "summit_elevation_m": 887, "summit_lat": 41.83938, "summit_lon": 1.54843, "start_lat": 41.83113, "start_lon": 1.58783, "wikidata_id": "Q17598747", "cycletrip_url": "https://cycletrip.pro/climbs/collet-dels-estudis"}}, {"type": "Feature", "geometry": {"type": "Point", "coordinates": [9.5697383, 44.2494805]}, "properties": {"climb_slug": "passo-del-bracco", "climb_name": "Passo del Bracco", "country": "IT", "region": "Liguria", "side": "from Carrodano", "category": "2", "length_km": 10.1, "elevation_gain_m": 464, "avg_grade_pct": 4.6, "max_grade_pct": 12.0, "summit_elevation_m": 612, "summit_lat": 44.24948, "summit_lon": 9.56974, "start_lat": 44.23955, "start_lon": 9.6566, "wikidata_id": "Q1726226", "cycletrip_url": "https://cycletrip.pro/climbs/passo-del-bracco"}}, {"type": "Feature", "geometry": {"type": "Point", "coordinates": [9.5697383, 44.2494805]}, "properties": {"climb_slug": "passo-del-bracco", "climb_name": "Passo del Bracco", "country": "IT", "region": "Liguria", "side": "from Riva Trigoso", "category": "2", "length_km": 16.3, "elevation_gain_m": 621, "avg_grade_pct": 3.8, "max_grade_pct": 10.5, "summit_elevation_m": 612, "summit_lat": 44.24948, "summit_lon": 9.56974, "start_lat": 44.26881, "start_lon": 9.41591, "wikidata_id": "Q1726226", "cycletrip_url": "https://cycletrip.pro/climbs/passo-del-bracco"}}, {"type": "Feature", "geometry": {"type": "Point", "coordinates": [9.2671519, 45.9236858]}, "properties": {"climb_slug": "colle-del-ghisallo", "climb_name": "Colle del Ghisallo", "country": "IT", "region": "Lombardy", "side": "from Asso", "category": "3", "length_km": 8.6, "elevation_gain_m": 342, "avg_grade_pct": 4.0, "max_grade_pct": 9.8, "summit_elevation_m": "", "summit_lat": 45.92369, "summit_lon": 9.26715, "start_lat": 45.86163, "start_lon": 9.27014, "wikidata_id": "", "cycletrip_url": "https://cycletrip.pro/climbs/colle-del-ghisallo"}}, {"type": "Feature", "geometry": {"type": "Point", "coordinates": [9.2671519, 45.9236858]}, "properties": {"climb_slug": "colle-del-ghisallo", "climb_name": "Colle del Ghisallo", "country": "IT", "region": "Lombardy", "side": "from Limonta", "category": "2", "length_km": 14.0, "elevation_gain_m": 575, "avg_grade_pct": 4.1, "max_grade_pct": 14.7, "summit_elevation_m": "", "summit_lat": 45.92369, "summit_lon": 9.26715, "start_lat": 45.94667, "start_lon": 9.27826, "wikidata_id": "", "cycletrip_url": "https://cycletrip.pro/climbs/colle-del-ghisallo"}}, {"type": "Feature", "geometry": {"type": "Point", "coordinates": [9.8537391, 46.8326555]}, "properties": {"climb_slug": "wolfgangpass", "climb_name": "Wolfgangpass", "country": "IT", "region": null, "side": "from Klosters", "category": "2", "length_km": 5.4, "elevation_gain_m": 358, "avg_grade_pct": 6.6, "max_grade_pct": 13.4, "summit_elevation_m": 1630, "summit_lat": 46.83266, "summit_lon": 9.85374, "start_lat": 46.8586, "start_lon": 9.8814, "wikidata_id": "Q385232", "cycletrip_url": "https://cycletrip.pro/climbs/wolfgangpass"}}, {"type": "Feature", "geometry": {"type": "Point", "coordinates": [6.68022, 43.66793]}, "properties": {"climb_slug": "col-davaye", "climb_name": "Col d'Avaye", "country": "FR", "region": "Provence", "side": "from Fayence", "category": "2", "length_km": 10.6, "elevation_gain_m": 497, "avg_grade_pct": 4.7, "max_grade_pct": 9.3, "summit_elevation_m": 720, "summit_lat": 43.66793, "summit_lon": 6.68022, "start_lat": 43.62517, "start_lon": 6.68275, "wikidata_id": "", "cycletrip_url": "https://cycletrip.pro/climbs/col-davaye"}}, {"type": "Feature", "geometry": {"type": "Point", "coordinates": [-2.36216, 43.20311]}, "properties": {"climb_slug": "azkarate-mendatea", "climb_name": "Azkarate mendatea", "country": "ES", "region": "Basque Country", "side": "from Azkoitia", "category": "3", "length_km": 5.6, "elevation_gain_m": 284, "avg_grade_pct": 5.1, "max_grade_pct": 11.5, "summit_elevation_m": 410, "summit_lat": 43.20311, "summit_lon": -2.36216, "start_lat": 43.17526, "start_lon": -2.32, "wikidata_id": "", "cycletrip_url": "https://cycletrip.pro/climbs/azkarate-mendatea"}}, {"type": "Feature", "geometry": {"type": "Point", "coordinates": [-2.36216, 43.20311]}, "properties": {"climb_slug": "azkarate-mendatea", "climb_name": "Azkarate mendatea", "country": "ES", "region": "Basque Country", "side": "from Elgoibar", "category": "2", "length_km": 5.7, "elevation_gain_m": 365, "avg_grade_pct": 6.4, "max_grade_pct": 10.0, "summit_elevation_m": 410, "summit_lat": 43.20311, "summit_lon": -2.36216, "start_lat": 43.21561, "start_lon": -2.41092, "wikidata_id": "", "cycletrip_url": "https://cycletrip.pro/climbs/azkarate-mendatea"}}, {"type": "Feature", "geometry": {"type": "Point", "coordinates": [6.2349148954666225, 47.01477]}, "properties": {"climb_slug": "cote-de-longeville", "climb_name": "Côte de Longeville", "country": "FR", "region": "Jura", "side": "from Lods", "category": "2", "length_km": 8.3, "elevation_gain_m": 442, "avg_grade_pct": 5.3, "max_grade_pct": 11.5, "summit_elevation_m": 824, "summit_lat": 47.01477, "summit_lon": 6.23491, "start_lat": 47.04325, "start_lon": 6.25069, "wikidata_id": "", "cycletrip_url": "https://cycletrip.pro/climbs/cote-de-longeville"}}, {"type": "Feature", "geometry": {"type": "Point", "coordinates": [8.7338307, 44.4879016]}, "properties": {"climb_slug": "passo-del-turchino", "climb_name": "Passo del Turchino", "country": "IT", "region": "Liguria", "side": "from Genova", "category": "2", "length_km": 11.5, "elevation_gain_m": 517, "avg_grade_pct": 4.5, "max_grade_pct": 14.3, "summit_elevation_m": 530, "summit_lat": 44.4879, "summit_lon": 8.73383, "start_lat": 44.43101, "start_lon": 8.75192, "wikidata_id": "Q669026", "cycletrip_url": "https://cycletrip.pro/climbs/passo-del-turchino"}}, {"type": "Feature", "geometry": {"type": "Point", "coordinates": [8.7338307, 44.4879016]}, "properties": {"climb_slug": "passo-del-turchino", "climb_name": "Passo del Turchino", "country": "IT", "region": "Liguria", "side": "from Gnocchetto", "category": "4", "length_km": 17.4, "elevation_gain_m": 284, "avg_grade_pct": 1.6, "max_grade_pct": 10.4, "summit_elevation_m": 530, "summit_lat": 44.4879, "summit_lon": 8.73383, "start_lat": 44.59655, "start_lon": 8.66454, "wikidata_id": "Q669026", "cycletrip_url": "https://cycletrip.pro/climbs/passo-del-turchino"}}, {"type": "Feature", "geometry": {"type": "Point", "coordinates": [5.34829, 44.16017]}, "properties": {"climb_slug": "col-de-la-frache", "climb_name": "Col de La Frache", "country": "FR", "region": "Provence", "side": "from Saint-Jaume", "category": "2", "length_km": 16.1, "elevation_gain_m": 614, "avg_grade_pct": 3.8, "max_grade_pct": 9.5, "summit_elevation_m": 1319, "summit_lat": 44.16017, "summit_lon": 5.34829, "start_lat": 44.09245, "start_lon": 5.38497, "wikidata_id": "", "cycletrip_url": "https://cycletrip.pro/climbs/col-de-la-frache"}}, {"type": "Feature", "geometry": {"type": "Point", "coordinates": [14.98334, 38.37691]}, "properties": {"climb_slug": "la-portella-2", "climb_name": "La Portella", "country": "IT", "region": "Sicily", "side": "from Vulcano Porto", "category": "2", "length_km": 7.4, "elevation_gain_m": 413, "avg_grade_pct": 5.6, "max_grade_pct": 11.7, "summit_elevation_m": 423, "summit_lat": 38.37691, "summit_lon": 14.98334, "start_lat": 38.41744, "start_lon": 14.95831, "wikidata_id": "", "cycletrip_url": "https://cycletrip.pro/climbs/la-portella-2"}}, {"type": "Feature", "geometry": {"type": "Point", "coordinates": [7.143365, 47.8455374]}, "properties": {"climb_slug": "col-de-herrenfluh", "climb_name": "Col de Herrenfluh", "country": "FR", "region": "Vosges", "side": "from Hartmannswiller", "category": "2", "length_km": 14.5, "elevation_gain_m": 583, "avg_grade_pct": 4.0, "max_grade_pct": 10.0, "summit_elevation_m": 835, "summit_lat": 47.84554, "summit_lon": 7.14337, "start_lat": 47.86307, "start_lon": 7.21015, "wikidata_id": "Q18005369", "cycletrip_url": "https://cycletrip.pro/climbs/col-de-herrenfluh"}}, {"type": "Feature", "geometry": {"type": "Point", "coordinates": [11.2062488, 45.9195501]}, "properties": {"climb_slug": "passo-sommo", "climb_name": "Passo Sommo", "country": "IT", "region": "Dolomites", "side": "from Costa di Folgaria", "category": "3", "length_km": 2.9, "elevation_gain_m": 200, "avg_grade_pct": 6.9, "max_grade_pct": 11.7, "summit_elevation_m": 1341, "summit_lat": 45.91955, "summit_lon": 11.20625, "start_lat": 45.91257, "start_lon": 11.17836, "wikidata_id": "Q1488667", "cycletrip_url": "https://cycletrip.pro/climbs/passo-sommo"}}, {"type": "Feature", "geometry": {"type": "Point", "coordinates": [11.2062488, 45.9195501]}, "properties": {"climb_slug": "passo-sommo", "climb_name": "Passo Sommo", "country": "IT", "region": "Dolomites", "side": "from San Sebastiano", "category": "2", "length_km": 3.7, "elevation_gain_m": 291, "avg_grade_pct": 7.9, "max_grade_pct": 11.8, "summit_elevation_m": 1341, "summit_lat": 45.91955, "summit_lon": 11.20625, "start_lat": 45.93588, "start_lon": 11.22705, "wikidata_id": "Q1488667", "cycletrip_url": "https://cycletrip.pro/climbs/passo-sommo"}}, {"type": "Feature", "geometry": {"type": "Point", "coordinates": [7.185117, 47.9992601]}, "properties": {"climb_slug": "col-du-firstplan", "climb_name": "Col du Firstplan", "country": "FR", "region": "Vosges", "side": "from Soultzmatt", "category": "2", "length_km": 10.2, "elevation_gain_m": 479, "avg_grade_pct": 4.7, "max_grade_pct": 12.3, "summit_elevation_m": 722, "summit_lat": 47.99926, "summit_lon": 7.18512, "start_lat": 47.95689, "start_lon": 7.24912, "wikidata_id": "Q2982267", "cycletrip_url": "https://cycletrip.pro/climbs/col-du-firstplan"}}, {"type": "Feature", "geometry": {"type": "Point", "coordinates": [7.185117, 47.9992601]}, "properties": {"climb_slug": "col-du-firstplan", "climb_name": "Col du Firstplan", "country": "FR", "region": "Vosges", "side": "from Wihr-au-Val", "category": "2", "length_km": 7.1, "elevation_gain_m": 407, "avg_grade_pct": 5.7, "max_grade_pct": 12.4, "summit_elevation_m": 722, "summit_lat": 47.99926, "summit_lon": 7.18512, "start_lat": 48.04452, "start_lon": 7.2064, "wikidata_id": "Q2982267", "cycletrip_url": "https://cycletrip.pro/climbs/col-du-firstplan"}}, {"type": "Feature", "geometry": {"type": "Point", "coordinates": [11.9564939, 43.8950479]}, "properties": {"climb_slug": "passo-del-carnaio", "climb_name": "Passo del Carnaio", "country": "IT", "region": "Northern Apennines", "side": "from San Piero in Bagno", "category": "3", "length_km": 5.3, "elevation_gain_m": 295, "avg_grade_pct": 5.6, "max_grade_pct": 12.3, "summit_elevation_m": 776, "summit_lat": 43.89505, "summit_lon": 11.95649, "start_lat": 43.86479, "start_lon": 11.97731, "wikidata_id": "Q3897363", "cycletrip_url": "https://cycletrip.pro/climbs/passo-del-carnaio"}}, {"type": "Feature", "geometry": {"type": "Point", "coordinates": [11.9564939, 43.8950479]}, "properties": {"climb_slug": "passo-del-carnaio", "climb_name": "Passo del Carnaio", "country": "IT", "region": "Northern Apennines", "side": "from Santa Sofia", "category": "2", "length_km": 10.9, "elevation_gain_m": 505, "avg_grade_pct": 4.6, "max_grade_pct": 11.7, "summit_elevation_m": 776, "summit_lat": 43.89505, "summit_lon": 11.95649, "start_lat": 43.94627, "start_lon": 11.91009, "wikidata_id": "Q3897363", "cycletrip_url": "https://cycletrip.pro/climbs/passo-del-carnaio"}}, {"type": "Feature", "geometry": {"type": "Point", "coordinates": [15.2773159, 37.8583477]}, "properties": {"climb_slug": "castelmola", "climb_name": "Castelmola", "country": "IT", "region": "Sicily", "side": "from Taormina", "category": "2", "length_km": 7.9, "elevation_gain_m": 426, "avg_grade_pct": 5.4, "max_grade_pct": 15.7, "summit_elevation_m": "", "summit_lat": 37.85835, "summit_lon": 15.27732, "start_lat": 37.84658, "start_lon": 15.29628, "wikidata_id": "", "cycletrip_url": "https://cycletrip.pro/climbs/castelmola"}}, {"type": "Feature", "geometry": {"type": "Point", "coordinates": [2.0104206, 42.4914078]}, "properties": {"climb_slug": "col-d-gat", "climb_name": "Col d'Égat", "country": "FR", "region": "Pyrenees", "side": "from Llívia", "category": "2", "length_km": 7.6, "elevation_gain_m": 416, "avg_grade_pct": 5.5, "max_grade_pct": 9.1, "summit_elevation_m": 1614, "summit_lat": 42.49141, "summit_lon": 2.01042, "start_lat": 42.46314, "start_lon": 1.97984, "wikidata_id": "Q11914473", "cycletrip_url": "https://cycletrip.pro/climbs/col-d-gat"}}, {"type": "Feature", "geometry": {"type": "Point", "coordinates": [15.0384207, 37.7981416]}, "properties": {"climb_slug": "piano-provenzana", "climb_name": "Piano Provenzana", "country": "IT", "region": "Sicily", "side": "from Linguaglossa", "category": "2", "length_km": 2.9, "elevation_gain_m": 257, "avg_grade_pct": 8.9, "max_grade_pct": 13.8, "summit_elevation_m": "", "summit_lat": 37.79814, "summit_lon": 15.03842, "start_lat": 37.79714, "start_lon": 15.06162, "wikidata_id": "", "cycletrip_url": "https://cycletrip.pro/climbs/piano-provenzana"}}, {"type": "Feature", "geometry": {"type": "Point", "coordinates": [3.18552, 39.45554]}, "properties": {"climb_slug": "puig-de-sant-salvador", "climb_name": "Puig de Sant Salvador", "country": "ES", "region": "Mallorca", "side": "from Felanitx", "category": "2", "length_km": 4.8, "elevation_gain_m": 330, "avg_grade_pct": 6.9, "max_grade_pct": 14.2, "summit_elevation_m": 510, "summit_lat": 39.45554, "summit_lon": 3.18552, "start_lat": 39.47112, "start_lon": 3.16811, "wikidata_id": "", "cycletrip_url": "https://cycletrip.pro/climbs/puig-de-sant-salvador"}}, {"type": "Feature", "geometry": {"type": "Point", "coordinates": [13.7058243, 42.0638768]}, "properties": {"climb_slug": "forca-caruso", "climb_name": "Forca Caruso", "country": "IT", "region": "Central Apennines", "side": "from Aielli", "category": "3", "length_km": 13.8, "elevation_gain_m": 421, "avg_grade_pct": 3.1, "max_grade_pct": 8.3, "summit_elevation_m": 1100, "summit_lat": 42.06388, "summit_lon": 13.70582, "start_lat": 42.05629, "start_lon": 13.58104, "wikidata_id": "Q3747926", "cycletrip_url": "https://cycletrip.pro/climbs/forca-caruso"}}, {"type": "Feature", "geometry": {"type": "Point", "coordinates": [13.7058243, 42.0638768]}, "properties": {"climb_slug": "forca-caruso", "climb_name": "Forca Caruso", "country": "IT", "region": "Central Apennines", "side": "from Raiano", "category": "2", "length_km": 20.9, "elevation_gain_m": 695, "avg_grade_pct": 3.3, "max_grade_pct": 10.1, "summit_elevation_m": 1100, "summit_lat": 42.06388, "summit_lon": 13.70582, "start_lat": 42.12617, "start_lon": 13.77118, "wikidata_id": "Q3747926", "cycletrip_url": "https://cycletrip.pro/climbs/forca-caruso"}}, {"type": "Feature", "geometry": {"type": "Point", "coordinates": [3.02485716814251, 45.78063516894634]}, "properties": {"climb_slug": "cote-de-la-baraque", "climb_name": "Côte de La Baraque", "country": "FR", "region": "Massif Central", "side": "from Clermont-Ferrand", "category": "2", "length_km": 6.5, "elevation_gain_m": 382, "avg_grade_pct": 5.9, "max_grade_pct": 10.9, "summit_elevation_m": 765, "summit_lat": 45.78064, "summit_lon": 3.02486, "start_lat": 45.78966, "start_lon": 3.08143, "wikidata_id": "", "cycletrip_url": "https://cycletrip.pro/climbs/cote-de-la-baraque"}}, {"type": "Feature", "geometry": {"type": "Point", "coordinates": [15.50595, 38.21558]}, "properties": {"climb_slug": "portella-san-rizzo", "climb_name": "Portella San Rizzo", "country": "IT", "region": "Sicily", "side": "from Calvaruso", "category": "3", "length_km": 10.5, "elevation_gain_m": 466, "avg_grade_pct": 4.4, "max_grade_pct": 12.7, "summit_elevation_m": 465, "summit_lat": 38.21558, "summit_lon": 15.50595, "start_lat": 38.24065, "start_lon": 15.43973, "wikidata_id": "", "cycletrip_url": "https://cycletrip.pro/climbs/portella-san-rizzo"}}, {"type": "Feature", "geometry": {"type": "Point", "coordinates": [15.50595, 38.21558]}, "properties": {"climb_slug": "portella-san-rizzo", "climb_name": "Portella San Rizzo", "country": "IT", "region": "Sicily", "side": "from Messina", "category": "2", "length_km": 9.0, "elevation_gain_m": 451, "avg_grade_pct": 5.0, "max_grade_pct": 11.3, "summit_elevation_m": 465, "summit_lat": 38.21558, "summit_lon": 15.50595, "start_lat": 38.20452, "start_lon": 15.55703, "wikidata_id": "", "cycletrip_url": "https://cycletrip.pro/climbs/portella-san-rizzo"}}, {"type": "Feature", "geometry": {"type": "Point", "coordinates": [15.50595, 38.21558]}, "properties": {"climb_slug": "portella-san-rizzo", "climb_name": "Portella San Rizzo", "country": "IT", "region": "Sicily", "side": "from Salice", "category": "3", "length_km": 14.0, "elevation_gain_m": 377, "avg_grade_pct": 2.7, "max_grade_pct": 12.3, "summit_elevation_m": 465, "summit_lat": 38.21558, "summit_lon": 15.50595, "start_lat": 38.29427, "start_lon": 15.54105, "wikidata_id": "", "cycletrip_url": "https://cycletrip.pro/climbs/portella-san-rizzo"}}, {"type": "Feature", "geometry": {"type": "Point", "coordinates": [7.9909455, 44.0070935]}, "properties": {"climb_slug": "passo-del-ginestro", "climb_name": "Passo del Ginestro", "country": "IT", "region": "Liguria", "side": "from Andora", "category": "2", "length_km": 16.9, "elevation_gain_m": 605, "avg_grade_pct": 3.6, "max_grade_pct": 13.6, "summit_elevation_m": 677, "summit_lat": 44.00709, "summit_lon": 7.99095, "start_lat": 43.99757, "start_lon": 8.11207, "wikidata_id": "Q942012", "cycletrip_url": "https://cycletrip.pro/climbs/passo-del-ginestro"}}, {"type": "Feature", "geometry": {"type": "Point", "coordinates": [7.9909455, 44.0070935]}, "properties": {"climb_slug": "passo-del-ginestro", "climb_name": "Passo del Ginestro", "country": "IT", "region": "Liguria", "side": "from Garlenda", "category": "2", "length_km": 16.4, "elevation_gain_m": 608, "avg_grade_pct": 3.7, "max_grade_pct": 10.1, "summit_elevation_m": 677, "summit_lat": 44.00709, "summit_lon": 7.99095, "start_lat": 44.03302, "start_lon": 8.10469, "wikidata_id": "Q942012", "cycletrip_url": "https://cycletrip.pro/climbs/passo-del-ginestro"}}, {"type": "Feature", "geometry": {"type": "Point", "coordinates": [18.96041, 49.6648]}, "properties": {"climb_slug": "przelecz-salmopolska", "climb_name": "Przełęcz Salmopolska", "country": "PL", "region": "Beskidy", "side": "from Buczkowice", "category": "3", "length_km": 12.7, "elevation_gain_m": 470, "avg_grade_pct": 3.7, "max_grade_pct": 9.4, "summit_elevation_m": 934, "summit_lat": 49.6648, "summit_lon": 18.96041, "start_lat": 49.72796, "start_lon": 19.06006, "wikidata_id": "", "cycletrip_url": "https://cycletrip.pro/climbs/przelecz-salmopolska"}}, {"type": "Feature", "geometry": {"type": "Point", "coordinates": [18.96041, 49.6648]}, "properties": {"climb_slug": "przelecz-salmopolska", "climb_name": "Przełęcz Salmopolska", "country": "PL", "region": "Beskidy", "side": "from Wisła", "category": "2", "length_km": 8.3, "elevation_gain_m": 429, "avg_grade_pct": 5.2, "max_grade_pct": 11.3, "summit_elevation_m": 934, "summit_lat": 49.6648, "summit_lon": 18.96041, "start_lat": 49.62976, "start_lon": 18.91827, "wikidata_id": "", "cycletrip_url": "https://cycletrip.pro/climbs/przelecz-salmopolska"}}, {"type": "Feature", "geometry": {"type": "Point", "coordinates": [-4.2480998, 36.8494448]}, "properties": {"climb_slug": "comares", "climb_name": "Comares", "country": "ES", "region": "Andalusia", "side": "from Benamargosa", "category": "2", "length_km": 7.1, "elevation_gain_m": 395, "avg_grade_pct": 5.6, "max_grade_pct": 18.4, "summit_elevation_m": "", "summit_lat": 36.84944, "summit_lon": -4.2481, "start_lat": 36.83502, "start_lon": -4.20827, "wikidata_id": "", "cycletrip_url": "https://cycletrip.pro/climbs/comares"}}, {"type": "Feature", "geometry": {"type": "Point", "coordinates": [9.50786, 40.15854]}, "properties": {"climb_slug": "genna-silana", "climb_name": "Genna Silana", "country": "IT", "region": "Sardinia", "side": "from Orosei", "category": "2", "length_km": 35.6, "elevation_gain_m": 890, "avg_grade_pct": 2.5, "max_grade_pct": 12.3, "summit_elevation_m": 1017, "summit_lat": 40.15854, "summit_lon": 9.50786, "start_lat": 40.35592, "start_lon": 9.65912, "wikidata_id": "", "cycletrip_url": "https://cycletrip.pro/climbs/genna-silana"}}, {"type": "Feature", "geometry": {"type": "Point", "coordinates": [9.50786, 40.15854]}, "properties": {"climb_slug": "genna-silana", "climb_name": "Genna Silana", "country": "IT", "region": "Sardinia", "side": "from Orthullè/Urzulei", "category": "3", "length_km": 10.2, "elevation_gain_m": 311, "avg_grade_pct": 3.0, "max_grade_pct": 10.1, "summit_elevation_m": 1017, "summit_lat": 40.15854, "summit_lon": 9.50786, "start_lat": 40.09716, "start_lon": 9.5465, "wikidata_id": "", "cycletrip_url": "https://cycletrip.pro/climbs/genna-silana"}}, {"type": "Feature", "geometry": {"type": "Point", "coordinates": [-7.683901, 43.4787655]}, "properties": {"climb_slug": "a-ga-idoira", "climb_name": "A Gañidoira", "country": "ES", "region": "Galicia", "side": "from Muras", "category": "3", "length_km": 4.3, "elevation_gain_m": 185, "avg_grade_pct": 4.3, "max_grade_pct": 10.6, "summit_elevation_m": 720, "summit_lat": 43.47877, "summit_lon": -7.6839, "start_lat": 43.45583, "start_lon": -7.72058, "wikidata_id": "Q6092319", "cycletrip_url": "https://cycletrip.pro/climbs/a-ga-idoira"}}, {"type": "Feature", "geometry": {"type": "Point", "coordinates": [-7.683901, 43.4787655]}, "properties": {"climb_slug": "a-ga-idoira", "climb_name": "A Gañidoira", "country": "ES", "region": "Galicia", "side": "from Viveiro", "category": "2", "length_km": 21.6, "elevation_gain_m": 683, "avg_grade_pct": 3.2, "max_grade_pct": 13.2, "summit_elevation_m": 720, "summit_lat": 43.47877, "summit_lon": -7.6839, "start_lat": 43.6239, "start_lon": -7.60501, "wikidata_id": "Q6092319", "cycletrip_url": "https://cycletrip.pro/climbs/a-ga-idoira"}}, {"type": "Feature", "geometry": {"type": "Point", "coordinates": [-1.8514, 43.35075]}, "properties": {"climb_slug": "jaizkibel-mendatea", "climb_name": "Jaizkibel Mendatea", "country": "ES", "region": "Basque Country", "side": "from Hondarribia", "category": "3", "length_km": 9.8, "elevation_gain_m": 442, "avg_grade_pct": 4.5, "max_grade_pct": 12.6, "summit_elevation_m": 455, "summit_lat": 43.35075, "summit_lon": -1.8514, "start_lat": 43.35734, "start_lon": -1.794, "wikidata_id": "", "cycletrip_url": "https://cycletrip.pro/climbs/jaizkibel-mendatea"}}, {"type": "Feature", "geometry": {"type": "Point", "coordinates": [-1.8514, 43.35075]}, "properties": {"climb_slug": "jaizkibel-mendatea", "climb_name": "Jaizkibel Mendatea", "country": "ES", "region": "Basque Country", "side": "from Pasaia", "category": "2", "length_km": 8.5, "elevation_gain_m": 434, "avg_grade_pct": 5.1, "max_grade_pct": 11.1, "summit_elevation_m": 455, "summit_lat": 43.35075, "summit_lon": -1.8514, "start_lat": 43.32229, "start_lon": -1.91281, "wikidata_id": "", "cycletrip_url": "https://cycletrip.pro/climbs/jaizkibel-mendatea"}}, {"type": "Feature", "geometry": {"type": "Point", "coordinates": [7.56903267727456, 44.16898315000672]}, "properties": {"climb_slug": "limone-piemonte", "climb_name": "Limone Piemonte", "country": "IT", "region": "Piedmont", "side": "from Robilante", "category": "2", "length_km": 18.0, "elevation_gain_m": 624, "avg_grade_pct": 3.5, "max_grade_pct": 9.1, "summit_elevation_m": 1380, "summit_lat": 44.16898, "summit_lon": 7.56903, "start_lat": 44.28569, "start_lon": 7.51923, "wikidata_id": "", "cycletrip_url": "https://cycletrip.pro/climbs/limone-piemonte"}}, {"type": "Feature", "geometry": {"type": "Point", "coordinates": [14.9787008, 50.7439656]}, "properties": {"climb_slug": "v-p-e", "climb_name": "Výpřež", "country": "DE", "region": null, "side": "from Liberec", "category": "2", "length_km": 5.9, "elevation_gain_m": 359, "avg_grade_pct": 6.1, "max_grade_pct": 9.8, "summit_elevation_m": 770, "summit_lat": 50.74397, "summit_lon": 14.9787, "start_lat": 50.74395, "start_lon": 15.03615, "wikidata_id": "Q15249808", "cycletrip_url": "https://cycletrip.pro/climbs/v-p-e"}}, {"type": "Feature", "geometry": {"type": "Point", "coordinates": [14.9787008, 50.7439656]}, "properties": {"climb_slug": "v-p-e", "climb_name": "Výpřež", "country": "DE", "region": null, "side": "from Modlibohov", "category": "3", "length_km": 10.0, "elevation_gain_m": 414, "avg_grade_pct": 4.1, "max_grade_pct": 9.1, "summit_elevation_m": 770, "summit_lat": 50.74397, "summit_lon": 14.9787, "start_lat": 50.68231, "start_lon": 14.98355, "wikidata_id": "Q15249808", "cycletrip_url": "https://cycletrip.pro/climbs/v-p-e"}}, {"type": "Feature", "geometry": {"type": "Point", "coordinates": [-2.28124, 42.99964]}, "properties": {"climb_slug": "barbaris", "climb_name": "Barbaris", "country": "ES", "region": "Basque Country", "side": "from Segura", "category": "2", "length_km": 3.9, "elevation_gain_m": 291, "avg_grade_pct": 7.5, "max_grade_pct": 10.4, "summit_elevation_m": 523, "summit_lat": 42.99964, "summit_lon": -2.28124, "start_lat": 43.00495, "start_lon": -2.26251, "wikidata_id": "", "cycletrip_url": "https://cycletrip.pro/climbs/barbaris"}}, {"type": "Feature", "geometry": {"type": "Point", "coordinates": [-2.28124, 42.99964]}, "properties": {"climb_slug": "barbaris", "climb_name": "Barbaris", "country": "ES", "region": "Basque Country", "side": "from Zegama", "category": "3", "length_km": 4.1, "elevation_gain_m": 242, "avg_grade_pct": 5.9, "max_grade_pct": 8.9, "summit_elevation_m": 523, "summit_lat": 42.99964, "summit_lon": -2.28124, "start_lat": 42.98408, "start_lon": -2.28831, "wikidata_id": "", "cycletrip_url": "https://cycletrip.pro/climbs/barbaris"}}, {"type": "Feature", "geometry": {"type": "Point", "coordinates": [9.1948086, 42.028197]}, "properties": {"climb_slug": "col-de-verde", "climb_name": "Col de Verde", "country": "FR", "region": "Corsica", "side": "from Cozzano", "category": "3", "length_km": 16.2, "elevation_gain_m": 545, "avg_grade_pct": 3.4, "max_grade_pct": 10.6, "summit_elevation_m": 1289, "summit_lat": 42.0282, "summit_lon": 9.19481, "start_lat": 41.94258, "start_lon": 9.16566, "wikidata_id": "Q3682486", "cycletrip_url": "https://cycletrip.pro/climbs/col-de-verde"}}, {"type": "Feature", "geometry": {"type": "Point", "coordinates": [9.1948086, 42.028197]}, "properties": {"climb_slug": "col-de-verde", "climb_name": "Col de Verde", "country": "FR", "region": "Corsica", "side": "from Ghisoni", "category": "2", "length_km": 16.9, "elevation_gain_m": 604, "avg_grade_pct": 3.6, "max_grade_pct": 15.8, "summit_elevation_m": 1289, "summit_lat": 42.0282, "summit_lon": 9.19481, "start_lat": 42.10079, "start_lon": 9.21057, "wikidata_id": "Q3682486", "cycletrip_url": "https://cycletrip.pro/climbs/col-de-verde"}}, {"type": "Feature", "geometry": {"type": "Point", "coordinates": [12.0131757, 46.2333305]}, "properties": {"climb_slug": "forcella-franche", "climb_name": "Forcella Franche", "country": "IT", "region": "Dolomites", "side": "from Rivamonte Agordino", "category": "2", "length_km": 8.1, "elevation_gain_m": 419, "avg_grade_pct": 5.2, "max_grade_pct": 12.2, "summit_elevation_m": 991, "summit_lat": 46.23333, "summit_lon": 12.01318, "start_lat": 46.26949, "start_lon": 12.03509, "wikidata_id": "Q3747943", "cycletrip_url": "https://cycletrip.pro/climbs/forcella-franche"}}, {"type": "Feature", "geometry": {"type": "Point", "coordinates": [12.5410422, 46.7179498]}, "properties": {"climb_slug": "kartitscher-sattel", "climb_name": "Kartitscher Sattel", "country": "IT", "region": null, "side": "from Leisach-Gries", "category": "2", "length_km": 32.1, "elevation_gain_m": 827, "avg_grade_pct": 2.6, "max_grade_pct": 10.6, "summit_elevation_m": 1525, "summit_lat": 46.71795, "summit_lon": 12.54104, "start_lat": 46.80291, "start_lon": 12.7451, "wikidata_id": "Q1734610", "cycletrip_url": "https://cycletrip.pro/climbs/kartitscher-sattel"}}, {"type": "Feature", "geometry": {"type": "Point", "coordinates": [12.5410422, 46.7179498]}, "properties": {"climb_slug": "kartitscher-sattel", "climb_name": "Kartitscher Sattel", "country": "IT", "region": null, "side": "from Liesing", "category": "3", "length_km": 23.6, "elevation_gain_m": 521, "avg_grade_pct": 2.2, "max_grade_pct": 11.0, "summit_elevation_m": 1525, "summit_lat": 46.71795, "summit_lon": 12.54104, "start_lat": 46.69083, "start_lon": 12.82078, "wikidata_id": "Q1734610", "cycletrip_url": "https://cycletrip.pro/climbs/kartitscher-sattel"}}, {"type": "Feature", "geometry": {"type": "Point", "coordinates": [12.7212058, 46.5701766]}, "properties": {"climb_slug": "cima-sappada", "climb_name": "Cima Sappada", "country": "IT", "region": "Friuli", "side": "from Campolongo", "category": "3", "length_km": 13.2, "elevation_gain_m": 339, "avg_grade_pct": 2.6, "max_grade_pct": 15.2, "summit_elevation_m": 1292, "summit_lat": 46.57018, "summit_lon": 12.72121, "start_lat": 46.56513, "start_lon": 12.5751, "wikidata_id": "Q3676765", "cycletrip_url": "https://cycletrip.pro/climbs/cima-sappada"}}, {"type": "Feature", "geometry": {"type": "Point", "coordinates": [12.7212058, 46.5701766]}, "properties": {"climb_slug": "cima-sappada", "climb_name": "Cima Sappada", "country": "IT", "region": "Friuli", "side": "from Sigilletto / Sighiet", "category": "2", "length_km": 10.7, "elevation_gain_m": 478, "avg_grade_pct": 4.5, "max_grade_pct": 13.6, "summit_elevation_m": 1292, "summit_lat": 46.57018, "summit_lon": 12.72121, "start_lat": 46.57031, "start_lon": 12.81067, "wikidata_id": "Q3676765", "cycletrip_url": "https://cycletrip.pro/climbs/cima-sappada"}}, {"type": "Feature", "geometry": {"type": "Point", "coordinates": [3.5435577, 44.4187587]}, "properties": {"climb_slug": "col-de-montmirat", "climb_name": "Col de Montmirat", "country": "FR", "region": "Massif Central", "side": "from Ispagnac", "category": "2", "length_km": 10.7, "elevation_gain_m": 486, "avg_grade_pct": 4.5, "max_grade_pct": 10.3, "summit_elevation_m": 1046, "summit_lat": 44.41876, "summit_lon": 3.54356, "start_lat": 44.36727, "start_lon": 3.5587, "wikidata_id": "Q2982085", "cycletrip_url": "https://cycletrip.pro/climbs/col-de-montmirat"}}, {"type": "Feature", "geometry": {"type": "Point", "coordinates": [3.5435577, 44.4187587]}, "properties": {"climb_slug": "col-de-montmirat", "climb_name": "Col de Montmirat", "country": "FR", "region": "Massif Central", "side": "from Saint-Étienne-du-Valdonnez", "category": "3", "length_km": 6.7, "elevation_gain_m": 271, "avg_grade_pct": 4.0, "max_grade_pct": 7.4, "summit_elevation_m": 1046, "summit_lat": 44.41876, "summit_lon": 3.54356, "start_lat": 44.45831, "start_lon": 3.52449, "wikidata_id": "Q2982085", "cycletrip_url": "https://cycletrip.pro/climbs/col-de-montmirat"}}, {"type": "Feature", "geometry": {"type": "Point", "coordinates": [-2.16229, 43.15098]}, "properties": {"climb_slug": "iturburu-mendatea", "climb_name": "Iturburu mendatea", "country": "ES", "region": "Basque Country", "side": "from Azpeitia", "category": "3", "length_km": 13.3, "elevation_gain_m": 456, "avg_grade_pct": 3.4, "max_grade_pct": 11.2, "summit_elevation_m": 550, "summit_lat": 43.15098, "summit_lon": -2.16229, "start_lat": 43.17567, "start_lon": -2.25165, "wikidata_id": "", "cycletrip_url": "https://cycletrip.pro/climbs/iturburu-mendatea"}}, {"type": "Feature", "geometry": {"type": "Point", "coordinates": [-2.16229, 43.15098]}, "properties": {"climb_slug": "iturburu-mendatea", "climb_name": "Iturburu mendatea", "country": "ES", "region": "Basque Country", "side": "from Tolosa", "category": "2", "length_km": 9.8, "elevation_gain_m": 459, "avg_grade_pct": 4.7, "max_grade_pct": 12.0, "summit_elevation_m": 550, "summit_lat": 43.15098, "summit_lon": -2.16229, "start_lat": 43.12654, "start_lon": -2.08771, "wikidata_id": "", "cycletrip_url": "https://cycletrip.pro/climbs/iturburu-mendatea"}}, {"type": "Feature", "geometry": {"type": "Point", "coordinates": [-3.8507269, 43.0422522]}, "properties": {"climb_slug": "puerto-de-la-magdalena", "climb_name": "Puerto de la Magdalena", "country": "ES", "region": "Cantabria", "side": "from Vega de Pas", "category": "2", "length_km": 21.1, "elevation_gain_m": 681, "avg_grade_pct": 3.2, "max_grade_pct": 12.8, "summit_elevation_m": 1022, "summit_lat": 43.04225, "summit_lon": -3.85073, "start_lat": 43.16129, "start_lon": -3.82264, "wikidata_id": "Q16623222", "cycletrip_url": "https://cycletrip.pro/climbs/puerto-de-la-magdalena"}}, {"type": "Feature", "geometry": {"type": "Point", "coordinates": [11.7584819, 46.1476066]}, "properties": {"climb_slug": "passo-gobbera", "climb_name": "Passo Gobbera", "country": "IT", "region": "Dolomites", "side": "from Canal San Bovo", "category": "3", "length_km": 5.4, "elevation_gain_m": 259, "avg_grade_pct": 4.8, "max_grade_pct": 12.6, "summit_elevation_m": 989, "summit_lat": 46.14761, "summit_lon": 11.75848, "start_lat": 46.15468, "start_lon": 11.73347, "wikidata_id": "Q3897329", "cycletrip_url": "https://cycletrip.pro/climbs/passo-gobbera"}}, {"type": "Feature", "geometry": {"type": "Point", "coordinates": [11.7584819, 46.1476066]}, "properties": {"climb_slug": "passo-gobbera", "climb_name": "Passo Gobbera", "country": "IT", "region": "Dolomites", "side": "from Imer", "category": "2", "length_km": 5.8, "elevation_gain_m": 351, "avg_grade_pct": 6.1, "max_grade_pct": 13.2, "summit_elevation_m": 989, "summit_lat": 46.14761, "summit_lon": 11.75848, "start_lat": 46.1508, "start_lon": 11.79484, "wikidata_id": "Q3897329", "cycletrip_url": "https://cycletrip.pro/climbs/passo-gobbera"}}, {"type": "Feature", "geometry": {"type": "Point", "coordinates": [9.5841669, 45.8602299]}, "properties": {"climb_slug": "forcella-di-bura", "climb_name": "Forcella di Bura", "country": "IT", "region": "Lombardy", "side": "from Sant'Antonio Abbandonato", "category": "2", "length_km": 15.7, "elevation_gain_m": 583, "avg_grade_pct": 3.7, "max_grade_pct": 13.8, "summit_elevation_m": 884, "summit_lat": 45.86023, "summit_lon": 9.58417, "start_lat": 45.78686, "start_lon": 9.62961, "wikidata_id": "Q3747948", "cycletrip_url": "https://cycletrip.pro/climbs/forcella-di-bura"}}, {"type": "Feature", "geometry": {"type": "Point", "coordinates": [9.5841669, 45.8602299]}, "properties": {"climb_slug": "forcella-di-bura", "climb_name": "Forcella di Bura", "country": "IT", "region": "Lombardy", "side": "from Vedeseta", "category": "4", "length_km": 7.0, "elevation_gain_m": 219, "avg_grade_pct": 3.1, "max_grade_pct": 13.5, "summit_elevation_m": 884, "summit_lat": 45.86023, "summit_lon": 9.58417, "start_lat": 45.88584, "start_lon": 9.54121, "wikidata_id": "Q3747948", "cycletrip_url": "https://cycletrip.pro/climbs/forcella-di-bura"}}, {"type": "Feature", "geometry": {"type": "Point", "coordinates": [6.7619447, 47.9250281]}, "properties": {"climb_slug": "col-de-morbieux", "climb_name": "Col de Morbieux", "country": "FR", "region": "Vosges", "side": "from Ramonchamp", "category": "3", "length_km": 5.5, "elevation_gain_m": 333, "avg_grade_pct": 6.1, "max_grade_pct": 11.9, "summit_elevation_m": 791, "summit_lat": 47.92503, "summit_lon": 6.76194, "start_lat": 47.89474, "start_lon": 6.7359, "wikidata_id": "Q2982086", "cycletrip_url": "https://cycletrip.pro/climbs/col-de-morbieux"}}, {"type": "Feature", "geometry": {"type": "Point", "coordinates": [6.7619447, 47.9250281]}, "properties": {"climb_slug": "col-de-morbieux", "climb_name": "Col de Morbieux", "country": "FR", "region": "Vosges", "side": "from Saulxures-sur-Moselotte", "category": "2", "length_km": 5.4, "elevation_gain_m": 340, "avg_grade_pct": 6.3, "max_grade_pct": 11.1, "summit_elevation_m": 791, "summit_lat": 47.92503, "summit_lon": 6.76194, "start_lat": 47.9462, "start_lon": 6.76909, "wikidata_id": "Q2982086", "cycletrip_url": "https://cycletrip.pro/climbs/col-de-morbieux"}}, {"type": "Feature", "geometry": {"type": "Point", "coordinates": [-0.40397, 38.64155]}, "properties": {"climb_slug": "port-de-benifallim", "climb_name": "Port de Benifallim", "country": "ES", "region": "Costa Blanca", "side": "from Benifallim", "category": "3", "length_km": 6.5, "elevation_gain_m": 295, "avg_grade_pct": 4.5, "max_grade_pct": 9.4, "summit_elevation_m": 1015, "summit_lat": 38.64155, "summit_lon": -0.40397, "start_lat": 38.66654, "start_lon": -0.41675, "wikidata_id": "", "cycletrip_url": "https://cycletrip.pro/climbs/port-de-benifallim"}}, {"type": "Feature", "geometry": {"type": "Point", "coordinates": [-0.40397, 38.64155]}, "properties": {"climb_slug": "port-de-benifallim", "climb_name": "Port de Benifallim", "country": "ES", "region": "Costa Blanca", "side": "from Xixona / Jijona", "category": "2", "length_km": 22.2, "elevation_gain_m": 693, "avg_grade_pct": 3.1, "max_grade_pct": 10.1, "summit_elevation_m": 1015, "summit_lat": 38.64155, "summit_lon": -0.40397, "start_lat": 38.52487, "start_lon": -0.49574, "wikidata_id": "", "cycletrip_url": "https://cycletrip.pro/climbs/port-de-benifallim"}}, {"type": "Feature", "geometry": {"type": "Point", "coordinates": [9.4061773, 44.5849392]}, "properties": {"climb_slug": "valico-del-pescino", "climb_name": "Valico del Pescino", "country": "IT", "region": "Liguria", "side": "from Marsaglia", "category": "2", "length_km": 34.1, "elevation_gain_m": 851, "avg_grade_pct": 2.5, "max_grade_pct": 17.0, "summit_elevation_m": 1179, "summit_lat": 44.58494, "summit_lon": 9.40618, "start_lat": 44.70945, "start_lon": 9.38236, "wikidata_id": "Q4007959", "cycletrip_url": "https://cycletrip.pro/climbs/valico-del-pescino"}}, {"type": "Feature", "geometry": {"type": "Point", "coordinates": [9.4061773, 44.5849392]}, "properties": {"climb_slug": "valico-del-pescino", "climb_name": "Valico del Pescino", "country": "IT", "region": "Liguria", "side": "from Ottone", "category": "4", "length_km": 8.1, "elevation_gain_m": 189, "avg_grade_pct": 2.3, "max_grade_pct": 10.4, "summit_elevation_m": 1179, "summit_lat": 44.58494, "summit_lon": 9.40618, "start_lat": 44.59834, "start_lon": 9.37573, "wikidata_id": "Q4007959", "cycletrip_url": "https://cycletrip.pro/climbs/valico-del-pescino"}}, {"type": "Feature", "geometry": {"type": "Point", "coordinates": [-16.2798923, 28.5310121]}, "properties": {"climb_slug": "cruz-del-carmen", "climb_name": "Cruz del Carmen", "country": "ES", "region": "Canary Islands", "side": "from La Cuesta", "category": "2", "length_km": 11.0, "elevation_gain_m": 486, "avg_grade_pct": 4.4, "max_grade_pct": 13.6, "summit_elevation_m": "", "summit_lat": 28.53101, "summit_lon": -16.27989, "start_lat": 28.47763, "start_lon": -16.30714, "wikidata_id": "", "cycletrip_url": "https://cycletrip.pro/climbs/cruz-del-carmen"}}, {"type": "Feature", "geometry": {"type": "Point", "coordinates": [-16.2798923, 28.5310121]}, "properties": {"climb_slug": "cruz-del-carmen", "climb_name": "Cruz del Carmen", "country": "ES", "region": "Canary Islands", "side": "from La Fortaleza", "category": "3", "length_km": 4.4, "elevation_gain_m": 191, "avg_grade_pct": 4.4, "max_grade_pct": 14.1, "summit_elevation_m": "", "summit_lat": 28.53101, "summit_lon": -16.27989, "start_lat": 28.53346, "start_lon": -16.25151, "wikidata_id": "", "cycletrip_url": "https://cycletrip.pro/climbs/cruz-del-carmen"}}, {"type": "Feature", "geometry": {"type": "Point", "coordinates": [12.349266264221757, 43.899109293841]}, "properties": {"climb_slug": "cote-de-san-leo", "climb_name": "Côte de San Leo", "country": "IT", "region": "Northern Apennines", "side": "from Novafeltria", "category": "2", "length_km": 5.0, "elevation_gain_m": 325, "avg_grade_pct": 6.5, "max_grade_pct": 12.4, "summit_elevation_m": 531, "summit_lat": 43.89911, "summit_lon": 12.34927, "start_lat": 43.91961, "start_lon": 12.31372, "wikidata_id": "", "cycletrip_url": "https://cycletrip.pro/climbs/cote-de-san-leo"}}, {"type": "Feature", "geometry": {"type": "Point", "coordinates": [12.1696777, 46.006002]}, "properties": {"climb_slug": "passo-san-boldo", "climb_name": "Passo San Boldo", "country": "IT", "region": "Dolomites", "side": "from Corbanese", "category": "2", "length_km": 16.2, "elevation_gain_m": 579, "avg_grade_pct": 3.6, "max_grade_pct": 38.7, "summit_elevation_m": 706, "summit_lat": 46.006, "summit_lon": 12.16968, "start_lat": 45.94553, "start_lon": 12.23973, "wikidata_id": "Q682359", "cycletrip_url": "https://cycletrip.pro/climbs/passo-san-boldo"}}, {"type": "Feature", "geometry": {"type": "Point", "coordinates": [12.1696777, 46.006002]}, "properties": {"climb_slug": "passo-san-boldo", "climb_name": "Passo San Boldo", "country": "IT", "region": "Dolomites", "side": "from Trichiana", "category": "3", "length_km": 10.9, "elevation_gain_m": 381, "avg_grade_pct": 3.5, "max_grade_pct": 8.8, "summit_elevation_m": 706, "summit_lat": 46.006, "summit_lon": 12.16968, "start_lat": 46.07797, "start_lon": 12.1366, "wikidata_id": "Q682359", "cycletrip_url": "https://cycletrip.pro/climbs/passo-san-boldo"}}, {"type": "Feature", "geometry": {"type": "Point", "coordinates": [2.90106, 39.85559]}, "properties": {"climb_slug": "coll-de-femenia", "climb_name": "Coll de Femenia", "country": "ES", "region": "Mallorca", "side": "from Pollença", "category": "2", "length_km": 9.4, "elevation_gain_m": 440, "avg_grade_pct": 4.7, "max_grade_pct": 10.7, "summit_elevation_m": 515, "summit_lat": 39.85559, "summit_lon": 2.90106, "start_lat": 39.86775, "start_lon": 2.97116, "wikidata_id": "", "cycletrip_url": "https://cycletrip.pro/climbs/coll-de-femenia"}}, {"type": "Feature", "geometry": {"type": "Point", "coordinates": [4.4572904, 45.253263]}, "properties": {"climb_slug": "col-du-tracol", "climb_name": "Col du Tracol", "country": "FR", "region": "Massif Central", "side": "from Bourg-Argental", "category": "2", "length_km": 12.3, "elevation_gain_m": 499, "avg_grade_pct": 4.1, "max_grade_pct": 8.4, "summit_elevation_m": 1030, "summit_lat": 45.25326, "summit_lon": 4.45729, "start_lat": 45.29736, "start_lon": 4.5661, "wikidata_id": "Q2982323", "cycletrip_url": "https://cycletrip.pro/climbs/col-du-tracol"}}, {"type": "Feature", "geometry": {"type": "Point", "coordinates": [4.4572904, 45.253263]}, "properties": {"climb_slug": "col-du-tracol", "climb_name": "Col du Tracol", "country": "FR", "region": "Massif Central", "side": "from Dunières", "category": "4", "length_km": 9.1, "elevation_gain_m": 222, "avg_grade_pct": 2.4, "max_grade_pct": 8.8, "summit_elevation_m": 1030, "summit_lat": 45.25326, "summit_lon": 4.45729, "start_lat": 45.20991, "start_lon": 4.37564, "wikidata_id": "Q2982323", "cycletrip_url": "https://cycletrip.pro/climbs/col-du-tracol"}}, {"type": "Feature", "geometry": {"type": "Point", "coordinates": [-3.17061, 43.29999]}, "properties": {"climb_slug": "puerto-de-las-munecas", "climb_name": "Puerto de Las Muñecas", "country": "ES", "region": "Basque Country", "side": "from Castro-Urdiales", "category": "3", "length_km": 6.5, "elevation_gain_m": 304, "avg_grade_pct": 4.7, "max_grade_pct": 12.3, "summit_elevation_m": 410, "summit_lat": 43.29999, "summit_lon": -3.17061, "start_lat": 43.33638, "start_lon": -3.20313, "wikidata_id": "", "cycletrip_url": "https://cycletrip.pro/climbs/puerto-de-las-munecas"}}, {"type": "Feature", "geometry": {"type": "Point", "coordinates": [-3.17061, 43.29999]}, "properties": {"climb_slug": "puerto-de-las-munecas", "climb_name": "Puerto de Las Muñecas", "country": "ES", "region": "Basque Country", "side": "from La Baluga", "category": "2", "length_km": 4.1, "elevation_gain_m": 289, "avg_grade_pct": 7.1, "max_grade_pct": 12.2, "summit_elevation_m": 410, "summit_lat": 43.29999, "summit_lon": -3.17061, "start_lat": 43.27572, "start_lon": -3.15774, "wikidata_id": "", "cycletrip_url": "https://cycletrip.pro/climbs/puerto-de-las-munecas"}}, {"type": "Feature", "geometry": {"type": "Point", "coordinates": [6.890907, 47.9158809]}, "properties": {"climb_slug": "col-du-page", "climb_name": "Col du Page", "country": "FR", "region": "Vosges", "side": "from Bussang", "category": "4", "length_km": 4.5, "elevation_gain_m": 154, "avg_grade_pct": 3.4, "max_grade_pct": 12.2, "summit_elevation_m": 957, "summit_lat": 47.91588, "summit_lon": 6.89091, "start_lat": 47.89749, "start_lon": 6.85937, "wikidata_id": "Q2361562", "cycletrip_url": "https://cycletrip.pro/climbs/col-du-page"}}, {"type": "Feature", "geometry": {"type": "Point", "coordinates": [6.890907, 47.9158809]}, "properties": {"climb_slug": "col-du-page", "climb_name": "Col du Page", "country": "FR", "region": "Vosges", "side": "from Cornimont", "category": "2", "length_km": 10.2, "elevation_gain_m": 462, "avg_grade_pct": 4.5, "max_grade_pct": 11.1, "summit_elevation_m": 957, "summit_lat": 47.91588, "summit_lon": 6.89091, "start_lat": 47.95587, "start_lon": 6.82607, "wikidata_id": "Q2361562", "cycletrip_url": "https://cycletrip.pro/climbs/col-du-page"}}, {"type": "Feature", "geometry": {"type": "Point", "coordinates": [10.0561903, 46.4409411]}, "properties": {"climb_slug": "passo-forcola-di-livigno", "climb_name": "Passo Forcola di Livigno", "country": "IT", "region": "Lombardy", "side": "from Livigno", "category": "2", "length_km": 8.6, "elevation_gain_m": 421, "avg_grade_pct": 4.9, "max_grade_pct": 10.0, "summit_elevation_m": 2315, "summit_lat": 46.44094, "summit_lon": 10.05619, "start_lat": 46.49218, "start_lon": 10.11483, "wikidata_id": "Q649544", "cycletrip_url": "https://cycletrip.pro/climbs/passo-forcola-di-livigno"}}, {"type": "Feature", "geometry": {"type": "Point", "coordinates": [10.0561903, 46.4409411]}, "properties": {"climb_slug": "passo-forcola-di-livigno", "climb_name": "Passo Forcola di Livigno", "country": "IT", "region": "Lombardy", "side": "from Poschiavo", "category": "3", "length_km": 3.5, "elevation_gain_m": 253, "avg_grade_pct": 7.2, "max_grade_pct": 15.7, "summit_elevation_m": 2315, "summit_lat": 46.44094, "summit_lon": 10.05619, "start_lat": 46.41478, "start_lon": 10.05013, "wikidata_id": "Q649544", "cycletrip_url": "https://cycletrip.pro/climbs/passo-forcola-di-livigno"}}, {"type": "Feature", "geometry": {"type": "Point", "coordinates": [-3.7168863648146213, 43.22538583482692]}, "properties": {"climb_slug": "alto-del-caracol", "climb_name": "Alto del Caracol", "country": "ES", "region": "Cantabria", "side": "from Liérganes", "category": "2", "length_km": 18.9, "elevation_gain_m": 622, "avg_grade_pct": 3.3, "max_grade_pct": 12.2, "summit_elevation_m": 727, "summit_lat": 43.22539, "summit_lon": -3.71689, "start_lat": 43.32341, "start_lon": -3.74163, "wikidata_id": "", "cycletrip_url": "https://cycletrip.pro/climbs/alto-del-caracol"}}, {"type": "Feature", "geometry": {"type": "Point", "coordinates": [2.73134, 39.72723]}, "properties": {"climb_slug": "coll-dhonor", "climb_name": "Coll d'Honor", "country": "ES", "region": "Mallorca", "side": "from Palmanyola", "category": "2", "length_km": 7.3, "elevation_gain_m": 389, "avg_grade_pct": 5.3, "max_grade_pct": 8.8, "summit_elevation_m": 550, "summit_lat": 39.72723, "summit_lon": 2.73134, "start_lat": 39.69475, "start_lon": 2.68675, "wikidata_id": "", "cycletrip_url": "https://cycletrip.pro/climbs/coll-dhonor"}}, {"type": "Feature", "geometry": {"type": "Point", "coordinates": [6.742409, 47.7913262]}, "properties": {"climb_slug": "col-des-chevr-res", "climb_name": "Col des Chevrères", "country": "FR", "region": "Vosges", "side": "from Belonchamp", "category": "3", "length_km": 16.6, "elevation_gain_m": 583, "avg_grade_pct": 3.5, "max_grade_pct": 12.2, "summit_elevation_m": 916, "summit_lat": 47.79133, "summit_lon": 6.74241, "start_lat": 47.76367, "start_lon": 6.61156, "wikidata_id": "Q17461950", "cycletrip_url": "https://cycletrip.pro/climbs/col-des-chevr-res"}}, {"type": "Feature", "geometry": {"type": "Point", "coordinates": [1.0901254, 42.054442]}, "properties": {"climb_slug": "coll-de-comiols", "climb_name": "Coll de Comiols", "country": "ES", "region": "Southern Pyrenees", "side": "from Artesa de Segre", "category": "3", "length_km": 7.4, "elevation_gain_m": 374, "avg_grade_pct": 5.1, "max_grade_pct": 11.7, "summit_elevation_m": 1101, "summit_lat": 42.05444, "summit_lon": 1.09013, "start_lat": 42.01358, "start_lon": 1.11381, "wikidata_id": "Q11914488", "cycletrip_url": "https://cycletrip.pro/climbs/coll-de-comiols"}}, {"type": "Feature", "geometry": {"type": "Point", "coordinates": [1.0901254, 42.054442]}, "properties": {"climb_slug": "coll-de-comiols", "climb_name": "Coll de Comiols", "country": "ES", "region": "Southern Pyrenees", "side": "from Tremp", "category": "3", "length_km": 21.1, "elevation_gain_m": 646, "avg_grade_pct": 3.1, "max_grade_pct": 10.1, "summit_elevation_m": 1101, "summit_lat": 42.05444, "summit_lon": 1.09013, "start_lat": 42.13428, "start_lon": 0.95034, "wikidata_id": "Q11914488", "cycletrip_url": "https://cycletrip.pro/climbs/coll-de-comiols"}}, {"type": "Feature", "geometry": {"type": "Point", "coordinates": [10.4849879, 46.8950995]}, "properties": {"climb_slug": "norbertsh-he", "climb_name": "Norbertshöhe", "country": "IT", "region": null, "side": "from Martina", "category": "3", "length_km": 6.9, "elevation_gain_m": 374, "avg_grade_pct": 5.4, "max_grade_pct": 10.1, "summit_elevation_m": 1405, "summit_lat": 46.8951, "summit_lon": 10.48499, "start_lat": 46.87725, "start_lon": 10.45791, "wikidata_id": "Q1446398", "cycletrip_url": "https://cycletrip.pro/climbs/norbertsh-he"}}, {"type": "Feature", "geometry": {"type": "Point", "coordinates": [-3.1920725, 43.0241966]}, "properties": {"climb_slug": "pe-a-angulo", "climb_name": "Peña Angulo", "country": "FR", "region": null, "side": "from Artziniega", "category": "3", "length_km": 13.9, "elevation_gain_m": 521, "avg_grade_pct": 3.8, "max_grade_pct": 13.6, "summit_elevation_m": 725, "summit_lat": 43.0242, "summit_lon": -3.19207, "start_lat": 43.11891, "start_lon": -3.13801, "wikidata_id": "Q18092491", "cycletrip_url": "https://cycletrip.pro/climbs/pe-a-angulo"}}, {"type": "Feature", "geometry": {"type": "Point", "coordinates": [-3.7971306, 43.1773208]}, "properties": {"climb_slug": "la-bragu-a", "climb_name": "La Braguía", "country": "ES", "region": "Cantabria", "side": "from Vega de Pas", "category": "3", "length_km": 6.7, "elevation_gain_m": 351, "avg_grade_pct": 5.2, "max_grade_pct": 11.9, "summit_elevation_m": 720, "summit_lat": 43.17732, "summit_lon": -3.79713, "start_lat": 43.15641, "start_lon": -3.78328, "wikidata_id": "Q108623772", "cycletrip_url": "https://cycletrip.pro/climbs/la-bragu-a"}}, {"type": "Feature", "geometry": {"type": "Point", "coordinates": [-3.7971306, 43.1773208]}, "properties": {"climb_slug": "la-bragu-a", "climb_name": "La Braguía", "country": "ES", "region": "Cantabria", "side": "from Villafufre", "category": "3", "length_km": 16.3, "elevation_gain_m": 565, "avg_grade_pct": 3.5, "max_grade_pct": 10.1, "summit_elevation_m": 720, "summit_lat": 43.17732, "summit_lon": -3.79713, "start_lat": 43.26309, "start_lon": -3.8501, "wikidata_id": "Q108623772", "cycletrip_url": "https://cycletrip.pro/climbs/la-bragu-a"}}, {"type": "Feature", "geometry": {"type": "Point", "coordinates": [6.4640039, 43.8654587]}, "properties": {"climb_slug": "col-des-l-ques", "climb_name": "Col des Lèques", "country": "FR", "region": "French Alps", "side": "from Castellane", "category": "3", "length_km": 9.0, "elevation_gain_m": 421, "avg_grade_pct": 4.7, "max_grade_pct": 11.2, "summit_elevation_m": 1148, "summit_lat": 43.86546, "summit_lon": 6.464, "start_lat": 43.84648, "start_lon": 6.51255, "wikidata_id": "Q2982222", "cycletrip_url": "https://cycletrip.pro/climbs/col-des-l-ques"}}, {"type": "Feature", "geometry": {"type": "Point", "coordinates": [6.4640039, 43.8654587]}, "properties": {"climb_slug": "col-des-l-ques", "climb_name": "Col des Lèques", "country": "FR", "region": "French Alps", "side": "from Senez", "category": "3", "length_km": 7.8, "elevation_gain_m": 338, "avg_grade_pct": 4.3, "max_grade_pct": 13.4, "summit_elevation_m": 1148, "summit_lat": 43.86546, "summit_lon": 6.464, "start_lat": 43.90177, "start_lon": 6.41843, "wikidata_id": "Q2982222", "cycletrip_url": "https://cycletrip.pro/climbs/col-des-l-ques"}}, {"type": "Feature", "geometry": {"type": "Point", "coordinates": [5.8511242, 46.5426189]}, "properties": {"climb_slug": "col-de-la-joux", "climb_name": "Col de la Joux", "country": "FR", "region": "Jura", "side": "from Clairvaux-les-Lacs", "category": "3", "length_km": 11.8, "elevation_gain_m": 487, "avg_grade_pct": 4.1, "max_grade_pct": 12.7, "summit_elevation_m": "", "summit_lat": 46.54262, "summit_lon": 5.85112, "start_lat": 46.57349, "start_lon": 5.75972, "wikidata_id": "", "cycletrip_url": "https://cycletrip.pro/climbs/col-de-la-joux"}}, {"type": "Feature", "geometry": {"type": "Point", "coordinates": [11.3384155, 44.1729133]}, "properties": {"climb_slug": "passo-della-raticosa", "climb_name": "Passo della Raticosa", "country": "IT", "region": "Tuscany", "side": "from Pian di Macina", "category": "3", "length_km": 34.1, "elevation_gain_m": 805, "avg_grade_pct": 2.4, "max_grade_pct": 15.3, "summit_elevation_m": 968, "summit_lat": 44.17291, "summit_lon": 11.33842, "start_lat": 44.38281, "start_lon": 11.33618, "wikidata_id": "Q3897403", "cycletrip_url": "https://cycletrip.pro/climbs/passo-della-raticosa"}}, {"type": "Feature", "geometry": {"type": "Point", "coordinates": [-0.29883, 38.69734]}, "properties": {"climb_slug": "port-de-confrides", "climb_name": "Port de Confrides", "country": "ES", "region": "Costa Blanca", "side": "from Benilloba", "category": "3", "length_km": 10.6, "elevation_gain_m": 456, "avg_grade_pct": 4.3, "max_grade_pct": 12.9, "summit_elevation_m": 966, "summit_lat": 38.69734, "summit_lon": -0.29883, "start_lat": 38.6995, "start_lon": -0.3919, "wikidata_id": "", "cycletrip_url": "https://cycletrip.pro/climbs/port-de-confrides"}}, {"type": "Feature", "geometry": {"type": "Point", "coordinates": [-0.29883, 38.69734]}, "properties": {"climb_slug": "port-de-confrides", "climb_name": "Port de Confrides", "country": "ES", "region": "Costa Blanca", "side": "from Benimantell", "category": "3", "length_km": 12.1, "elevation_gain_m": 401, "avg_grade_pct": 3.3, "max_grade_pct": 8.9, "summit_elevation_m": 966, "summit_lat": 38.69734, "summit_lon": -0.29883, "start_lat": 38.67615, "start_lon": -0.21323, "wikidata_id": "", "cycletrip_url": "https://cycletrip.pro/climbs/port-de-confrides"}}, {"type": "Feature", "geometry": {"type": "Point", "coordinates": [0.6164640405287292, 42.46560653555693]}, "properties": {"climb_slug": "coll-de-l-espina", "climb_name": "Coll de L'Espina", "country": "ES", "region": "Southern Pyrenees", "side": "from Montanuy / Montanui", "category": "3", "length_km": 11.1, "elevation_gain_m": 466, "avg_grade_pct": 4.2, "max_grade_pct": 10.1, "summit_elevation_m": 1409, "summit_lat": 42.46561, "summit_lon": 0.61646, "start_lat": 42.43964, "start_lon": 0.7022, "wikidata_id": "", "cycletrip_url": "https://cycletrip.pro/climbs/coll-de-l-espina"}}, {"type": "Feature", "geometry": {"type": "Point", "coordinates": [0.7980344, 42.1561484]}, "properties": {"climb_slug": "coll-de-montllobar", "climb_name": "Coll de Montllobar", "country": "ES", "region": "Southern Pyrenees", "side": "from Talarn", "category": "3", "length_km": 12.8, "elevation_gain_m": 500, "avg_grade_pct": 3.9, "max_grade_pct": 16.2, "summit_elevation_m": 962, "summit_lat": 42.15615, "summit_lon": 0.79803, "start_lat": 42.15692, "start_lon": 0.8977, "wikidata_id": "Q11914507", "cycletrip_url": "https://cycletrip.pro/climbs/coll-de-montllobar"}}, {"type": "Feature", "geometry": {"type": "Point", "coordinates": [19.98061, 49.39048]}, "properties": {"climb_slug": "pitoniowka", "climb_name": "Pitoniówka", "country": "PL", "region": "Podhale", "side": "from Bańska Niżna", "category": "3", "length_km": 2.3, "elevation_gain_m": 210, "avg_grade_pct": 9.2, "max_grade_pct": 14.4, "summit_elevation_m": 877, "summit_lat": 49.39048, "summit_lon": 19.98061, "start_lat": 49.40992, "start_lon": 19.97969, "wikidata_id": "", "cycletrip_url": "https://cycletrip.pro/climbs/pitoniowka"}}, {"type": "Feature", "geometry": {"type": "Point", "coordinates": [-0.05948, 38.72361]}, "properties": {"climb_slug": "coll-de-rates", "climb_name": "Coll de Rates", "country": "ES", "region": "Costa Blanca", "side": "from Orba", "category": "3", "length_km": 14.2, "elevation_gain_m": 520, "avg_grade_pct": 3.7, "max_grade_pct": 13.4, "summit_elevation_m": 632, "summit_lat": 38.72361, "summit_lon": -0.05948, "start_lat": 38.79269, "start_lon": -0.06989, "wikidata_id": "", "cycletrip_url": "https://cycletrip.pro/climbs/coll-de-rates"}}, {"type": "Feature", "geometry": {"type": "Point", "coordinates": [2.9666127, 45.6822639]}, "properties": {"climb_slug": "col-de-la-ventouse", "climb_name": "Col de la Ventouse", "country": "FR", "region": "Massif Central", "side": "from Beaumont", "category": "3", "length_km": 15.7, "elevation_gain_m": 553, "avg_grade_pct": 3.5, "max_grade_pct": 8.1, "summit_elevation_m": 964, "summit_lat": 45.68226, "summit_lon": 2.96661, "start_lat": 45.74697, "start_lon": 3.09236, "wikidata_id": "Q2982203", "cycletrip_url": "https://cycletrip.pro/climbs/col-de-la-ventouse"}}, {"type": "Feature", "geometry": {"type": "Point", "coordinates": [2.9666127, 45.6822639]}, "properties": {"climb_slug": "col-de-la-ventouse", "climb_name": "Col de la Ventouse", "country": "FR", "region": "Massif Central", "side": "from Nébouzat", "category": "4", "length_km": 8.9, "elevation_gain_m": 155, "avg_grade_pct": 1.8, "max_grade_pct": 6.7, "summit_elevation_m": 964, "summit_lat": 45.68226, "summit_lon": 2.96661, "start_lat": 45.72751, "start_lon": 2.88974, "wikidata_id": "Q2982203", "cycletrip_url": "https://cycletrip.pro/climbs/col-de-la-ventouse"}}, {"type": "Feature", "geometry": {"type": "Point", "coordinates": [14.94377, 37.9782]}, "properties": {"climb_slug": "portella-dello-zoppo", "climb_name": "Portella dello Zoppo", "country": "IT", "region": "Sicily", "side": "from Murazzo Rotto", "category": "3", "length_km": 15.7, "elevation_gain_m": 544, "avg_grade_pct": 3.5, "max_grade_pct": 8.7, "summit_elevation_m": 1263, "summit_lat": 37.9782, "summit_lon": 14.94377, "start_lat": 37.88129, "start_lon": 14.95038, "wikidata_id": "", "cycletrip_url": "https://cycletrip.pro/climbs/portella-dello-zoppo"}}, {"type": "Feature", "geometry": {"type": "Point", "coordinates": [14.94377, 37.9782]}, "properties": {"climb_slug": "portella-dello-zoppo", "climb_name": "Portella dello Zoppo", "country": "IT", "region": "Sicily", "side": "from San Giorgio", "category": "3", "length_km": 30.3, "elevation_gain_m": 619, "avg_grade_pct": 2.0, "max_grade_pct": 11.2, "summit_elevation_m": 1263, "summit_lat": 37.9782, "summit_lon": 14.94377, "start_lat": 38.0838, "start_lon": 14.80739, "wikidata_id": "", "cycletrip_url": "https://cycletrip.pro/climbs/portella-dello-zoppo"}}, {"type": "Feature", "geometry": {"type": "Point", "coordinates": [1.8108423, 42.5596188]}, "properties": {"climb_slug": "col-de-puymorens", "climb_name": "Col de Puymorens", "country": "FR", "region": "Pyrenees", "side": "from L'Hospitalet-près-l'Andorre", "category": "3", "length_km": 8.0, "elevation_gain_m": 390, "avg_grade_pct": 4.9, "max_grade_pct": 7.6, "summit_elevation_m": 1915, "summit_lat": 42.55962, "summit_lon": 1.81084, "start_lat": 42.57901, "start_lon": 1.79303, "wikidata_id": "Q1607720", "cycletrip_url": "https://cycletrip.pro/climbs/col-de-puymorens"}}, {"type": "Feature", "geometry": {"type": "Point", "coordinates": [1.8108423, 42.5596188]}, "properties": {"climb_slug": "col-de-puymorens", "climb_name": "Col de Puymorens", "country": "FR", "region": "Pyrenees", "side": "from Porta", "category": "3", "length_km": 7.7, "elevation_gain_m": 358, "avg_grade_pct": 4.7, "max_grade_pct": 8.2, "summit_elevation_m": 1915, "summit_lat": 42.55962, "summit_lon": 1.81084, "start_lat": 42.53774, "start_lon": 1.82463, "wikidata_id": "Q1607720", "cycletrip_url": "https://cycletrip.pro/climbs/col-de-puymorens"}}, {"type": "Feature", "geometry": {"type": "Point", "coordinates": [13.5781717, 46.418553]}, "properties": {"climb_slug": "predel-passo-del-predil", "climb_name": "Predel / Passo del Predil", "country": "IT", "region": "Friuli", "side": "from Kobarid", "category": "3", "length_km": 36.3, "elevation_gain_m": 841, "avg_grade_pct": 2.3, "max_grade_pct": 13.4, "summit_elevation_m": 1156, "summit_lat": 46.41855, "summit_lon": 13.57817, "start_lat": 46.25661, "start_lon": 13.58323, "wikidata_id": "Q1754407", "cycletrip_url": "https://cycletrip.pro/climbs/predel-passo-del-predil"}}, {"type": "Feature", "geometry": {"type": "Point", "coordinates": [13.5781717, 46.418553]}, "properties": {"climb_slug": "predel-passo-del-predil", "climb_name": "Predel / Passo del Predil", "country": "IT", "region": "Friuli", "side": "from Tarvisio / Tarvis / Trbiž", "category": "3", "length_km": 13.4, "elevation_gain_m": 452, "avg_grade_pct": 3.4, "max_grade_pct": 13.7, "summit_elevation_m": 1156, "summit_lat": 46.41855, "summit_lon": 13.57817, "start_lat": 46.50304, "start_lon": 13.59432, "wikidata_id": "Q1754407", "cycletrip_url": "https://cycletrip.pro/climbs/predel-passo-del-predil"}}, {"type": "Feature", "geometry": {"type": "Point", "coordinates": [-3.9624345, 40.8232691]}, "properties": {"climb_slug": "puerto-de-cotos", "climb_name": "Puerto de Cotos", "country": "ES", "region": "Sierra de Guadarrama", "side": "from Gargantilla del Lozoya y Pinilla de Buitrago", "category": "3", "length_km": 33.3, "elevation_gain_m": 805, "avg_grade_pct": 2.4, "max_grade_pct": 10.5, "summit_elevation_m": 1830, "summit_lat": 40.82327, "summit_lon": -3.96243, "start_lat": 40.94353, "start_lon": -3.71733, "wikidata_id": "Q3925446", "cycletrip_url": "https://cycletrip.pro/climbs/puerto-de-cotos"}}, {"type": "Feature", "geometry": {"type": "Point", "coordinates": [10.253082, 46.552711]}, "properties": {"climb_slug": "passo-di-fraele", "climb_name": "Passo di Fraele", "country": "IT", "region": "Lombardy", "side": "from Premadio", "category": "3", "length_km": 18.7, "elevation_gain_m": 589, "avg_grade_pct": 3.2, "max_grade_pct": 12.9, "summit_elevation_m": 1952, "summit_lat": 46.55271, "summit_lon": 10.25308, "start_lat": 46.48569, "start_lon": 10.34219, "wikidata_id": "Q2056143", "cycletrip_url": "https://cycletrip.pro/climbs/passo-di-fraele"}}, {"type": "Feature", "geometry": {"type": "Point", "coordinates": [-0.1976303100848291, 42.95270343669494]}, "properties": {"climb_slug": "col-des-borderes", "climb_name": "Col des Bordères", "country": "FR", "region": "Pyrenees", "side": "from Arrens-Marsous", "category": "3", "length_km": 3.9, "elevation_gain_m": 274, "avg_grade_pct": 7.0, "max_grade_pct": 13.3, "summit_elevation_m": 1151, "summit_lat": 42.9527, "summit_lon": -0.19763, "start_lat": 42.95507, "start_lon": -0.21391, "wikidata_id": "", "cycletrip_url": "https://cycletrip.pro/climbs/col-des-borderes"}}, {"type": "Feature", "geometry": {"type": "Point", "coordinates": [-0.1976303100848291, 42.95270343669494]}, "properties": {"climb_slug": "col-des-borderes", "climb_name": "Col des Bordères", "country": "FR", "region": "Pyrenees", "side": "from Estaing", "category": "3", "length_km": 2.8, "elevation_gain_m": 161, "avg_grade_pct": 5.8, "max_grade_pct": 11.8, "summit_elevation_m": 1151, "summit_lat": 42.9527, "summit_lon": -0.19763, "start_lat": 42.93974, "start_lon": -0.17858, "wikidata_id": "", "cycletrip_url": "https://cycletrip.pro/climbs/col-des-borderes"}}, {"type": "Feature", "geometry": {"type": "Point", "coordinates": [7.9520538, 44.0102229]}, "properties": {"climb_slug": "colle-san-bartolomeo", "climb_name": "Colle San Bartolomeo", "country": "IT", "region": "Liguria", "side": "from Calderara", "category": "3", "length_km": 4.6, "elevation_gain_m": 292, "avg_grade_pct": 6.4, "max_grade_pct": 10.1, "summit_elevation_m": 625, "summit_lat": 44.01022, "summit_lon": 7.95205, "start_lat": 44.03035, "start_lon": 7.9395, "wikidata_id": "Q3682745", "cycletrip_url": "https://cycletrip.pro/climbs/colle-san-bartolomeo"}}, {"type": "Feature", "geometry": {"type": "Point", "coordinates": [7.9520538, 44.0102229]}, "properties": {"climb_slug": "colle-san-bartolomeo", "climb_name": "Colle San Bartolomeo", "country": "IT", "region": "Liguria", "side": "from Vessalico", "category": "3", "length_km": 9.8, "elevation_gain_m": 427, "avg_grade_pct": 4.4, "max_grade_pct": 14.0, "summit_elevation_m": 625, "summit_lat": 44.01022, "summit_lon": 7.95205, "start_lat": 44.04367, "start_lon": 7.95817, "wikidata_id": "Q3682745", "cycletrip_url": "https://cycletrip.pro/climbs/colle-san-bartolomeo"}}, {"type": "Feature", "geometry": {"type": "Point", "coordinates": [1.0984711, 42.1372562]}, "properties": {"climb_slug": "pas-de-finestres", "climb_name": "Pas de Finestres", "country": "ES", "region": "Southern Pyrenees", "side": "from Isona", "category": "3", "length_km": 8.9, "elevation_gain_m": 410, "avg_grade_pct": 4.6, "max_grade_pct": 10.6, "summit_elevation_m": 1045, "summit_lat": 42.13726, "summit_lon": 1.09847, "start_lat": 42.115, "start_lon": 1.05347, "wikidata_id": "Q11940375", "cycletrip_url": "https://cycletrip.pro/climbs/pas-de-finestres"}}, {"type": "Feature", "geometry": {"type": "Point", "coordinates": [8.7343823, 42.0221107]}, "properties": {"climb_slug": "bocca-san-bastiano", "climb_name": "Bocca San Bastiano", "country": "FR", "region": "Corsica", "side": "from Appietto", "category": "3", "length_km": 3.6, "elevation_gain_m": 198, "avg_grade_pct": 5.5, "max_grade_pct": 10.2, "summit_elevation_m": "", "summit_lat": 42.02211, "summit_lon": 8.73438, "start_lat": 42.00622, "start_lon": 8.74508, "wikidata_id": "", "cycletrip_url": "https://cycletrip.pro/climbs/bocca-san-bastiano"}}, {"type": "Feature", "geometry": {"type": "Point", "coordinates": [8.7343823, 42.0221107]}, "properties": {"climb_slug": "bocca-san-bastiano", "climb_name": "Bocca San Bastiano", "country": "FR", "region": "Corsica", "side": "from Calcatoggio / Calcatoghju", "category": "3", "length_km": 8.1, "elevation_gain_m": 390, "avg_grade_pct": 4.8, "max_grade_pct": 8.5, "summit_elevation_m": "", "summit_lat": 42.02211, "summit_lon": 8.73438, "start_lat": 42.05413, "start_lon": 8.74475, "wikidata_id": "", "cycletrip_url": "https://cycletrip.pro/climbs/bocca-san-bastiano"}}, {"type": "Feature", "geometry": {"type": "Point", "coordinates": [-3.5851, 43.20549]}, "properties": {"climb_slug": "mirador-del-ason", "climb_name": "Mirador del Asón", "country": "ES", "region": "Cantabria", "side": "from Arredondo", "category": "3", "length_km": 6.9, "elevation_gain_m": 358, "avg_grade_pct": 5.2, "max_grade_pct": 12.4, "summit_elevation_m": "", "summit_lat": 43.20549, "summit_lon": -3.5851, "start_lat": 43.25667, "start_lon": -3.60659, "wikidata_id": "", "cycletrip_url": "https://cycletrip.pro/climbs/mirador-del-ason"}}, {"type": "Feature", "geometry": {"type": "Point", "coordinates": [5.6260552, 44.9064682]}, "properties": {"climb_slug": "col-du-fau", "climb_name": "Col du Fau", "country": "FR", "region": "French Alps", "side": "from Saint-Martin-de-Clelles", "category": "4", "length_km": 9.3, "elevation_gain_m": 154, "avg_grade_pct": 1.7, "max_grade_pct": 10.0, "summit_elevation_m": 899, "summit_lat": 44.90647, "summit_lon": 5.62606, "start_lat": 44.85256, "start_lon": 5.62017, "wikidata_id": "Q2982263", "cycletrip_url": "https://cycletrip.pro/climbs/col-du-fau"}}, {"type": "Feature", "geometry": {"type": "Point", "coordinates": [5.6260552, 44.9064682]}, "properties": {"climb_slug": "col-du-fau", "climb_name": "Col du Fau", "country": "FR", "region": "French Alps", "side": "from Vif", "category": "3", "length_km": 18.1, "elevation_gain_m": 581, "avg_grade_pct": 3.2, "max_grade_pct": 7.5, "summit_elevation_m": 899, "summit_lat": 44.90647, "summit_lon": 5.62606, "start_lat": 45.04876, "start_lon": 5.66876, "wikidata_id": "Q2982263", "cycletrip_url": "https://cycletrip.pro/climbs/col-du-fau"}}, {"type": "Feature", "geometry": {"type": "Point", "coordinates": [16.81359, 50.26403]}, "properties": {"climb_slug": "puchaczowka", "climb_name": "Puchaczówka", "country": "PL", "region": "Kotlina Kłodzka", "side": "from Bystrzyca Kłodzka", "category": "3", "length_km": 14.0, "elevation_gain_m": 476, "avg_grade_pct": 3.4, "max_grade_pct": 12.7, "summit_elevation_m": 862, "summit_lat": 50.26403, "summit_lon": 16.81359, "start_lat": 50.29173, "start_lon": 16.66301, "wikidata_id": "", "cycletrip_url": "https://cycletrip.pro/climbs/puchaczowka"}}, {"type": "Feature", "geometry": {"type": "Point", "coordinates": [16.81359, 50.26403]}, "properties": {"climb_slug": "puchaczowka", "climb_name": "Puchaczówka", "country": "PL", "region": "Kotlina Kłodzka", "side": "from Stronie Śląskie", "category": "3", "length_km": 7.7, "elevation_gain_m": 374, "avg_grade_pct": 4.9, "max_grade_pct": 10.5, "summit_elevation_m": 862, "summit_lat": 50.26403, "summit_lon": 16.81359, "start_lat": 50.30085, "start_lon": 16.87454, "wikidata_id": "", "cycletrip_url": "https://cycletrip.pro/climbs/puchaczowka"}}, {"type": "Feature", "geometry": {"type": "Point", "coordinates": [6.4825365, 45.9255856]}, "properties": {"climb_slug": "col-des-confins", "climb_name": "Col des Confins", "country": "FR", "region": "French Alps", "side": "from La Clusaz", "category": "3", "length_km": 6.1, "elevation_gain_m": 335, "avg_grade_pct": 5.5, "max_grade_pct": 11.0, "summit_elevation_m": 1425, "summit_lat": 45.92559, "summit_lon": 6.48254, "start_lat": 45.90546, "start_lon": 6.43379, "wikidata_id": "Q106437095", "cycletrip_url": "https://cycletrip.pro/climbs/col-des-confins"}}, {"type": "Feature", "geometry": {"type": "Point", "coordinates": [19.91149, 49.30356]}, "properties": {"climb_slug": "gubalowka", "climb_name": "Gubałówka", "country": "PL", "region": "Podhale", "side": "from Dzianisz", "category": "3", "length_km": 5.0, "elevation_gain_m": 250, "avg_grade_pct": 5.0, "max_grade_pct": 9.8, "summit_elevation_m": 1130, "summit_lat": 49.30356, "summit_lon": 19.91149, "start_lat": 49.3312, "start_lon": 19.8674, "wikidata_id": "", "cycletrip_url": "https://cycletrip.pro/climbs/gubalowka"}}, {"type": "Feature", "geometry": {"type": "Point", "coordinates": [19.91149, 49.30356]}, "properties": {"climb_slug": "gubalowka", "climb_name": "Gubałówka", "country": "PL", "region": "Podhale", "side": "from Kościelisko", "category": "3", "length_km": 1.8, "elevation_gain_m": 172, "avg_grade_pct": 9.6, "max_grade_pct": 14.1, "summit_elevation_m": 1130, "summit_lat": 49.30356, "summit_lon": 19.91149, "start_lat": 49.29169, "start_lon": 19.89894, "wikidata_id": "", "cycletrip_url": "https://cycletrip.pro/climbs/gubalowka"}}, {"type": "Feature", "geometry": {"type": "Point", "coordinates": [19.91149, 49.30356]}, "properties": {"climb_slug": "gubalowka", "climb_name": "Gubałówka", "country": "PL", "region": "Podhale", "side": "from Nowe Bystre", "category": "3", "length_km": 4.5, "elevation_gain_m": 286, "avg_grade_pct": 6.4, "max_grade_pct": 11.6, "summit_elevation_m": 1130, "summit_lat": 49.30356, "summit_lon": 19.91149, "start_lat": 49.33226, "start_lon": 19.9232, "wikidata_id": "", "cycletrip_url": "https://cycletrip.pro/climbs/gubalowka"}}, {"type": "Feature", "geometry": {"type": "Point", "coordinates": [-2.24508, 43.08681]}, "properties": {"climb_slug": "mandubia", "climb_name": "Mandubia", "country": "ES", "region": "Basque Country", "side": "from Azpeitia", "category": "3", "length_km": 12.1, "elevation_gain_m": 396, "avg_grade_pct": 3.3, "max_grade_pct": 11.2, "summit_elevation_m": 532, "summit_lat": 43.08681, "summit_lon": -2.24508, "start_lat": 43.15063, "start_lon": -2.23803, "wikidata_id": "", "cycletrip_url": "https://cycletrip.pro/climbs/mandubia"}}, {"type": "Feature", "geometry": {"type": "Point", "coordinates": [-2.24508, 43.08681]}, "properties": {"climb_slug": "mandubia", "climb_name": "Mandubia", "country": "ES", "region": "Basque Country", "side": "from Beasain", "category": "3", "length_km": 7.3, "elevation_gain_m": 364, "avg_grade_pct": 5.0, "max_grade_pct": 11.5, "summit_elevation_m": 532, "summit_lat": 43.08681, "summit_lon": -2.24508, "start_lat": 43.04989, "start_lon": -2.21831, "wikidata_id": "", "cycletrip_url": "https://cycletrip.pro/climbs/mandubia"}}, {"type": "Feature", "geometry": {"type": "Point", "coordinates": [11.3418292, 43.8659596]}, "properties": {"climb_slug": "vetta-le-croci", "climb_name": "Vetta le Croci", "country": "IT", "region": "Tuscany", "side": "from Borgo San Lorenzo", "category": "3", "length_km": 8.3, "elevation_gain_m": 286, "avg_grade_pct": 3.5, "max_grade_pct": 11.8, "summit_elevation_m": 518, "summit_lat": 43.86596, "summit_lon": 11.34183, "start_lat": 43.92724, "start_lon": 11.35123, "wikidata_id": "Q4010503", "cycletrip_url": "https://cycletrip.pro/climbs/vetta-le-croci"}}, {"type": "Feature", "geometry": {"type": "Point", "coordinates": [11.3418292, 43.8659596]}, "properties": {"climb_slug": "vetta-le-croci", "climb_name": "Vetta le Croci", "country": "IT", "region": "Tuscany", "side": "from Firenze", "category": "3", "length_km": 11.4, "elevation_gain_m": 457, "avg_grade_pct": 4.0, "max_grade_pct": 9.3, "summit_elevation_m": 518, "summit_lat": 43.86596, "summit_lon": 11.34183, "start_lat": 43.79377, "start_lon": 11.27213, "wikidata_id": "Q4010503", "cycletrip_url": "https://cycletrip.pro/climbs/vetta-le-croci"}}, {"type": "Feature", "geometry": {"type": "Point", "coordinates": [6.923633, 46.0039137]}, "properties": {"climb_slug": "col-des-montets", "climb_name": "Col des Montets", "country": "FR", "region": "French Alps", "side": "from Chamonix-Mont-Blanc", "category": "3", "length_km": 9.0, "elevation_gain_m": 402, "avg_grade_pct": 4.5, "max_grade_pct": 10.1, "summit_elevation_m": "", "summit_lat": 46.00391, "summit_lon": 6.92363, "start_lat": 45.94238, "start_lon": 6.88873, "wikidata_id": "", "cycletrip_url": "https://cycletrip.pro/climbs/col-des-montets"}}, {"type": "Feature", "geometry": {"type": "Point", "coordinates": [6.923633, 46.0039137]}, "properties": {"climb_slug": "col-des-montets", "climb_name": "Col des Montets", "country": "FR", "region": "French Alps", "side": "from Trient", "category": "3", "length_km": 7.9, "elevation_gain_m": 350, "avg_grade_pct": 4.4, "max_grade_pct": 9.7, "summit_elevation_m": "", "summit_lat": 46.00391, "summit_lon": 6.92363, "start_lat": 46.0599, "start_lon": 6.96198, "wikidata_id": "", "cycletrip_url": "https://cycletrip.pro/climbs/col-des-montets"}}, {"type": "Feature", "geometry": {"type": "Point", "coordinates": [16.58809, 50.62327]}, "properties": {"climb_slug": "przelecz-woliborska", "climb_name": "Przełęcz Woliborska", "country": "PL", "region": "Kotlina Kłodzka", "side": "from Bielawa", "category": "3", "length_km": 7.9, "elevation_gain_m": 375, "avg_grade_pct": 4.8, "max_grade_pct": 10.3, "summit_elevation_m": 711, "summit_lat": 50.62327, "summit_lon": 16.58809, "start_lat": 50.67382, "start_lon": 16.60409, "wikidata_id": "", "cycletrip_url": "https://cycletrip.pro/climbs/przelecz-woliborska"}}, {"type": "Feature", "geometry": {"type": "Point", "coordinates": [16.58809, 50.62327]}, "properties": {"climb_slug": "przelecz-woliborska", "climb_name": "Przełęcz Woliborska", "country": "PL", "region": "Kotlina Kłodzka", "side": "from Wolibórz", "category": "3", "length_km": 7.0, "elevation_gain_m": 251, "avg_grade_pct": 3.6, "max_grade_pct": 7.8, "summit_elevation_m": 711, "summit_lat": 50.62327, "summit_lon": 16.58809, "start_lat": 50.58935, "start_lon": 16.55106, "wikidata_id": "", "cycletrip_url": "https://cycletrip.pro/climbs/przelecz-woliborska"}}, {"type": "Feature", "geometry": {"type": "Point", "coordinates": [7.1462345, 48.5072476]}, "properties": {"climb_slug": "col-du-donon", "climb_name": "Col du Donon", "country": "FR", "region": null, "side": "from Schirmeck", "category": "3", "length_km": 9.4, "elevation_gain_m": 414, "avg_grade_pct": 4.4, "max_grade_pct": 12.5, "summit_elevation_m": 727, "summit_lat": 48.50725, "summit_lon": 7.14623, "start_lat": 48.47777, "start_lon": 7.21757, "wikidata_id": "Q2982262", "cycletrip_url": "https://cycletrip.pro/climbs/col-du-donon"}}, {"type": "Feature", "geometry": {"type": "Point", "coordinates": [7.1462345, 48.5072476]}, "properties": {"climb_slug": "col-du-donon", "climb_name": "Col du Donon", "country": "FR", "region": null, "side": "from Turquestein-Blancrupt", "category": "3", "length_km": 12.7, "elevation_gain_m": 355, "avg_grade_pct": 2.8, "max_grade_pct": 9.7, "summit_elevation_m": 727, "summit_lat": 48.50725, "summit_lon": 7.14623, "start_lat": 48.5692, "start_lon": 7.09439, "wikidata_id": "Q2982262", "cycletrip_url": "https://cycletrip.pro/climbs/col-du-donon"}}, {"type": "Feature", "geometry": {"type": "Point", "coordinates": [7.1462345, 48.5072476]}, "properties": {"climb_slug": "col-du-donon", "climb_name": "Col du Donon", "country": "FR", "region": null, "side": "from Vexaincourt", "category": "3", "length_km": 8.0, "elevation_gain_m": 338, "avg_grade_pct": 4.2, "max_grade_pct": 11.0, "summit_elevation_m": 727, "summit_lat": 48.50725, "summit_lon": 7.14623, "start_lat": 48.49641, "start_lon": 7.05629, "wikidata_id": "Q2982262", "cycletrip_url": "https://cycletrip.pro/climbs/col-du-donon"}}, {"type": "Feature", "geometry": {"type": "Point", "coordinates": [5.22591, 43.97708]}, "properties": {"climb_slug": "col-de-murs", "climb_name": "Col de Murs", "country": "FR", "region": "Provence", "side": "from Roussillon", "category": "3", "length_km": 12.3, "elevation_gain_m": 413, "avg_grade_pct": 3.4, "max_grade_pct": 9.0, "summit_elevation_m": 627, "summit_lat": 43.97708, "summit_lon": 5.22591, "start_lat": 43.92652, "start_lon": 5.29664, "wikidata_id": "", "cycletrip_url": "https://cycletrip.pro/climbs/col-de-murs"}}, {"type": "Feature", "geometry": {"type": "Point", "coordinates": [5.22591, 43.97708]}, "properties": {"climb_slug": "col-de-murs", "climb_name": "Col de Murs", "country": "FR", "region": "Provence", "side": "from Venasque", "category": "3", "length_km": 11.9, "elevation_gain_m": 465, "avg_grade_pct": 3.9, "max_grade_pct": 8.4, "summit_elevation_m": 627, "summit_lat": 43.97708, "summit_lon": 5.22591, "start_lat": 44.01223, "start_lon": 5.13846, "wikidata_id": "", "cycletrip_url": "https://cycletrip.pro/climbs/col-de-murs"}}, {"type": "Feature", "geometry": {"type": "Point", "coordinates": [-16.841082, 28.3156325]}, "properties": {"climb_slug": "cumbre-de-masca", "climb_name": "Cumbre de Masca", "country": "ES", "region": "Canary Islands", "side": "from Masca", "category": "3", "length_km": 2.0, "elevation_gain_m": 190, "avg_grade_pct": 9.5, "max_grade_pct": 14.8, "summit_elevation_m": "", "summit_lat": 28.31563, "summit_lon": -16.84108, "start_lat": 28.30735, "start_lon": -16.84036, "wikidata_id": "", "cycletrip_url": "https://cycletrip.pro/climbs/cumbre-de-masca"}}, {"type": "Feature", "geometry": {"type": "Point", "coordinates": [16.34801, 50.46215]}, "properties": {"climb_slug": "lisia-przelecz", "climb_name": "Lisia Przełęcz", "country": "PL", "region": "Kotlina Kłodzka", "side": "from Kudowa-Zdrój", "category": "3", "length_km": 9.2, "elevation_gain_m": 403, "avg_grade_pct": 4.4, "max_grade_pct": 9.1, "summit_elevation_m": 790, "summit_lat": 50.46215, "summit_lon": 16.34801, "start_lat": 50.44237, "start_lon": 16.24416, "wikidata_id": "", "cycletrip_url": "https://cycletrip.pro/climbs/lisia-przelecz"}}, {"type": "Feature", "geometry": {"type": "Point", "coordinates": [16.34801, 50.46215]}, "properties": {"climb_slug": "lisia-przelecz", "climb_name": "Lisia Przełęcz", "country": "PL", "region": "Kotlina Kłodzka", "side": "from Radków", "category": "3", "length_km": 12.6, "elevation_gain_m": 417, "avg_grade_pct": 3.3, "max_grade_pct": 10.6, "summit_elevation_m": 790, "summit_lat": 50.46215, "summit_lon": 16.34801, "start_lat": 50.49933, "start_lon": 16.39825, "wikidata_id": "", "cycletrip_url": "https://cycletrip.pro/climbs/lisia-przelecz"}}, {"type": "Feature", "geometry": {"type": "Point", "coordinates": [0.4389154844080264, 42.79662066995039]}, "properties": {"climb_slug": "peyragudes", "climb_name": "Peyragudes", "country": "FR", "region": "Pyrenees", "side": "from Loudervielle", "category": "3", "length_km": 2.3, "elevation_gain_m": 202, "avg_grade_pct": 8.8, "max_grade_pct": 13.5, "summit_elevation_m": 1572, "summit_lat": 42.79662, "summit_lon": 0.43892, "start_lat": 42.80077, "start_lon": 0.42863, "wikidata_id": "", "cycletrip_url": "https://cycletrip.pro/climbs/peyragudes"}}, {"type": "Feature", "geometry": {"type": "Point", "coordinates": [0.7403158, 42.1534842]}, "properties": {"climb_slug": "port-de-sant-miquel", "climb_name": "Port de Sant Miquel", "country": "ES", "region": "Southern Pyrenees", "side": "from Tremp", "category": "3", "length_km": 6.1, "elevation_gain_m": 332, "avg_grade_pct": 5.4, "max_grade_pct": 10.7, "summit_elevation_m": 867, "summit_lat": 42.15348, "summit_lon": 0.74032, "start_lat": 42.14701, "start_lon": 0.6959, "wikidata_id": "Q11942398", "cycletrip_url": "https://cycletrip.pro/climbs/port-de-sant-miquel"}}, {"type": "Feature", "geometry": {"type": "Point", "coordinates": [2.5131215, 42.709705]}, "properties": {"climb_slug": "col-des-auzines", "climb_name": "Col des Auzines", "country": "FR", "region": "Pyrenees", "side": "from Arboussols", "category": "3", "length_km": 11.0, "elevation_gain_m": 369, "avg_grade_pct": 3.4, "max_grade_pct": 12.7, "summit_elevation_m": 603, "summit_lat": 42.7097, "summit_lon": 2.51312, "start_lat": 42.65068, "start_lon": 2.51308, "wikidata_id": "Q2982205", "cycletrip_url": "https://cycletrip.pro/climbs/col-des-auzines"}}, {"type": "Feature", "geometry": {"type": "Point", "coordinates": [2.5131215, 42.709705]}, "properties": {"climb_slug": "col-des-auzines", "climb_name": "Col des Auzines", "country": "FR", "region": "Pyrenees", "side": "from Ille-sur-Têt", "category": "3", "length_km": 12.3, "elevation_gain_m": 463, "avg_grade_pct": 3.8, "max_grade_pct": 8.0, "summit_elevation_m": 603, "summit_lat": 42.7097, "summit_lon": 2.51312, "start_lat": 42.67518, "start_lon": 2.61574, "wikidata_id": "Q2982205", "cycletrip_url": "https://cycletrip.pro/climbs/col-des-auzines"}}, {"type": "Feature", "geometry": {"type": "Point", "coordinates": [2.5131215, 42.709705]}, "properties": {"climb_slug": "col-des-auzines", "climb_name": "Col des Auzines", "country": "FR", "region": "Pyrenees", "side": "from Trévillach", "category": "3", "length_km": 4.9, "elevation_gain_m": 206, "avg_grade_pct": 4.2, "max_grade_pct": 11.9, "summit_elevation_m": 603, "summit_lat": 42.7097, "summit_lon": 2.51312, "start_lat": 42.71795, "start_lon": 2.47228, "wikidata_id": "Q2982205", "cycletrip_url": "https://cycletrip.pro/climbs/col-des-auzines"}}, {"type": "Feature", "geometry": {"type": "Point", "coordinates": [2.88969, 39.81247]}, "properties": {"climb_slug": "coll-de-sa-batalla", "climb_name": "Coll de sa Batalla", "country": "ES", "region": "Mallorca", "side": "from Caimari", "category": "3", "length_km": 12.3, "elevation_gain_m": 463, "avg_grade_pct": 3.8, "max_grade_pct": 11.3, "summit_elevation_m": 576, "summit_lat": 39.81247, "summit_lon": 2.88969, "start_lat": 39.74032, "start_lon": 2.90893, "wikidata_id": "", "cycletrip_url": "https://cycletrip.pro/climbs/coll-de-sa-batalla"}}, {"type": "Feature", "geometry": {"type": "Point", "coordinates": [19.3253, 49.77599]}, "properties": {"climb_slug": "przelecz-kocierska", "climb_name": "Przełęcz Kocierska", "country": "PL", "region": "Beskidy", "side": "from Kocierz Moszczanicki (ul. Widokowa)", "category": "3", "length_km": 3.0, "elevation_gain_m": 171, "avg_grade_pct": 5.7, "max_grade_pct": 16.6, "summit_elevation_m": 718, "summit_lat": 49.77599, "summit_lon": 19.3253, "start_lat": 49.76282, "start_lon": 19.32522, "wikidata_id": "", "cycletrip_url": "https://cycletrip.pro/climbs/przelecz-kocierska"}}, {"type": "Feature", "geometry": {"type": "Point", "coordinates": [19.3253, 49.77599]}, "properties": {"climb_slug": "przelecz-kocierska", "climb_name": "Przełęcz Kocierska", "country": "PL", "region": "Beskidy", "side": "from Sułkowice", "category": "3", "length_km": 6.3, "elevation_gain_m": 331, "avg_grade_pct": 5.3, "max_grade_pct": 14.3, "summit_elevation_m": 718, "summit_lat": 49.77599, "summit_lon": 19.3253, "start_lat": 49.82273, "start_lon": 19.33665, "wikidata_id": "", "cycletrip_url": "https://cycletrip.pro/climbs/przelecz-kocierska"}}, {"type": "Feature", "geometry": {"type": "Point", "coordinates": [19.3253, 49.77599]}, "properties": {"climb_slug": "przelecz-kocierska", "climb_name": "Przełęcz Kocierska", "country": "PL", "region": "Beskidy", "side": "from Żywiec", "category": "3", "length_km": 11.5, "elevation_gain_m": 347, "avg_grade_pct": 3.0, "max_grade_pct": 11.1, "summit_elevation_m": 718, "summit_lat": 49.77599, "summit_lon": 19.3253, "start_lat": 49.72202, "start_lon": 19.23217, "wikidata_id": "", "cycletrip_url": "https://cycletrip.pro/climbs/przelecz-kocierska"}}, {"type": "Feature", "geometry": {"type": "Point", "coordinates": [6.945402, 48.0004914]}, "properties": {"climb_slug": "col-de-bramont", "climb_name": "Col de Bramont", "country": "FR", "region": "Vosges", "side": "from Kruth", "category": "3", "length_km": 12.9, "elevation_gain_m": 473, "avg_grade_pct": 3.7, "max_grade_pct": 11.3, "summit_elevation_m": 956, "summit_lat": 48.00049, "summit_lon": 6.9454, "start_lat": 47.92912, "start_lon": 6.96626, "wikidata_id": "Q2982017", "cycletrip_url": "https://cycletrip.pro/climbs/col-de-bramont"}}, {"type": "Feature", "geometry": {"type": "Point", "coordinates": [6.945402, 48.0004914]}, "properties": {"climb_slug": "col-de-bramont", "climb_name": "Col de Bramont", "country": "FR", "region": "Vosges", "side": "from La Bresse", "category": "3", "length_km": 7.2, "elevation_gain_m": 313, "avg_grade_pct": 4.4, "max_grade_pct": 11.0, "summit_elevation_m": 956, "summit_lat": 48.00049, "summit_lon": 6.9454, "start_lat": 48.00741, "start_lon": 6.88213, "wikidata_id": "Q2982017", "cycletrip_url": "https://cycletrip.pro/climbs/col-de-bramont"}}, {"type": "Feature", "geometry": {"type": "Point", "coordinates": [-0.05544, 38.67968]}, "properties": {"climb_slug": "port-de-bernia", "climb_name": "Port de Bèrnia", "country": "ES", "region": "Costa Blanca", "side": "from Llíber", "category": "3", "length_km": 20.0, "elevation_gain_m": 424, "avg_grade_pct": 2.1, "max_grade_pct": 24.3, "summit_elevation_m": 620, "summit_lat": 38.67968, "summit_lon": -0.05544, "start_lat": 38.73042, "start_lon": 0.00892, "wikidata_id": "", "cycletrip_url": "https://cycletrip.pro/climbs/port-de-bernia"}}, {"type": "Feature", "geometry": {"type": "Point", "coordinates": [-0.05544, 38.67968]}, "properties": {"climb_slug": "port-de-bernia", "climb_name": "Port de Bèrnia", "country": "ES", "region": "Costa Blanca", "side": "from Xaló", "category": "3", "length_km": 10.5, "elevation_gain_m": 430, "avg_grade_pct": 4.1, "max_grade_pct": 9.1, "summit_elevation_m": 620, "summit_lat": 38.67968, "summit_lon": -0.05544, "start_lat": 38.74245, "start_lon": -0.01376, "wikidata_id": "", "cycletrip_url": "https://cycletrip.pro/climbs/port-de-bernia"}}, {"type": "Feature", "geometry": {"type": "Point", "coordinates": [11.681158354086538, 43.93069694098558]}, "properties": {"climb_slug": "col-de-valico-tre-faggi", "climb_name": "Col de Valico Tre Faggi", "country": "IT", "region": "Tuscany", "side": "from Galeata", "category": "3", "length_km": 26.0, "elevation_gain_m": 669, "avg_grade_pct": 2.6, "max_grade_pct": 13.9, "summit_elevation_m": 993, "summit_lat": 43.9307, "summit_lon": 11.68116, "start_lat": 44.0293, "start_lon": 11.89374, "wikidata_id": "", "cycletrip_url": "https://cycletrip.pro/climbs/col-de-valico-tre-faggi"}}, {"type": "Feature", "geometry": {"type": "Point", "coordinates": [11.681158354086538, 43.93069694098558]}, "properties": {"climb_slug": "col-de-valico-tre-faggi", "climb_name": "Col de Valico Tre Faggi", "country": "IT", "region": "Tuscany", "side": "from San Godenzo", "category": "3", "length_km": 6.4, "elevation_gain_m": 219, "avg_grade_pct": 3.4, "max_grade_pct": 10.0, "summit_elevation_m": 993, "summit_lat": 43.9307, "summit_lon": 11.68116, "start_lat": 43.93195, "start_lon": 11.64206, "wikidata_id": "", "cycletrip_url": "https://cycletrip.pro/climbs/col-de-valico-tre-faggi"}}, {"type": "Feature", "geometry": {"type": "Point", "coordinates": [2.9559459, 45.7638799]}, "properties": {"climb_slug": "col-de-ceyssat", "climb_name": "Col de Ceyssat", "country": "FR", "region": "Massif Central", "side": "from Mazayes", "category": "3", "length_km": 13.7, "elevation_gain_m": 391, "avg_grade_pct": 2.9, "max_grade_pct": 8.1, "summit_elevation_m": 1078, "summit_lat": 45.76388, "summit_lon": 2.95595, "start_lat": 45.76625, "start_lon": 2.83298, "wikidata_id": "Q2982027", "cycletrip_url": "https://cycletrip.pro/climbs/col-de-ceyssat"}}, {"type": "Feature", "geometry": {"type": "Point", "coordinates": [2.9559459, 45.7638799]}, "properties": {"climb_slug": "col-de-ceyssat", "climb_name": "Col de Ceyssat", "country": "FR", "region": "Massif Central", "side": "from Orcines", "category": "3", "length_km": 3.8, "elevation_gain_m": 256, "avg_grade_pct": 6.8, "max_grade_pct": 11.0, "summit_elevation_m": 1078, "summit_lat": 45.76388, "summit_lon": 2.95595, "start_lat": 45.76857, "start_lon": 3.00094, "wikidata_id": "Q2982027", "cycletrip_url": "https://cycletrip.pro/climbs/col-de-ceyssat"}}, {"type": "Feature", "geometry": {"type": "Point", "coordinates": [5.2337878, 44.897794]}, "properties": {"climb_slug": "col-de-la-bataille", "climb_name": "Col de la Bataille", "country": "FR", "region": null, "side": "from Léoncel", "category": "3", "length_km": 8.5, "elevation_gain_m": 379, "avg_grade_pct": 4.5, "max_grade_pct": 10.4, "summit_elevation_m": 1313, "summit_lat": 44.89779, "summit_lon": 5.23379, "start_lat": 44.91203, "start_lon": 5.19269, "wikidata_id": "Q17625020", "cycletrip_url": "https://cycletrip.pro/climbs/col-de-la-bataille"}}, {"type": "Feature", "geometry": {"type": "Point", "coordinates": [5.2337878, 44.897794]}, "properties": {"climb_slug": "col-de-la-bataille", "climb_name": "Col de la Bataille", "country": "FR", "region": null, "side": "from Omblèze", "category": "3", "length_km": 2.6, "elevation_gain_m": 156, "avg_grade_pct": 6.0, "max_grade_pct": 20.5, "summit_elevation_m": 1313, "summit_lat": 44.89779, "summit_lon": 5.23379, "start_lat": 44.89351, "start_lon": 5.25334, "wikidata_id": "Q17625020", "cycletrip_url": "https://cycletrip.pro/climbs/col-de-la-bataille"}}, {"type": "Feature", "geometry": {"type": "Point", "coordinates": [14.93098, 37.9937]}, "properties": {"climb_slug": "portella-di-merenda", "climb_name": "Portella di Merenda", "country": "IT", "region": "Sicily", "side": "from Murazzo Rotto", "category": "3", "length_km": 17.9, "elevation_gain_m": 556, "avg_grade_pct": 3.1, "max_grade_pct": 8.3, "summit_elevation_m": 1283, "summit_lat": 37.9937, "summit_lon": 14.93098, "start_lat": 37.88126, "start_lon": 14.94989, "wikidata_id": "", "cycletrip_url": "https://cycletrip.pro/climbs/portella-di-merenda"}}, {"type": "Feature", "geometry": {"type": "Point", "coordinates": [14.93098, 37.9937]}, "properties": {"climb_slug": "portella-di-merenda", "climb_name": "Portella di Merenda", "country": "IT", "region": "Sicily", "side": "from San Giorgio", "category": "3", "length_km": 28.1, "elevation_gain_m": 642, "avg_grade_pct": 2.3, "max_grade_pct": 11.1, "summit_elevation_m": 1283, "summit_lat": 37.9937, "summit_lon": 14.93098, "start_lat": 38.0834, "start_lon": 14.8075, "wikidata_id": "", "cycletrip_url": "https://cycletrip.pro/climbs/portella-di-merenda"}}, {"type": "Feature", "geometry": {"type": "Point", "coordinates": [-3.5825198, 43.3401836]}, "properties": {"climb_slug": "puerto-de-fuente-las-varas", "climb_name": "Puerto de Fuente las Varas", "country": "ES", "region": "Cantabria", "side": "from Matienzo", "category": "3", "length_km": 5.1, "elevation_gain_m": 294, "avg_grade_pct": 5.8, "max_grade_pct": 9.8, "summit_elevation_m": 441, "summit_lat": 43.34018, "summit_lon": -3.58252, "start_lat": 43.32398, "start_lon": -3.58586, "wikidata_id": "Q107467192", "cycletrip_url": "https://cycletrip.pro/climbs/puerto-de-fuente-las-varas"}}, {"type": "Feature", "geometry": {"type": "Point", "coordinates": [-3.5825198, 43.3401836]}, "properties": {"climb_slug": "puerto-de-fuente-las-varas", "climb_name": "Puerto de Fuente las Varas", "country": "ES", "region": "Cantabria", "side": "from Solórzano", "category": "3", "length_km": 8.1, "elevation_gain_m": 367, "avg_grade_pct": 4.5, "max_grade_pct": 8.9, "summit_elevation_m": 441, "summit_lat": 43.34018, "summit_lon": -3.58252, "start_lat": 43.38436, "start_lon": -3.58808, "wikidata_id": "Q107467192", "cycletrip_url": "https://cycletrip.pro/climbs/puerto-de-fuente-las-varas"}}, {"type": "Feature", "geometry": {"type": "Point", "coordinates": [9.10311, 40.84267]}, "properties": {"climb_slug": "passo-del-limbara", "climb_name": "Passo del Limbara", "country": "IT", "region": "Sardinia", "side": "from Oscheri/Oschiri", "category": "3", "length_km": 14.8, "elevation_gain_m": 509, "avg_grade_pct": 3.4, "max_grade_pct": 8.2, "summit_elevation_m": 674, "summit_lat": 40.84267, "summit_lon": 9.10311, "start_lat": 40.76006, "start_lon": 9.07397, "wikidata_id": "", "cycletrip_url": "https://cycletrip.pro/climbs/passo-del-limbara"}}, {"type": "Feature", "geometry": {"type": "Point", "coordinates": [9.10311, 40.84267]}, "properties": {"climb_slug": "passo-del-limbara", "climb_name": "Passo del Limbara", "country": "IT", "region": "Sardinia", "side": "from Tèmpiu/Tempio Pausania", "category": "4", "length_km": 6.4, "elevation_gain_m": 155, "avg_grade_pct": 2.4, "max_grade_pct": 11.1, "summit_elevation_m": 674, "summit_lat": 40.84267, "summit_lon": 9.10311, "start_lat": 40.8838, "start_lon": 9.1245, "wikidata_id": "", "cycletrip_url": "https://cycletrip.pro/climbs/passo-del-limbara"}}, {"type": "Feature", "geometry": {"type": "Point", "coordinates": [-2.444046, 43.1999544]}, "properties": {"climb_slug": "arrate", "climb_name": "Arrate", "country": "ES", "region": "Basque Country", "side": "from Eibar", "category": "3", "length_km": 7.1, "elevation_gain_m": 344, "avg_grade_pct": 4.9, "max_grade_pct": 17.9, "summit_elevation_m": "", "summit_lat": 43.19995, "summit_lon": -2.44405, "start_lat": 43.18787, "start_lon": -2.47158, "wikidata_id": "", "cycletrip_url": "https://cycletrip.pro/climbs/arrate"}}, {"type": "Feature", "geometry": {"type": "Point", "coordinates": [6.3705285, 44.2492061]}, "properties": {"climb_slug": "col-du-labouret", "climb_name": "Col du Labouret", "country": "FR", "region": "French Alps", "side": "from Marcoux", "category": "3", "length_km": 17.7, "elevation_gain_m": 556, "avg_grade_pct": 3.1, "max_grade_pct": 13.4, "summit_elevation_m": 1240, "summit_lat": 44.24921, "summit_lon": 6.37053, "start_lat": 44.13941, "start_lon": 6.29158, "wikidata_id": "Q2982286", "cycletrip_url": "https://cycletrip.pro/climbs/col-du-labouret"}}, {"type": "Feature", "geometry": {"type": "Point", "coordinates": [2.68624, 39.73116]}, "properties": {"climb_slug": "coll-de-soller", "climb_name": "Coll de Sóller", "country": "ES", "region": "Mallorca", "side": "from Bunyola", "category": "3", "length_km": 5.2, "elevation_gain_m": 256, "avg_grade_pct": 4.9, "max_grade_pct": 7.7, "summit_elevation_m": 497, "summit_lat": 39.73116, "summit_lon": 2.68624, "start_lat": 39.71591, "start_lon": 2.69041, "wikidata_id": "", "cycletrip_url": "https://cycletrip.pro/climbs/coll-de-soller"}}, {"type": "Feature", "geometry": {"type": "Point", "coordinates": [2.68624, 39.73116]}, "properties": {"climb_slug": "coll-de-soller", "climb_name": "Coll de Sóller", "country": "ES", "region": "Mallorca", "side": "from Sóller", "category": "3", "length_km": 5.6, "elevation_gain_m": 308, "avg_grade_pct": 5.5, "max_grade_pct": 13.4, "summit_elevation_m": 497, "summit_lat": 39.73116, "summit_lon": 2.68624, "start_lat": 39.7464, "start_lon": 2.69799, "wikidata_id": "", "cycletrip_url": "https://cycletrip.pro/climbs/coll-de-soller"}}, {"type": "Feature", "geometry": {"type": "Point", "coordinates": [0.7358031, 42.0668458]}, "properties": {"climb_slug": "collada-del-com", "climb_name": "Collada del Comú", "country": "ES", "region": "Southern Pyrenees", "side": "from Sant Esteve de la Sarga", "category": "3", "length_km": 8.0, "elevation_gain_m": 371, "avg_grade_pct": 4.6, "max_grade_pct": 10.9, "summit_elevation_m": 1214, "summit_lat": 42.06685, "summit_lon": 0.7358, "start_lat": 42.08229, "start_lon": 0.78097, "wikidata_id": "Q11914657", "cycletrip_url": "https://cycletrip.pro/climbs/collada-del-com"}}, {"type": "Feature", "geometry": {"type": "Point", "coordinates": [10.931523, 44.0294523]}, "properties": {"climb_slug": "passo-della-porretta", "climb_name": "Passo della Porretta", "country": "IT", "region": "Tuscany", "side": "from Sammommè", "category": "3", "length_km": 5.8, "elevation_gain_m": 312, "avg_grade_pct": 5.4, "max_grade_pct": 9.8, "summit_elevation_m": 932, "summit_lat": 44.02945, "summit_lon": 10.93152, "start_lat": 44.00518, "start_lon": 10.92137, "wikidata_id": "Q3897399", "cycletrip_url": "https://cycletrip.pro/climbs/passo-della-porretta"}}, {"type": "Feature", "geometry": {"type": "Point", "coordinates": [10.931523, 44.0294523]}, "properties": {"climb_slug": "passo-della-porretta", "climb_name": "Passo della Porretta", "country": "IT", "region": "Tuscany", "side": "from Spedaletto", "category": "3", "length_km": 3.0, "elevation_gain_m": 157, "avg_grade_pct": 5.2, "max_grade_pct": 11.6, "summit_elevation_m": 932, "summit_lat": 44.02945, "summit_lon": 10.93152, "start_lat": 44.041, "start_lon": 10.95077, "wikidata_id": "Q3897399", "cycletrip_url": "https://cycletrip.pro/climbs/passo-della-porretta"}}, {"type": "Feature", "geometry": {"type": "Point", "coordinates": [-0.63651, 43.0415783]}, "properties": {"climb_slug": "col-d-ich-re", "climb_name": "Col d'Ichère", "country": "FR", "region": "Pyrenees", "side": "from Issor", "category": "3", "length_km": 10.0, "elevation_gain_m": 351, "avg_grade_pct": 3.5, "max_grade_pct": 10.6, "summit_elevation_m": 674, "summit_lat": 43.04158, "summit_lon": -0.63651, "start_lat": 43.09199, "start_lon": -0.66955, "wikidata_id": "Q2981989", "cycletrip_url": "https://cycletrip.pro/climbs/col-d-ich-re"}}, {"type": "Feature", "geometry": {"type": "Point", "coordinates": [-0.63651, 43.0415783]}, "properties": {"climb_slug": "col-d-ich-re", "climb_name": "Col d'Ichère", "country": "FR", "region": "Pyrenees", "side": "from Sarrance", "category": "3", "length_km": 5.2, "elevation_gain_m": 297, "avg_grade_pct": 5.7, "max_grade_pct": 14.3, "summit_elevation_m": 674, "summit_lat": 43.04158, "summit_lon": -0.63651, "start_lat": 43.03689, "start_lon": -0.6063, "wikidata_id": "Q2981989", "cycletrip_url": "https://cycletrip.pro/climbs/col-d-ich-re"}}, {"type": "Feature", "geometry": {"type": "Point", "coordinates": [13.9315562, 41.8349537]}, "properties": {"climb_slug": "passo-godi", "climb_name": "Passo Godi", "country": "IT", "region": "Central Apennines", "side": "from Civitella Alfedena", "category": "3", "length_km": 14.6, "elevation_gain_m": 490, "avg_grade_pct": 3.4, "max_grade_pct": 10.8, "summit_elevation_m": 1630, "summit_lat": 41.83495, "summit_lon": 13.93156, "start_lat": 41.77234, "start_lon": 13.95088, "wikidata_id": "Q3897330", "cycletrip_url": "https://cycletrip.pro/climbs/passo-godi"}}, {"type": "Feature", "geometry": {"type": "Point", "coordinates": [6.8855654, 48.0263908]}, "properties": {"climb_slug": "col-de-grosse-pierre", "climb_name": "Col de Grosse Pierre", "country": "FR", "region": "Vosges", "side": "from Cornimont", "category": "3", "length_km": 12.3, "elevation_gain_m": 451, "avg_grade_pct": 3.7, "max_grade_pct": 7.7, "summit_elevation_m": 955, "summit_lat": 48.02639, "summit_lon": 6.88557, "start_lat": 47.96166, "start_lon": 6.83576, "wikidata_id": "Q2982058", "cycletrip_url": "https://cycletrip.pro/climbs/col-de-grosse-pierre"}}, {"type": "Feature", "geometry": {"type": "Point", "coordinates": [6.8855654, 48.0263908]}, "properties": {"climb_slug": "col-de-grosse-pierre", "climb_name": "Col de Grosse Pierre", "country": "FR", "region": "Vosges", "side": "from Gérardmer", "category": "3", "length_km": 7.2, "elevation_gain_m": 290, "avg_grade_pct": 4.0, "max_grade_pct": 11.2, "summit_elevation_m": 955, "summit_lat": 48.02639, "summit_lon": 6.88557, "start_lat": 48.0682, "start_lon": 6.87242, "wikidata_id": "Q2982058", "cycletrip_url": "https://cycletrip.pro/climbs/col-de-grosse-pierre"}}, {"type": "Feature", "geometry": {"type": "Point", "coordinates": [2.94833, 41.75935]}, "properties": {"climb_slug": "sant-grau-dardenya", "climb_name": "Sant Grau d'Ardenya", "country": "ES", "region": "Girona", "side": "from Tossa de Mar", "category": "3", "length_km": 5.0, "elevation_gain_m": 292, "avg_grade_pct": 5.8, "max_grade_pct": 19.3, "summit_elevation_m": 386, "summit_lat": 41.75935, "summit_lon": 2.94833, "start_lat": 41.75098, "start_lon": 2.96723, "wikidata_id": "", "cycletrip_url": "https://cycletrip.pro/climbs/sant-grau-dardenya"}}, {"type": "Feature", "geometry": {"type": "Point", "coordinates": [-2.13524, 43.20254]}, "properties": {"climb_slug": "andazarrate", "climb_name": "Andazarrate", "country": "ES", "region": "Basque Country", "side": "from Aia", "category": "3", "length_km": 14.8, "elevation_gain_m": 342, "avg_grade_pct": 2.3, "max_grade_pct": 11.2, "summit_elevation_m": 436, "summit_lat": 43.20254, "summit_lon": -2.13524, "start_lat": 43.27301, "start_lon": -2.13789, "wikidata_id": "", "cycletrip_url": "https://cycletrip.pro/climbs/andazarrate"}}, {"type": "Feature", "geometry": {"type": "Point", "coordinates": [-2.13524, 43.20254]}, "properties": {"climb_slug": "andazarrate", "climb_name": "Andazarrate", "country": "ES", "region": "Basque Country", "side": "from Zizurkil", "category": "3", "length_km": 7.6, "elevation_gain_m": 360, "avg_grade_pct": 4.7, "max_grade_pct": 12.4, "summit_elevation_m": 436, "summit_lat": 43.20254, "summit_lon": -2.13524, "start_lat": 43.19143, "start_lon": -2.0758, "wikidata_id": "", "cycletrip_url": "https://cycletrip.pro/climbs/andazarrate"}}, {"type": "Feature", "geometry": {"type": "Point", "coordinates": [-2.31152, 43.03432]}, "properties": {"climb_slug": "aztiria", "climb_name": "Aztiria", "country": "ES", "region": "Basque Country", "side": "from Legazpi", "category": "3", "length_km": 2.9, "elevation_gain_m": 157, "avg_grade_pct": 5.4, "max_grade_pct": 9.3, "summit_elevation_m": 595, "summit_lat": 43.03432, "summit_lon": -2.31152, "start_lat": 43.03799, "start_lon": -2.33694, "wikidata_id": "", "cycletrip_url": "https://cycletrip.pro/climbs/aztiria"}}, {"type": "Feature", "geometry": {"type": "Point", "coordinates": [-2.31152, 43.03432]}, "properties": {"climb_slug": "aztiria", "climb_name": "Aztiria", "country": "ES", "region": "Basque Country", "side": "from Segura", "category": "3", "length_km": 7.9, "elevation_gain_m": 367, "avg_grade_pct": 4.6, "max_grade_pct": 11.3, "summit_elevation_m": 595, "summit_lat": 43.03432, "summit_lon": -2.31152, "start_lat": 43.00552, "start_lon": -2.26231, "wikidata_id": "", "cycletrip_url": "https://cycletrip.pro/climbs/aztiria"}}, {"type": "Feature", "geometry": {"type": "Point", "coordinates": [1.4638111, 42.016592]}, "properties": {"climb_slug": "collada-de-clar", "climb_name": "Collada de Clarà", "country": "ES", "region": "Southern Pyrenees", "side": "from Castellar de la Ribera", "category": "3", "length_km": 7.9, "elevation_gain_m": 361, "avg_grade_pct": 4.6, "max_grade_pct": 12.1, "summit_elevation_m": 880, "summit_lat": 42.01659, "summit_lon": 1.46381, "start_lat": 42.02719, "start_lon": 1.38468, "wikidata_id": "Q17597630", "cycletrip_url": "https://cycletrip.pro/climbs/collada-de-clar"}}, {"type": "Feature", "geometry": {"type": "Point", "coordinates": [1.4638111, 42.016592]}, "properties": {"climb_slug": "collada-de-clar", "climb_name": "Collada de Clarà", "country": "ES", "region": "Southern Pyrenees", "side": "from Solsona", "category": "3", "length_km": 5.3, "elevation_gain_m": 210, "avg_grade_pct": 4.0, "max_grade_pct": 9.1, "summit_elevation_m": 880, "summit_lat": 42.01659, "summit_lon": 1.46381, "start_lat": 41.99699, "start_lon": 1.514, "wikidata_id": "Q17597630", "cycletrip_url": "https://cycletrip.pro/climbs/collada-de-clar"}}, {"type": "Feature", "geometry": {"type": "Point", "coordinates": [-0.14471, 38.76828]}, "properties": {"climb_slug": "coll-del-corral-nou", "climb_name": "Coll del Corral Nou", "country": "ES", "region": "Costa Blanca", "side": "from Castell de Castells", "category": "3", "length_km": 6.4, "elevation_gain_m": 324, "avg_grade_pct": 5.1, "max_grade_pct": 11.7, "summit_elevation_m": 770, "summit_lat": 38.76828, "summit_lon": -0.14471, "start_lat": 38.75115, "start_lon": -0.15716, "wikidata_id": "", "cycletrip_url": "https://cycletrip.pro/climbs/coll-del-corral-nou"}}, {"type": "Feature", "geometry": {"type": "Point", "coordinates": [-0.14471, 38.76828]}, "properties": {"climb_slug": "coll-del-corral-nou", "climb_name": "Coll del Corral Nou", "country": "ES", "region": "Costa Blanca", "side": "from Fleix", "category": "3", "length_km": 2.3, "elevation_gain_m": 187, "avg_grade_pct": 8.2, "max_grade_pct": 9.9, "summit_elevation_m": 770, "summit_lat": 38.76828, "summit_lon": -0.14471, "start_lat": 38.77297, "start_lon": -0.12555, "wikidata_id": "", "cycletrip_url": "https://cycletrip.pro/climbs/coll-del-corral-nou"}}, {"type": "Feature", "geometry": {"type": "Point", "coordinates": [-1.4862274, 43.2606602]}, "properties": {"climb_slug": "justoren-bordako-munoa", "climb_name": "Justoren Bordako Munoa", "country": "ES", "region": "Basque Country", "side": "from Urdazubi / Urdax", "category": "3", "length_km": 5.3, "elevation_gain_m": 296, "avg_grade_pct": 5.6, "max_grade_pct": 16.5, "summit_elevation_m": "", "summit_lat": 43.26066, "summit_lon": -1.48623, "start_lat": 43.28475, "start_lon": -1.50587, "wikidata_id": "", "cycletrip_url": "https://cycletrip.pro/climbs/justoren-bordako-munoa"}}, {"type": "Feature", "geometry": {"type": "Point", "coordinates": [2.9088, 41.98477]}, "properties": {"climb_slug": "els-angels", "climb_name": "Els Àngels", "country": "ES", "region": "Girona", "side": "from Quart", "category": "3", "length_km": 10.7, "elevation_gain_m": 364, "avg_grade_pct": 3.4, "max_grade_pct": 10.7, "summit_elevation_m": 469, "summit_lat": 41.98477, "summit_lon": 2.9088, "start_lat": 41.96104, "start_lon": 2.84707, "wikidata_id": "", "cycletrip_url": "https://cycletrip.pro/climbs/els-angels"}}, {"type": "Feature", "geometry": {"type": "Point", "coordinates": [2.9088, 41.98477]}, "properties": {"climb_slug": "els-angels", "climb_name": "Els Àngels", "country": "ES", "region": "Girona", "side": "from Sant Martí Vell", "category": "3", "length_km": 9.3, "elevation_gain_m": 390, "avg_grade_pct": 4.2, "max_grade_pct": 12.7, "summit_elevation_m": 469, "summit_lat": 41.98477, "summit_lon": 2.9088, "start_lat": 42.01983, "start_lon": 2.93607, "wikidata_id": "", "cycletrip_url": "https://cycletrip.pro/climbs/els-angels"}}, {"type": "Feature", "geometry": {"type": "Point", "coordinates": [18.91469, 49.60291]}, "properties": {"climb_slug": "przelecz-szarcula", "climb_name": "Przełęcz Szarcula", "country": "PL", "region": "Beskidy", "side": "from Wisła Malinka", "category": "3", "length_km": 5.2, "elevation_gain_m": 290, "avg_grade_pct": 5.6, "max_grade_pct": 12.2, "summit_elevation_m": 800, "summit_lat": 49.60291, "summit_lon": 18.91469, "start_lat": 49.62958, "start_lon": 18.90552, "wikidata_id": "", "cycletrip_url": "https://cycletrip.pro/climbs/przelecz-szarcula"}}, {"type": "Feature", "geometry": {"type": "Point", "coordinates": [15.3029867, 40.8383902]}, "properties": {"climb_slug": "sella-di-conza", "climb_name": "Sella di Conza", "country": "IT", "region": "Campania", "side": "from Materdomini", "category": "3", "length_km": 10.7, "elevation_gain_m": 417, "avg_grade_pct": 3.9, "max_grade_pct": 9.4, "summit_elevation_m": 697, "summit_lat": 40.83839, "summit_lon": 15.30299, "start_lat": 40.79728, "start_lon": 15.27086, "wikidata_id": "Q3954903", "cycletrip_url": "https://cycletrip.pro/climbs/sella-di-conza"}}, {"type": "Feature", "geometry": {"type": "Point", "coordinates": [15.3029867, 40.8383902]}, "properties": {"climb_slug": "sella-di-conza", "climb_name": "Sella di Conza", "country": "IT", "region": "Campania", "side": "from Pescopagano", "category": "4", "length_km": 15.0, "elevation_gain_m": 319, "avg_grade_pct": 2.1, "max_grade_pct": 6.1, "summit_elevation_m": 697, "summit_lat": 40.83839, "summit_lon": 15.30299, "start_lat": 40.87693, "start_lon": 15.39626, "wikidata_id": "Q3954903", "cycletrip_url": "https://cycletrip.pro/climbs/sella-di-conza"}}, {"type": "Feature", "geometry": {"type": "Point", "coordinates": [6.6016031, 45.4050808]}, "properties": {"climb_slug": "col-de-la-loze", "climb_name": "Col de la Loze", "country": "FR", "region": "French Alps", "side": "from Courchevel Le Praz", "category": "3", "length_km": 3.4, "elevation_gain_m": 235, "avg_grade_pct": 6.9, "max_grade_pct": 10.7, "summit_elevation_m": 2275, "summit_lat": 45.40508, "summit_lon": 6.6016, "start_lat": 45.39963, "start_lon": 6.61684, "wikidata_id": "Q86666408", "cycletrip_url": "https://cycletrip.pro/climbs/col-de-la-loze"}}, {"type": "Feature", "geometry": {"type": "Point", "coordinates": [19.1295, 49.7932]}, "properties": {"climb_slug": "przelecz-przegibek", "climb_name": "Przełęcz Przegibek", "country": "PL", "region": "Beskidy", "side": "from Bielsko-Biała", "category": "3", "length_km": 7.6, "elevation_gain_m": 313, "avg_grade_pct": 4.1, "max_grade_pct": 7.7, "summit_elevation_m": 718, "summit_lat": 49.7932, "summit_lon": 19.1295, "start_lat": 49.80081, "start_lon": 19.06019, "wikidata_id": "", "cycletrip_url": "https://cycletrip.pro/climbs/przelecz-przegibek"}}, {"type": "Feature", "geometry": {"type": "Point", "coordinates": [19.1295, 49.7932]}, "properties": {"climb_slug": "przelecz-przegibek", "climb_name": "Przełęcz Przegibek", "country": "PL", "region": "Beskidy", "side": "from Międzybrodzie Bialskie", "category": "3", "length_km": 6.7, "elevation_gain_m": 325, "avg_grade_pct": 4.9, "max_grade_pct": 11.4, "summit_elevation_m": 718, "summit_lat": 49.7932, "summit_lon": 19.1295, "start_lat": 49.7873, "start_lon": 19.19393, "wikidata_id": "", "cycletrip_url": "https://cycletrip.pro/climbs/przelecz-przegibek"}}, {"type": "Feature", "geometry": {"type": "Point", "coordinates": [-2.26004, 42.93889]}, "properties": {"climb_slug": "otsaurte", "climb_name": "Otsaurte", "country": "ES", "region": "Basque Country", "side": "from Segura", "category": "3", "length_km": 12.9, "elevation_gain_m": 450, "avg_grade_pct": 3.5, "max_grade_pct": 8.6, "summit_elevation_m": 652, "summit_lat": 42.93889, "summit_lon": -2.26004, "start_lat": 43.00836, "start_lon": -2.25725, "wikidata_id": "", "cycletrip_url": "https://cycletrip.pro/climbs/otsaurte"}}, {"type": "Feature", "geometry": {"type": "Point", "coordinates": [15.43335, 50.81739]}, "properties": {"climb_slug": "przelecz-szklarska", "climb_name": "Przełęcz Szklarska", "country": "PL", "region": "Sudety", "side": "from Harrachov", "category": "3", "length_km": 7.5, "elevation_gain_m": 290, "avg_grade_pct": 3.9, "max_grade_pct": 8.6, "summit_elevation_m": 886, "summit_lat": 50.81739, "summit_lon": 15.43335, "start_lat": 50.76411, "start_lon": 15.39698, "wikidata_id": "", "cycletrip_url": "https://cycletrip.pro/climbs/przelecz-szklarska"}}, {"type": "Feature", "geometry": {"type": "Point", "coordinates": [15.43335, 50.81739]}, "properties": {"climb_slug": "przelecz-szklarska", "climb_name": "Przełęcz Szklarska", "country": "PL", "region": "Sudety", "side": "from Piechowice", "category": "3", "length_km": 15.4, "elevation_gain_m": 494, "avg_grade_pct": 3.2, "max_grade_pct": 7.9, "summit_elevation_m": 886, "summit_lat": 50.81739, "summit_lon": 15.43335, "start_lat": 50.85542, "start_lon": 15.59404, "wikidata_id": "", "cycletrip_url": "https://cycletrip.pro/climbs/przelecz-szklarska"}}, {"type": "Feature", "geometry": {"type": "Point", "coordinates": [16.49812, 50.56799]}, "properties": {"climb_slug": "przelecz-pod-krepcem", "climb_name": "Przełęcz pod Krępcem", "country": "PL", "region": "Kotlina Kłodzka", "side": "from Nowa Ruda", "category": "4", "length_km": 4.3, "elevation_gain_m": 146, "avg_grade_pct": 3.4, "max_grade_pct": 12.0, "summit_elevation_m": 612, "summit_lat": 50.56799, "summit_lon": 16.49812, "start_lat": 50.5643, "start_lon": 16.53551, "wikidata_id": "", "cycletrip_url": "https://cycletrip.pro/climbs/przelecz-pod-krepcem"}}, {"type": "Feature", "geometry": {"type": "Point", "coordinates": [16.49812, 50.56799]}, "properties": {"climb_slug": "przelecz-pod-krepcem", "climb_name": "Przełęcz pod Krępcem", "country": "PL", "region": "Kotlina Kłodzka", "side": "from Ścinawka Górna", "category": "3", "length_km": 5.0, "elevation_gain_m": 280, "avg_grade_pct": 5.6, "max_grade_pct": 13.6, "summit_elevation_m": 612, "summit_lat": 50.56799, "summit_lon": 16.49812, "start_lat": 50.529, "start_lon": 16.48531, "wikidata_id": "", "cycletrip_url": "https://cycletrip.pro/climbs/przelecz-pod-krepcem"}}, {"type": "Feature", "geometry": {"type": "Point", "coordinates": [16.73633, 50.4762]}, "properties": {"climb_slug": "przelecz-laszczowa", "climb_name": "Przełęcz Łaszczowa", "country": "PL", "region": "Kotlina Kłodzka", "side": "from Dzbanów", "category": "3", "length_km": 7.7, "elevation_gain_m": 343, "avg_grade_pct": 4.5, "max_grade_pct": 11.3, "summit_elevation_m": 592, "summit_lat": 50.4762, "summit_lon": 16.73633, "start_lat": 50.50848, "start_lon": 16.79204, "wikidata_id": "", "cycletrip_url": "https://cycletrip.pro/climbs/przelecz-laszczowa"}}, {"type": "Feature", "geometry": {"type": "Point", "coordinates": [16.73633, 50.4762]}, "properties": {"climb_slug": "przelecz-laszczowa", "climb_name": "Przełęcz Łaszczowa", "country": "PL", "region": "Kotlina Kłodzka", "side": "from Kłodzko", "category": "3", "length_km": 7.7, "elevation_gain_m": 291, "avg_grade_pct": 3.8, "max_grade_pct": 10.9, "summit_elevation_m": 592, "summit_lat": 50.4762, "summit_lon": 16.73633, "start_lat": 50.44215, "start_lon": 16.67035, "wikidata_id": "", "cycletrip_url": "https://cycletrip.pro/climbs/przelecz-laszczowa"}}, {"type": "Feature", "geometry": {"type": "Point", "coordinates": [5.5983269, 44.5495973]}, "properties": {"climb_slug": "col-de-cabre", "climb_name": "Col de Cabre", "country": "FR", "region": null, "side": "from Aspres-sur-Buëch", "category": "3", "length_km": 16.9, "elevation_gain_m": 421, "avg_grade_pct": 2.5, "max_grade_pct": 10.3, "summit_elevation_m": 1180, "summit_lat": 44.5496, "summit_lon": 5.59833, "start_lat": 44.51631, "start_lon": 5.74511, "wikidata_id": "Q2982025", "cycletrip_url": "https://cycletrip.pro/climbs/col-de-cabre"}}, {"type": "Feature", "geometry": {"type": "Point", "coordinates": [5.5983269, 44.5495973]}, "properties": {"climb_slug": "col-de-cabre", "climb_name": "Col de Cabre", "country": "FR", "region": null, "side": "from Luc-en-Diois", "category": "3", "length_km": 24.9, "elevation_gain_m": 633, "avg_grade_pct": 2.5, "max_grade_pct": 11.0, "summit_elevation_m": 1180, "summit_lat": 44.5496, "summit_lon": 5.59833, "start_lat": 44.618, "start_lon": 5.44662, "wikidata_id": "Q2982025", "cycletrip_url": "https://cycletrip.pro/climbs/col-de-cabre"}}, {"type": "Feature", "geometry": {"type": "Point", "coordinates": [14.99426, 38.04414]}, "properties": {"climb_slug": "portella-santa-maria", "climb_name": "Portella Santa Maria", "country": "IT", "region": "Sicily", "side": "from Braidi", "category": "3", "length_km": 4.0, "elevation_gain_m": 188, "avg_grade_pct": 4.7, "max_grade_pct": 10.3, "summit_elevation_m": 746, "summit_lat": 38.04414, "summit_lon": 14.99426, "start_lat": 38.06046, "start_lon": 15.0166, "wikidata_id": "", "cycletrip_url": "https://cycletrip.pro/climbs/portella-santa-maria"}}, {"type": "Feature", "geometry": {"type": "Point", "coordinates": [14.99426, 38.04414]}, "properties": {"climb_slug": "portella-santa-maria", "climb_name": "Portella Santa Maria", "country": "IT", "region": "Sicily", "side": "from San Piero Patti", "category": "3", "length_km": 7.0, "elevation_gain_m": 328, "avg_grade_pct": 4.7, "max_grade_pct": 11.1, "summit_elevation_m": 746, "summit_lat": 38.04414, "summit_lon": 14.99426, "start_lat": 38.0449, "start_lon": 14.96566, "wikidata_id": "", "cycletrip_url": "https://cycletrip.pro/climbs/portella-santa-maria"}}, {"type": "Feature", "geometry": {"type": "Point", "coordinates": [20.0513835, 49.3496283]}, "properties": {"climb_slug": "gliczarow-gorny", "climb_name": "Gliczarów Górny", "country": "PL", "region": "Podhale", "side": "from Biały Dunajec", "category": "3", "length_km": 5.5, "elevation_gain_m": 293, "avg_grade_pct": 5.3, "max_grade_pct": 16.9, "summit_elevation_m": 980, "summit_lat": 49.34963, "summit_lon": 20.05138, "start_lat": 49.38311, "start_lon": 20.01877, "wikidata_id": "", "cycletrip_url": "https://cycletrip.pro/climbs/gliczarow-gorny"}}, {"type": "Feature", "geometry": {"type": "Point", "coordinates": [6.63334, 43.68595]}, "properties": {"climb_slug": "col-de-la-glaciere", "climb_name": "Col de la Glacière", "country": "FR", "region": "Provence", "side": "from Mons", "category": "3", "length_km": 4.4, "elevation_gain_m": 258, "avg_grade_pct": 5.9, "max_grade_pct": 8.8, "summit_elevation_m": 1069, "summit_lat": 43.68595, "summit_lon": 6.63334, "start_lat": 43.67569, "start_lon": 6.66687, "wikidata_id": "", "cycletrip_url": "https://cycletrip.pro/climbs/col-de-la-glaciere"}}, {"type": "Feature", "geometry": {"type": "Point", "coordinates": [6.63334, 43.68595]}, "properties": {"climb_slug": "col-de-la-glaciere", "climb_name": "Col de la Glacière", "country": "FR", "region": "Provence", "side": "from Seillans", "category": "3", "length_km": 4.7, "elevation_gain_m": 221, "avg_grade_pct": 4.7, "max_grade_pct": 7.6, "summit_elevation_m": 1069, "summit_lat": 43.68595, "summit_lon": 6.63334, "start_lat": 43.6828, "start_lon": 6.58594, "wikidata_id": "", "cycletrip_url": "https://cycletrip.pro/climbs/col-de-la-glaciere"}}, {"type": "Feature", "geometry": {"type": "Point", "coordinates": [10.8362494, 44.0429484]}, "properties": {"climb_slug": "passo-di-monte-oppio", "climb_name": "Passo di Monte Oppio", "country": "IT", "region": "Tuscany", "side": "from Popiglio", "category": "3", "length_km": 7.9, "elevation_gain_m": 350, "avg_grade_pct": 4.4, "max_grade_pct": 10.3, "summit_elevation_m": 821, "summit_lat": 44.04295, "summit_lon": 10.83625, "start_lat": 44.06284, "start_lon": 10.76634, "wikidata_id": "Q3897436", "cycletrip_url": "https://cycletrip.pro/climbs/passo-di-monte-oppio"}}, {"type": "Feature", "geometry": {"type": "Point", "coordinates": [-2.48769, 43.13663]}, "properties": {"climb_slug": "elgeta", "climb_name": "Elgeta", "country": "ES", "region": "Basque Country", "side": "from Bergara", "category": "3", "length_km": 7.2, "elevation_gain_m": 332, "avg_grade_pct": 4.6, "max_grade_pct": 11.3, "summit_elevation_m": 468, "summit_lat": 43.13663, "summit_lon": -2.48769, "start_lat": 43.13082, "start_lon": -2.42231, "wikidata_id": "", "cycletrip_url": "https://cycletrip.pro/climbs/elgeta"}}, {"type": "Feature", "geometry": {"type": "Point", "coordinates": [10.27888908435669, 45.718525059263186]}, "properties": {"climb_slug": "lodrino", "climb_name": "Lodrino", "country": "IT", "region": "Lake Garda", "side": "from Brozzo", "category": "3", "length_km": 6.6, "elevation_gain_m": 318, "avg_grade_pct": 4.8, "max_grade_pct": 9.7, "summit_elevation_m": "", "summit_lat": 45.71853, "summit_lon": 10.27889, "start_lat": 45.71938, "start_lon": 10.23231, "wikidata_id": "", "cycletrip_url": "https://cycletrip.pro/climbs/lodrino"}}, {"type": "Feature", "geometry": {"type": "Point", "coordinates": [10.27888908435669, 45.718525059263186]}, "properties": {"climb_slug": "lodrino", "climb_name": "Lodrino", "country": "IT", "region": "Lake Garda", "side": "from Nozza", "category": "3", "length_km": 13.3, "elevation_gain_m": 401, "avg_grade_pct": 3.0, "max_grade_pct": 10.0, "summit_elevation_m": "", "summit_lat": 45.71853, "summit_lon": 10.27889, "start_lat": 45.70267, "start_lon": 10.37835, "wikidata_id": "", "cycletrip_url": "https://cycletrip.pro/climbs/lodrino"}}, {"type": "Feature", "geometry": {"type": "Point", "coordinates": [1.9242362, 42.7971981]}, "properties": {"climb_slug": "col-des-sept-fr-res", "climb_name": "Col des Sept Frères", "country": "FR", "region": "Pyrenees", "side": "from Brenac", "category": "3", "length_km": 28.7, "elevation_gain_m": 672, "avg_grade_pct": 2.3, "max_grade_pct": 8.3, "summit_elevation_m": 1258, "summit_lat": 42.7972, "summit_lon": 1.92424, "start_lat": 42.88274, "start_lon": 2.13514, "wikidata_id": "Q86661923", "cycletrip_url": "https://cycletrip.pro/climbs/col-des-sept-fr-res"}}, {"type": "Feature", "geometry": {"type": "Point", "coordinates": [15.26633, 37.87952]}, "properties": {"climb_slug": "portella-del-giasso", "climb_name": "Portella del Giasso", "country": "IT", "region": "Sicily", "side": "from Castelmola", "category": "3", "length_km": 3.7, "elevation_gain_m": 235, "avg_grade_pct": 6.4, "max_grade_pct": 15.7, "summit_elevation_m": 671, "summit_lat": 37.87952, "summit_lon": 15.26633, "start_lat": 37.86503, "start_lon": 15.27752, "wikidata_id": "", "cycletrip_url": "https://cycletrip.pro/climbs/portella-del-giasso"}}, {"type": "Feature", "geometry": {"type": "Point", "coordinates": [-3.14413, 43.13464]}, "properties": {"climb_slug": "alto-de-los-heros", "climb_name": "Alto de los Heros", "country": "ES", "region": "Basque Country", "side": "from Artziniega", "category": "3", "length_km": 2.0, "elevation_gain_m": 174, "avg_grade_pct": 8.7, "max_grade_pct": 14.2, "summit_elevation_m": 372, "summit_lat": 43.13464, "summit_lon": -3.14413, "start_lat": 43.12238, "start_lon": -3.13172, "wikidata_id": "", "cycletrip_url": "https://cycletrip.pro/climbs/alto-de-los-heros"}}, {"type": "Feature", "geometry": {"type": "Point", "coordinates": [-3.14413, 43.13464]}, "properties": {"climb_slug": "alto-de-los-heros", "climb_name": "Alto de los Heros", "country": "ES", "region": "Basque Country", "side": "from Valle de Mena", "category": "3", "length_km": 3.3, "elevation_gain_m": 180, "avg_grade_pct": 5.5, "max_grade_pct": 8.7, "summit_elevation_m": 372, "summit_lat": 43.13464, "summit_lon": -3.14413, "start_lat": 43.15025, "start_lon": -3.16797, "wikidata_id": "", "cycletrip_url": "https://cycletrip.pro/climbs/alto-de-los-heros"}}, {"type": "Feature", "geometry": {"type": "Point", "coordinates": [2.8011265, 42.4215019]}, "properties": {"climb_slug": "coll-de-manrella", "climb_name": "Coll de Manrella", "country": "ES", "region": "Girona", "side": "from Maçanet de Cabrenys", "category": "3", "length_km": 9.0, "elevation_gain_m": 372, "avg_grade_pct": 4.1, "max_grade_pct": 15.6, "summit_elevation_m": 715, "summit_lat": 42.4215, "summit_lon": 2.80113, "start_lat": 42.39038, "start_lon": 2.76657, "wikidata_id": "Q17598259", "cycletrip_url": "https://cycletrip.pro/climbs/coll-de-manrella"}}, {"type": "Feature", "geometry": {"type": "Point", "coordinates": [-5.6576165296786325, 43.21693426118714]}, "properties": {"climb_slug": "alto-de-la-colladiella", "climb_name": "Alto de la Colladiella", "country": "ES", "region": "Asturias", "side": "from Turón", "category": "3", "length_km": 9.4, "elevation_gain_m": 374, "avg_grade_pct": 4.0, "max_grade_pct": 13.5, "summit_elevation_m": 669, "summit_lat": 43.21693, "summit_lon": -5.65762, "start_lat": 43.20858, "start_lon": -5.73884, "wikidata_id": "", "cycletrip_url": "https://cycletrip.pro/climbs/alto-de-la-colladiella"}}, {"type": "Feature", "geometry": {"type": "Point", "coordinates": [16.91904, 50.37001]}, "properties": {"climb_slug": "przelecz-ladecka-landecke-sedlo", "climb_name": "Przełęcz Lądecka / Landecké sedlo", "country": "PL", "region": "Kotlina Kłodzka", "side": "from Bílý Potok", "category": "3", "length_km": 9.3, "elevation_gain_m": 370, "avg_grade_pct": 4.0, "max_grade_pct": 8.6, "summit_elevation_m": 665, "summit_lat": 50.37001, "summit_lon": 16.91904, "start_lat": 50.39075, "start_lon": 17.00564, "wikidata_id": "", "cycletrip_url": "https://cycletrip.pro/climbs/przelecz-ladecka-landecke-sedlo"}}, {"type": "Feature", "geometry": {"type": "Point", "coordinates": [16.91904, 50.37001]}, "properties": {"climb_slug": "przelecz-ladecka-landecke-sedlo", "climb_name": "Przełęcz Lądecka / Landecké sedlo", "country": "PL", "region": "Kotlina Kłodzka", "side": "from Lądek-Zdrój", "category": "3", "length_km": 4.8, "elevation_gain_m": 225, "avg_grade_pct": 4.7, "max_grade_pct": 9.2, "summit_elevation_m": 665, "summit_lat": 50.37001, "summit_lon": 16.91904, "start_lat": 50.34452, "start_lon": 16.88148, "wikidata_id": "", "cycletrip_url": "https://cycletrip.pro/climbs/przelecz-ladecka-landecke-sedlo"}}, {"type": "Feature", "geometry": {"type": "Point", "coordinates": [19.94819, 49.33612]}, "properties": {"climb_slug": "zab", "climb_name": "Ząb", "country": "PL", "region": "Podhale", "side": "from Poronin", "category": "3", "length_km": 4.4, "elevation_gain_m": 256, "avg_grade_pct": 5.8, "max_grade_pct": 9.2, "summit_elevation_m": "", "summit_lat": 49.33612, "summit_lon": 19.94819, "start_lat": 49.33997, "start_lon": 20.0031, "wikidata_id": "", "cycletrip_url": "https://cycletrip.pro/climbs/zab"}}, {"type": "Feature", "geometry": {"type": "Point", "coordinates": [16.84222, 50.39921]}, "properties": {"climb_slug": "przelecz-jaworowa", "climb_name": "Przełęcz Jaworowa", "country": "PL", "region": "Kotlina Kłodzka", "side": "from Mąkolno", "category": "3", "length_km": 8.8, "elevation_gain_m": 364, "avg_grade_pct": 4.1, "max_grade_pct": 14.1, "summit_elevation_m": 707, "summit_lat": 50.39921, "summit_lon": 16.84222, "start_lat": 50.44722, "start_lon": 16.86578, "wikidata_id": "", "cycletrip_url": "https://cycletrip.pro/climbs/przelecz-jaworowa"}}, {"type": "Feature", "geometry": {"type": "Point", "coordinates": [16.84222, 50.39921]}, "properties": {"climb_slug": "przelecz-jaworowa", "climb_name": "Przełęcz Jaworowa", "country": "PL", "region": "Kotlina Kłodzka", "side": "from Radochów", "category": "3", "length_km": 6.6, "elevation_gain_m": 286, "avg_grade_pct": 4.3, "max_grade_pct": 9.3, "summit_elevation_m": 707, "summit_lat": 50.39921, "summit_lon": 16.84222, "start_lat": 50.36212, "start_lon": 16.84871, "wikidata_id": "", "cycletrip_url": "https://cycletrip.pro/climbs/przelecz-jaworowa"}}, {"type": "Feature", "geometry": {"type": "Point", "coordinates": [10.6454504, 45.8643954]}, "properties": {"climb_slug": "passo-dell-ampola", "climb_name": "Passo dell'Ampola", "country": "IT", "region": "Lake Garda", "side": "from Biacesa di Ledro", "category": "3", "length_km": 17.6, "elevation_gain_m": 378, "avg_grade_pct": 2.2, "max_grade_pct": 12.1, "summit_elevation_m": 747, "summit_lat": 45.8644, "summit_lon": 10.64545, "start_lat": 45.86458, "start_lon": 10.81515, "wikidata_id": "Q3897349", "cycletrip_url": "https://cycletrip.pro/climbs/passo-dell-ampola"}}, {"type": "Feature", "geometry": {"type": "Point", "coordinates": [10.6454504, 45.8643954]}, "properties": {"climb_slug": "passo-dell-ampola", "climb_name": "Passo dell'Ampola", "country": "IT", "region": "Lake Garda", "side": "from Storo", "category": "3", "length_km": 9.2, "elevation_gain_m": 368, "avg_grade_pct": 4.0, "max_grade_pct": 19.5, "summit_elevation_m": 747, "summit_lat": 45.8644, "summit_lon": 10.64545, "start_lat": 45.85206, "start_lon": 10.57431, "wikidata_id": "Q3897349", "cycletrip_url": "https://cycletrip.pro/climbs/passo-dell-ampola"}}, {"type": "Feature", "geometry": {"type": "Point", "coordinates": [1.3913523, 42.006011]}, "properties": {"climb_slug": "collada-de-la-fusta", "climb_name": "Collada de la Fusta", "country": "ES", "region": "Southern Pyrenees", "side": "from Bassella", "category": "4", "length_km": 10.0, "elevation_gain_m": 242, "avg_grade_pct": 2.4, "max_grade_pct": 12.7, "summit_elevation_m": 737, "summit_lat": 42.00601, "summit_lon": 1.39135, "start_lat": 41.99898, "start_lon": 1.29622, "wikidata_id": "Q11914649", "cycletrip_url": "https://cycletrip.pro/climbs/collada-de-la-fusta"}}, {"type": "Feature", "geometry": {"type": "Point", "coordinates": [1.3913523, 42.006011]}, "properties": {"climb_slug": "collada-de-la-fusta", "climb_name": "Collada de la Fusta", "country": "ES", "region": "Southern Pyrenees", "side": "from Castellar de la Ribera", "category": "3", "length_km": 3.7, "elevation_gain_m": 234, "avg_grade_pct": 6.3, "max_grade_pct": 15.5, "summit_elevation_m": 737, "summit_lat": 42.00601, "summit_lon": 1.39135, "start_lat": 42.02084, "start_lon": 1.36734, "wikidata_id": "Q11914649", "cycletrip_url": "https://cycletrip.pro/climbs/collada-de-la-fusta"}}, {"type": "Feature", "geometry": {"type": "Point", "coordinates": [-2.20238, 43.29049]}, "properties": {"climb_slug": "garate", "climb_name": "Garate", "country": "ES", "region": "Basque Country", "side": "from Getaria", "category": "3", "length_km": 2.9, "elevation_gain_m": 205, "avg_grade_pct": 7.1, "max_grade_pct": 10.7, "summit_elevation_m": 242, "summit_lat": 43.29049, "summit_lon": -2.20238, "start_lat": 43.30262, "start_lon": -2.20394, "wikidata_id": "", "cycletrip_url": "https://cycletrip.pro/climbs/garate"}}, {"type": "Feature", "geometry": {"type": "Point", "coordinates": [-2.20238, 43.29049]}, "properties": {"climb_slug": "garate", "climb_name": "Garate", "country": "ES", "region": "Basque Country", "side": "from Zumaia", "category": "3", "length_km": 4.7, "elevation_gain_m": 218, "avg_grade_pct": 4.6, "max_grade_pct": 9.8, "summit_elevation_m": 242, "summit_lat": 43.29049, "summit_lon": -2.20238, "start_lat": 43.2735, "start_lon": -2.23032, "wikidata_id": "", "cycletrip_url": "https://cycletrip.pro/climbs/garate"}}, {"type": "Feature", "geometry": {"type": "Point", "coordinates": [3.924257, 45.5772807]}, "properties": {"climb_slug": "col-de-baracuchet", "climb_name": "Col de Baracuchet", "country": "FR", "region": "Massif Central", "side": "from Roche-en-Forez", "category": "3", "length_km": 7.6, "elevation_gain_m": 278, "avg_grade_pct": 3.7, "max_grade_pct": 10.0, "summit_elevation_m": 1267, "summit_lat": 45.57728, "summit_lon": 3.92426, "start_lat": 45.60339, "start_lon": 3.94817, "wikidata_id": "Q50610083", "cycletrip_url": "https://cycletrip.pro/climbs/col-de-baracuchet"}}, {"type": "Feature", "geometry": {"type": "Point", "coordinates": [3.924257, 45.5772807]}, "properties": {"climb_slug": "col-de-baracuchet", "climb_name": "Col de Baracuchet", "country": "FR", "region": "Massif Central", "side": "from Saint-Anthème", "category": "3", "length_km": 6.6, "elevation_gain_m": 309, "avg_grade_pct": 4.7, "max_grade_pct": 7.8, "summit_elevation_m": 1267, "summit_lat": 45.57728, "summit_lon": 3.92426, "start_lat": 45.52938, "start_lon": 3.91816, "wikidata_id": "Q50610083", "cycletrip_url": "https://cycletrip.pro/climbs/col-de-baracuchet"}}, {"type": "Feature", "geometry": {"type": "Point", "coordinates": [-2.9431992285454625, 37.93540154290908]}, "properties": {"climb_slug": "puerto-mirador-de-las-palomas", "climb_name": "Puerto Mirador de las Palomas", "country": "ES", "region": "Andalusia", "side": "from Cazorla", "category": "3", "length_km": 14.6, "elevation_gain_m": 415, "avg_grade_pct": 2.8, "max_grade_pct": 10.4, "summit_elevation_m": 1250, "summit_lat": 37.9354, "summit_lon": -2.9432, "start_lat": 37.91319, "start_lon": -3.00283, "wikidata_id": "", "cycletrip_url": "https://cycletrip.pro/climbs/puerto-mirador-de-las-palomas"}}, {"type": "Feature", "geometry": {"type": "Point", "coordinates": [-2.9431992285454625, 37.93540154290908]}, "properties": {"climb_slug": "puerto-mirador-de-las-palomas", "climb_name": "Puerto Mirador de las Palomas", "country": "ES", "region": "Andalusia", "side": "from Loma de María Ángela", "category": "3", "length_km": 19.9, "elevation_gain_m": 546, "avg_grade_pct": 2.7, "max_grade_pct": 11.3, "summit_elevation_m": 1250, "summit_lat": 37.9354, "summit_lon": -2.9432, "start_lat": 38.021, "start_lon": -2.87084, "wikidata_id": "", "cycletrip_url": "https://cycletrip.pro/climbs/puerto-mirador-de-las-palomas"}}, {"type": "Feature", "geometry": {"type": "Point", "coordinates": [-1.0526595711365214, 42.71740004594966]}, "properties": {"climb_slug": "alto-de-las-coronas", "climb_name": "Alto de las Coronas", "country": "ES", "region": "Southern Pyrenees", "side": "from Burgui / Burgi", "category": "3", "length_km": 8.6, "elevation_gain_m": 297, "avg_grade_pct": 3.5, "max_grade_pct": 10.5, "summit_elevation_m": 923, "summit_lat": 42.7174, "summit_lon": -1.05266, "start_lat": 42.72371, "start_lon": -1.0012, "wikidata_id": "", "cycletrip_url": "https://cycletrip.pro/climbs/alto-de-las-coronas"}}, {"type": "Feature", "geometry": {"type": "Point", "coordinates": [-1.0526595711365214, 42.71740004594966]}, "properties": {"climb_slug": "alto-de-las-coronas", "climb_name": "Alto de las Coronas", "country": "ES", "region": "Southern Pyrenees", "side": "from Navascués / Nabaskoze", "category": "3", "length_km": 8.2, "elevation_gain_m": 344, "avg_grade_pct": 4.2, "max_grade_pct": 9.7, "summit_elevation_m": 923, "summit_lat": 42.7174, "summit_lon": -1.05266, "start_lat": 42.70645, "start_lon": -1.12945, "wikidata_id": "", "cycletrip_url": "https://cycletrip.pro/climbs/alto-de-las-coronas"}}, {"type": "Feature", "geometry": {"type": "Point", "coordinates": [5.58009, 43.82909]}, "properties": {"climb_slug": "col-de-laire-dei-masco", "climb_name": "Col de l'Aire Deï Masco", "country": "FR", "region": "Provence", "side": "from Céreste-en-Luberon", "category": "3", "length_km": 8.2, "elevation_gain_m": 299, "avg_grade_pct": 3.7, "max_grade_pct": 8.8, "summit_elevation_m": 696, "summit_lat": 43.82909, "summit_lon": 5.58009, "start_lat": 43.85703, "start_lon": 5.5881, "wikidata_id": "", "cycletrip_url": "https://cycletrip.pro/climbs/col-de-laire-dei-masco"}}, {"type": "Feature", "geometry": {"type": "Point", "coordinates": [5.58009, 43.82909]}, "properties": {"climb_slug": "col-de-laire-dei-masco", "climb_name": "Col de l'Aire Deï Masco", "country": "FR", "region": "Provence", "side": "from Grambois", "category": "3", "length_km": 10.5, "elevation_gain_m": 386, "avg_grade_pct": 3.7, "max_grade_pct": 8.5, "summit_elevation_m": 696, "summit_lat": 43.82909, "summit_lon": 5.58009, "start_lat": 43.76531, "start_lon": 5.59009, "wikidata_id": "", "cycletrip_url": "https://cycletrip.pro/climbs/col-de-laire-dei-masco"}}, {"type": "Feature", "geometry": {"type": "Point", "coordinates": [15.52532, 38.23638]}, "properties": {"climb_slug": "portella-castanea", "climb_name": "Portella Castanea", "country": "IT", "region": "Sicily", "side": "from Messina", "category": "3", "length_km": 12.4, "elevation_gain_m": 423, "avg_grade_pct": 3.4, "max_grade_pct": 11.3, "summit_elevation_m": 448, "summit_lat": 38.23638, "summit_lon": 15.52532, "start_lat": 38.20456, "start_lon": 15.55719, "wikidata_id": "", "cycletrip_url": "https://cycletrip.pro/climbs/portella-castanea"}}, {"type": "Feature", "geometry": {"type": "Point", "coordinates": [15.52532, 38.23638]}, "properties": {"climb_slug": "portella-castanea", "climb_name": "Portella Castanea", "country": "IT", "region": "Sicily", "side": "from Salice", "category": "3", "length_km": 10.6, "elevation_gain_m": 348, "avg_grade_pct": 3.3, "max_grade_pct": 12.5, "summit_elevation_m": 448, "summit_lat": 38.23638, "summit_lon": 15.52532, "start_lat": 38.29425, "start_lon": 15.54088, "wikidata_id": "", "cycletrip_url": "https://cycletrip.pro/climbs/portella-castanea"}}, {"type": "Feature", "geometry": {"type": "Point", "coordinates": [11.2210989, 45.7202682]}, "properties": {"climb_slug": "passo-xon", "climb_name": "Passo Xon", "country": "IT", "region": "Veneto", "side": "from Schio", "category": "3", "length_km": 13.8, "elevation_gain_m": 448, "avg_grade_pct": 3.2, "max_grade_pct": 12.4, "summit_elevation_m": 671, "summit_lat": 45.72027, "summit_lon": 11.2211, "start_lat": 45.71509, "start_lon": 11.33303, "wikidata_id": "Q3897348", "cycletrip_url": "https://cycletrip.pro/climbs/passo-xon"}}, {"type": "Feature", "geometry": {"type": "Point", "coordinates": [11.2210989, 45.7202682]}, "properties": {"climb_slug": "passo-xon", "climb_name": "Passo Xon", "country": "IT", "region": "Veneto", "side": "from Valdagno", "category": "3", "length_km": 12.1, "elevation_gain_m": 383, "avg_grade_pct": 3.2, "max_grade_pct": 15.7, "summit_elevation_m": 671, "summit_lat": 45.72027, "summit_lon": 11.2211, "start_lat": 45.66218, "start_lon": 11.29378, "wikidata_id": "Q3897348", "cycletrip_url": "https://cycletrip.pro/climbs/passo-xon"}}, {"type": "Feature", "geometry": {"type": "Point", "coordinates": [5.6468976, 46.1109073]}, "properties": {"climb_slug": "col-de-belle-roche", "climb_name": "Col de Belle Roche", "country": "FR", "region": "Jura", "side": "from La Rivoire", "category": "3", "length_km": 13.8, "elevation_gain_m": 335, "avg_grade_pct": 2.4, "max_grade_pct": 7.6, "summit_elevation_m": 1056, "summit_lat": 46.11091, "summit_lon": 5.6469, "start_lat": 45.99953, "start_lon": 5.68964, "wikidata_id": "Q2982013", "cycletrip_url": "https://cycletrip.pro/climbs/col-de-belle-roche"}}, {"type": "Feature", "geometry": {"type": "Point", "coordinates": [5.6468976, 46.1109073]}, "properties": {"climb_slug": "col-de-belle-roche", "climb_name": "Col de Belle Roche", "country": "FR", "region": "Jura", "side": "from Les Neyrolles", "category": "3", "length_km": 5.0, "elevation_gain_m": 262, "avg_grade_pct": 5.3, "max_grade_pct": 14.1, "summit_elevation_m": 1056, "summit_lat": 46.11091, "summit_lon": 5.6469, "start_lat": 46.13477, "start_lon": 5.63579, "wikidata_id": "Q2982013", "cycletrip_url": "https://cycletrip.pro/climbs/col-de-belle-roche"}}, {"type": "Feature", "geometry": {"type": "Point", "coordinates": [5.870722056664678, 44.67918308499702]}, "properties": {"climb_slug": "col-du-festre", "climb_name": "Col du Festre", "country": "FR", "region": "French Alps", "side": "from Pellafol", "category": "3", "length_km": 10.2, "elevation_gain_m": 379, "avg_grade_pct": 3.7, "max_grade_pct": 10.2, "summit_elevation_m": 1320, "summit_lat": 44.67918, "summit_lon": 5.87072, "start_lat": 44.75113, "start_lon": 5.88363, "wikidata_id": "", "cycletrip_url": "https://cycletrip.pro/climbs/col-du-festre"}}, {"type": "Feature", "geometry": {"type": "Point", "coordinates": [11.4902818, 43.0575578]}, "properties": {"climb_slug": "montalcino", "climb_name": "Montalcino", "country": "IT", "region": "Tuscany", "side": "from Montalcino", "category": "3", "length_km": 6.0, "elevation_gain_m": 287, "avg_grade_pct": 4.8, "max_grade_pct": 9.3, "summit_elevation_m": "", "summit_lat": 43.05756, "summit_lon": 11.49028, "start_lat": 43.06652, "start_lon": 11.5414, "wikidata_id": "", "cycletrip_url": "https://cycletrip.pro/climbs/montalcino"}}, {"type": "Feature", "geometry": {"type": "Point", "coordinates": [15.83451, 50.97617]}, "properties": {"climb_slug": "przelecz-pod-swierkami", "climb_name": "Przełęcz pod Świerkami", "country": "PL", "region": "Sudety", "side": "from Sędziszowa", "category": "3", "length_km": 6.5, "elevation_gain_m": 300, "avg_grade_pct": 4.6, "max_grade_pct": 16.2, "summit_elevation_m": 544, "summit_lat": 50.97617, "summit_lon": 15.83451, "start_lat": 51.01889, "start_lon": 15.88429, "wikidata_id": "", "cycletrip_url": "https://cycletrip.pro/climbs/przelecz-pod-swierkami"}}, {"type": "Feature", "geometry": {"type": "Point", "coordinates": [3.5429588, 44.667953]}, "properties": {"climb_slug": "col-du-cheval-mort", "climb_name": "Col du Cheval Mort", "country": "FR", "region": "Massif Central", "side": "from Arzenc-de-Randon", "category": "3", "length_km": 10.0, "elevation_gain_m": 286, "avg_grade_pct": 2.9, "max_grade_pct": 7.4, "summit_elevation_m": 1454, "summit_lat": 44.66795, "summit_lon": 3.54296, "start_lat": 44.65495, "start_lon": 3.64501, "wikidata_id": "Q2982252", "cycletrip_url": "https://cycletrip.pro/climbs/col-du-cheval-mort"}}, {"type": "Feature", "geometry": {"type": "Point", "coordinates": [3.5429588, 44.667953]}, "properties": {"climb_slug": "col-du-cheval-mort", "climb_name": "Col du Cheval Mort", "country": "FR", "region": "Massif Central", "side": "from Monts-de-Randon", "category": "3", "length_km": 4.7, "elevation_gain_m": 253, "avg_grade_pct": 5.4, "max_grade_pct": 9.0, "summit_elevation_m": 1454, "summit_lat": 44.66795, "summit_lon": 3.54296, "start_lat": 44.66915, "start_lon": 3.49365, "wikidata_id": "Q2982252", "cycletrip_url": "https://cycletrip.pro/climbs/col-du-cheval-mort"}}, {"type": "Feature", "geometry": {"type": "Point", "coordinates": [15.4918, 38.19944]}, "properties": {"climb_slug": "portella-dellarmacia", "climb_name": "Portella dell'Armacia", "country": "IT", "region": "Sicily", "side": "from Salice", "category": "3", "length_km": 2.7, "elevation_gain_m": 190, "avg_grade_pct": 7.1, "max_grade_pct": 15.2, "summit_elevation_m": 675, "summit_lat": 38.19944, "summit_lon": 15.4918, "start_lat": 38.21558, "start_lon": 15.50593, "wikidata_id": "", "cycletrip_url": "https://cycletrip.pro/climbs/portella-dellarmacia"}}, {"type": "Feature", "geometry": {"type": "Point", "coordinates": [6.0053553, 46.5633169]}, "properties": {"climb_slug": "col-de-la-savine", "climb_name": "Col de la Savine", "country": "FR", "region": null, "side": "from Hauts de Bienne", "category": "3", "length_km": 5.9, "elevation_gain_m": 284, "avg_grade_pct": 4.8, "max_grade_pct": 9.5, "summit_elevation_m": 984, "summit_lat": 46.56332, "summit_lon": 6.00536, "start_lat": 46.52622, "start_lon": 6.02295, "wikidata_id": "Q2982198", "cycletrip_url": "https://cycletrip.pro/climbs/col-de-la-savine"}}, {"type": "Feature", "geometry": {"type": "Point", "coordinates": [18.90253, 49.60406]}, "properties": {"climb_slug": "przelecz-kubalonka", "climb_name": "Przełęcz Kubalonka", "country": "PL", "region": "Beskidy", "side": "from Wisła", "category": "3", "length_km": 7.3, "elevation_gain_m": 317, "avg_grade_pct": 4.3, "max_grade_pct": 10.8, "summit_elevation_m": 761, "summit_lat": 49.60406, "summit_lon": 18.90253, "start_lat": 49.64607, "start_lon": 18.8692, "wikidata_id": "", "cycletrip_url": "https://cycletrip.pro/climbs/przelecz-kubalonka"}}, {"type": "Feature", "geometry": {"type": "Point", "coordinates": [7.92525, 43.86182]}, "properties": {"climb_slug": "cipressa", "climb_name": "Cipressa", "country": "IT", "region": "Liguria", "side": "from San Lorenzo al Mare", "category": "3", "length_km": 5.8, "elevation_gain_m": 278, "avg_grade_pct": 4.8, "max_grade_pct": 9.9, "summit_elevation_m": 366, "summit_lat": 43.86182, "summit_lon": 7.92525, "start_lat": 43.85343, "start_lon": 7.96375, "wikidata_id": "", "cycletrip_url": "https://cycletrip.pro/climbs/cipressa"}}, {"type": "Feature", "geometry": {"type": "Point", "coordinates": [-2.4431, 43.24037]}, "properties": {"climb_slug": "urkaregi", "climb_name": "Urkaregi", "country": "ES", "region": "Basque Country", "side": "from Elgoibar", "category": "3", "length_km": 6.3, "elevation_gain_m": 287, "avg_grade_pct": 4.6, "max_grade_pct": 12.0, "summit_elevation_m": 368, "summit_lat": 43.24037, "summit_lon": -2.4431, "start_lat": 43.21494, "start_lon": -2.41777, "wikidata_id": "", "cycletrip_url": "https://cycletrip.pro/climbs/urkaregi"}}, {"type": "Feature", "geometry": {"type": "Point", "coordinates": [-2.4431, 43.24037]}, "properties": {"climb_slug": "urkaregi", "climb_name": "Urkaregi", "country": "ES", "region": "Basque Country", "side": "from Markina-Xemein", "category": "3", "length_km": 6.7, "elevation_gain_m": 243, "avg_grade_pct": 3.6, "max_grade_pct": 10.4, "summit_elevation_m": 368, "summit_lat": 43.24037, "summit_lon": -2.4431, "start_lat": 43.25984, "start_lon": -2.49078, "wikidata_id": "", "cycletrip_url": "https://cycletrip.pro/climbs/urkaregi"}}, {"type": "Feature", "geometry": {"type": "Point", "coordinates": [-0.65255, 38.6505]}, "properties": {"climb_slug": "port-de-canalis-donil", "climb_name": "Port de Canalís d'Onil", "country": "ES", "region": "Costa Blanca", "side": "from Onil", "category": "3", "length_km": 5.3, "elevation_gain_m": 264, "avg_grade_pct": 5.0, "max_grade_pct": 9.0, "summit_elevation_m": 1015, "summit_lat": 38.6505, "summit_lon": -0.65255, "start_lat": 38.62475, "start_lon": -0.67465, "wikidata_id": "", "cycletrip_url": "https://cycletrip.pro/climbs/port-de-canalis-donil"}}, {"type": "Feature", "geometry": {"type": "Point", "coordinates": [16.3388069, 50.4755803]}, "properties": {"climb_slug": "karlow", "climb_name": "Karłów", "country": "PL", "region": "Kotlina Kłodzka", "side": "from Kudowa-Zdrój", "category": "3", "length_km": 11.1, "elevation_gain_m": 364, "avg_grade_pct": 3.3, "max_grade_pct": 10.3, "summit_elevation_m": "", "summit_lat": 50.47558, "summit_lon": 16.33881, "start_lat": 50.44252, "start_lon": 16.2437, "wikidata_id": "", "cycletrip_url": "https://cycletrip.pro/climbs/karlow"}}, {"type": "Feature", "geometry": {"type": "Point", "coordinates": [16.3388069, 50.4755803]}, "properties": {"climb_slug": "karlow", "climb_name": "Karłów", "country": "PL", "region": "Kotlina Kłodzka", "side": "from Radków", "category": "3", "length_km": 10.8, "elevation_gain_m": 378, "avg_grade_pct": 3.5, "max_grade_pct": 11.2, "summit_elevation_m": "", "summit_lat": 50.47558, "summit_lon": 16.33881, "start_lat": 50.49976, "start_lon": 16.39885, "wikidata_id": "", "cycletrip_url": "https://cycletrip.pro/climbs/karlow"}}, {"type": "Feature", "geometry": {"type": "Point", "coordinates": [5.09664, 44.17931]}, "properties": {"climb_slug": "col-de-la-chaine", "climb_name": "Col de la Chaine", "country": "FR", "region": "Provence", "side": "from Beaumes-de-Venise", "category": "3", "length_km": 12.1, "elevation_gain_m": 396, "avg_grade_pct": 3.3, "max_grade_pct": 11.0, "summit_elevation_m": 472, "summit_lat": 44.17931, "summit_lon": 5.09664, "start_lat": 44.11741, "start_lon": 5.01589, "wikidata_id": "", "cycletrip_url": "https://cycletrip.pro/climbs/col-de-la-chaine"}}, {"type": "Feature", "geometry": {"type": "Point", "coordinates": [5.09664, 44.17931]}, "properties": {"climb_slug": "col-de-la-chaine", "climb_name": "Col de la Chaine", "country": "FR", "region": "Provence", "side": "from Malaucène", "category": "3", "length_km": 2.6, "elevation_gain_m": 167, "avg_grade_pct": 6.4, "max_grade_pct": 9.1, "summit_elevation_m": 472, "summit_lat": 44.17931, "summit_lon": 5.09664, "start_lat": 44.17703, "start_lon": 5.11764, "wikidata_id": "", "cycletrip_url": "https://cycletrip.pro/climbs/col-de-la-chaine"}}, {"type": "Feature", "geometry": {"type": "Point", "coordinates": [-5.672934893183007, 43.24261238309599]}, "properties": {"climb_slug": "alto-de-mozqueta", "climb_name": "Alto de Mozqueta", "country": "ES", "region": "Asturias", "side": "from Langreo", "category": "3", "length_km": 5.7, "elevation_gain_m": 271, "avg_grade_pct": 4.8, "max_grade_pct": 9.4, "summit_elevation_m": 494, "summit_lat": 43.24261, "summit_lon": -5.67293, "start_lat": 43.28823, "start_lon": -5.66906, "wikidata_id": "", "cycletrip_url": "https://cycletrip.pro/climbs/alto-de-mozqueta"}}, {"type": "Feature", "geometry": {"type": "Point", "coordinates": [-2.50574, 43.09672]}, "properties": {"climb_slug": "kanpazar-mendatea", "climb_name": "Kanpazar Mendatea", "country": "ES", "region": "Basque Country", "side": "from Bergara", "category": "3", "length_km": 5.4, "elevation_gain_m": 248, "avg_grade_pct": 4.6, "max_grade_pct": 8.6, "summit_elevation_m": 457, "summit_lat": 43.09672, "summit_lon": -2.50574, "start_lat": 43.07732, "start_lon": -2.46395, "wikidata_id": "", "cycletrip_url": "https://cycletrip.pro/climbs/kanpazar-mendatea"}}, {"type": "Feature", "geometry": {"type": "Point", "coordinates": [-2.50574, 43.09672]}, "properties": {"climb_slug": "kanpazar-mendatea", "climb_name": "Kanpazar Mendatea", "country": "ES", "region": "Basque Country", "side": "from Elorrio", "category": "3", "length_km": 5.0, "elevation_gain_m": 255, "avg_grade_pct": 5.1, "max_grade_pct": 8.8, "summit_elevation_m": 457, "summit_lat": 43.09672, "summit_lon": -2.50574, "start_lat": 43.11498, "start_lon": -2.53064, "wikidata_id": "", "cycletrip_url": "https://cycletrip.pro/climbs/kanpazar-mendatea"}}, {"type": "Feature", "geometry": {"type": "Point", "coordinates": [-2.54521, 43.21091]}, "properties": {"climb_slug": "trabakua", "climb_name": "Trabakua", "country": "ES", "region": "Basque Country", "side": "from Abadiño", "category": "3", "length_km": 7.8, "elevation_gain_m": 266, "avg_grade_pct": 3.4, "max_grade_pct": 13.4, "summit_elevation_m": 404, "summit_lat": 43.21091, "summit_lon": -2.54521, "start_lat": 43.16934, "start_lon": -2.60131, "wikidata_id": "", "cycletrip_url": "https://cycletrip.pro/climbs/trabakua"}}, {"type": "Feature", "geometry": {"type": "Point", "coordinates": [-2.54521, 43.21091]}, "properties": {"climb_slug": "trabakua", "climb_name": "Trabakua", "country": "ES", "region": "Basque Country", "side": "from Markina-Xemein", "category": "3", "length_km": 7.3, "elevation_gain_m": 303, "avg_grade_pct": 4.2, "max_grade_pct": 14.4, "summit_elevation_m": 404, "summit_lat": 43.21091, "summit_lon": -2.54521, "start_lat": 43.26442, "start_lon": -2.51303, "wikidata_id": "", "cycletrip_url": "https://cycletrip.pro/climbs/trabakua"}}, {"type": "Feature", "geometry": {"type": "Point", "coordinates": [10.8199382, 45.974404]}, "properties": {"climb_slug": "passo-del-ballino", "climb_name": "Passo Del Ballino", "country": "IT", "region": "Lake Garda", "side": "from Ponte Arche", "category": "3", "length_km": 11.1, "elevation_gain_m": 377, "avg_grade_pct": 3.4, "max_grade_pct": 9.0, "summit_elevation_m": 750, "summit_lat": 45.9744, "summit_lon": 10.81994, "start_lat": 46.04088, "start_lon": 10.88035, "wikidata_id": "Q3897355", "cycletrip_url": "https://cycletrip.pro/climbs/passo-del-ballino"}}, {"type": "Feature", "geometry": {"type": "Point", "coordinates": [10.8199382, 45.974404]}, "properties": {"climb_slug": "passo-del-ballino", "climb_name": "Passo Del Ballino", "country": "IT", "region": "Lake Garda", "side": "from Ville Del Monte", "category": "4", "length_km": 4.9, "elevation_gain_m": 172, "avg_grade_pct": 3.5, "max_grade_pct": 8.2, "summit_elevation_m": 750, "summit_lat": 45.9744, "summit_lon": 10.81994, "start_lat": 45.9359, "start_lon": 10.81184, "wikidata_id": "Q3897355", "cycletrip_url": "https://cycletrip.pro/climbs/passo-del-ballino"}}, {"type": "Feature", "geometry": {"type": "Point", "coordinates": [-0.61185, 38.74296]}, "properties": {"climb_slug": "alt-del-portell", "climb_name": "Alt del Portell", "country": "ES", "region": null, "side": "from Bocairent", "category": "3", "length_km": 2.4, "elevation_gain_m": 175, "avg_grade_pct": 7.3, "max_grade_pct": 10.3, "summit_elevation_m": 837, "summit_lat": 38.74296, "summit_lon": -0.61185, "start_lat": 38.75034, "start_lon": -0.62835, "wikidata_id": "", "cycletrip_url": "https://cycletrip.pro/climbs/alt-del-portell"}}, {"type": "Feature", "geometry": {"type": "Point", "coordinates": [12.79986, 38.05201]}, "properties": {"climb_slug": "portella-di-baida", "climb_name": "Portella di Baida", "country": "IT", "region": "Sicily", "side": "from Balata di Baida", "category": "3", "length_km": 2.1, "elevation_gain_m": 163, "avg_grade_pct": 7.8, "max_grade_pct": 10.0, "summit_elevation_m": 454, "summit_lat": 38.05201, "summit_lon": 12.79986, "start_lat": 38.03717, "start_lon": 12.79626, "wikidata_id": "", "cycletrip_url": "https://cycletrip.pro/climbs/portella-di-baida"}}, {"type": "Feature", "geometry": {"type": "Point", "coordinates": [1.5392973, 42.1386058]}, "properties": {"climb_slug": "coll-de-jou", "climb_name": "Coll de Jou", "country": "ES", "region": "Southern Pyrenees", "side": "from Encies", "category": "3", "length_km": 4.9, "elevation_gain_m": 250, "avg_grade_pct": 5.1, "max_grade_pct": 13.1, "summit_elevation_m": 1461, "summit_lat": 42.13861, "summit_lon": 1.5393, "start_lat": 42.11052, "start_lon": 1.54467, "wikidata_id": "Q11914499", "cycletrip_url": "https://cycletrip.pro/climbs/coll-de-jou"}}, {"type": "Feature", "geometry": {"type": "Point", "coordinates": [9.46317, 40.97674]}, "properties": {"climb_slug": "passo-plebi", "climb_name": "Passo Plebi", "country": "IT", "region": "Sardinia", "side": "from Olbia", "category": "3", "length_km": 4.9, "elevation_gain_m": 251, "avg_grade_pct": 5.1, "max_grade_pct": 9.8, "summit_elevation_m": 358, "summit_lat": 40.97674, "summit_lon": 9.46317, "start_lat": 40.97938, "start_lon": 9.42752, "wikidata_id": "", "cycletrip_url": "https://cycletrip.pro/climbs/passo-plebi"}}, {"type": "Feature", "geometry": {"type": "Point", "coordinates": [18.9551252, 49.5455981]}, "properties": {"climb_slug": "ochodzita", "climb_name": "Ochodzita", "country": "PL", "region": "Beskidy", "side": "from Laliki", "category": "4", "length_km": 5.0, "elevation_gain_m": 143, "avg_grade_pct": 2.9, "max_grade_pct": 8.2, "summit_elevation_m": "", "summit_lat": 49.5456, "summit_lon": 18.95513, "start_lat": 49.54936, "start_lon": 19.02092, "wikidata_id": "", "cycletrip_url": "https://cycletrip.pro/climbs/ochodzita"}}, {"type": "Feature", "geometry": {"type": "Point", "coordinates": [18.9551252, 49.5455981]}, "properties": {"climb_slug": "ochodzita", "climb_name": "Ochodzita", "country": "PL", "region": "Beskidy", "side": "from Písek", "category": "3", "length_km": 11.7, "elevation_gain_m": 383, "avg_grade_pct": 3.3, "max_grade_pct": 11.9, "summit_elevation_m": "", "summit_lat": 49.5456, "summit_lon": 18.95513, "start_lat": 49.55791, "start_lon": 18.81224, "wikidata_id": "", "cycletrip_url": "https://cycletrip.pro/climbs/ochodzita"}}, {"type": "Feature", "geometry": {"type": "Point", "coordinates": [-0.29158, 38.81227]}, "properties": {"climb_slug": "collado-de-benissili", "climb_name": "Collado de Benissili", "country": "ES", "region": "Costa Blanca", "side": "from Pego", "category": "3", "length_km": 20.2, "elevation_gain_m": 506, "avg_grade_pct": 2.5, "max_grade_pct": 7.7, "summit_elevation_m": 571, "summit_lat": 38.81227, "summit_lon": -0.29158, "start_lat": 38.84703, "start_lon": -0.12546, "wikidata_id": "", "cycletrip_url": "https://cycletrip.pro/climbs/collado-de-benissili"}}, {"type": "Feature", "geometry": {"type": "Point", "coordinates": [-0.29158, 38.81227]}, "properties": {"climb_slug": "collado-de-benissili", "climb_name": "Collado de Benissili", "country": "ES", "region": "Costa Blanca", "side": "from Planes", "category": "4", "length_km": 12.1, "elevation_gain_m": 221, "avg_grade_pct": 1.8, "max_grade_pct": 9.1, "summit_elevation_m": 571, "summit_lat": 38.81227, "summit_lon": -0.29158, "start_lat": 38.78667, "start_lon": -0.37304, "wikidata_id": "", "cycletrip_url": "https://cycletrip.pro/climbs/collado-de-benissili"}}, {"type": "Feature", "geometry": {"type": "Point", "coordinates": [5.0684, 44.16859]}, "properties": {"climb_slug": "col-de-suzette", "climb_name": "Col de Suzette", "country": "FR", "region": "Provence", "side": "from Beaumes-de-Venise", "category": "3", "length_km": 8.3, "elevation_gain_m": 320, "avg_grade_pct": 3.9, "max_grade_pct": 8.4, "summit_elevation_m": 392, "summit_lat": 44.16859, "summit_lon": 5.0684, "start_lat": 44.117, "start_lon": 5.01609, "wikidata_id": "", "cycletrip_url": "https://cycletrip.pro/climbs/col-de-suzette"}}, {"type": "Feature", "geometry": {"type": "Point", "coordinates": [6.8625794, 48.2745567]}, "properties": {"climb_slug": "col-du-haut-jacques", "climb_name": "Col du Haut Jacques", "country": "FR", "region": "Vosges", "side": "from Bois-de-Champ", "category": "4", "length_km": 5.6, "elevation_gain_m": 194, "avg_grade_pct": 3.5, "max_grade_pct": 8.7, "summit_elevation_m": 605, "summit_lat": 48.27456, "summit_lon": 6.86258, "start_lat": 48.26079, "start_lon": 6.80985, "wikidata_id": "Q2982280", "cycletrip_url": "https://cycletrip.pro/climbs/col-du-haut-jacques"}}, {"type": "Feature", "geometry": {"type": "Point", "coordinates": [6.8625794, 48.2745567]}, "properties": {"climb_slug": "col-du-haut-jacques", "climb_name": "Col du Haut Jacques", "country": "FR", "region": "Vosges", "side": "from Saint-Dié-des-Vosges", "category": "3", "length_km": 5.7, "elevation_gain_m": 265, "avg_grade_pct": 4.7, "max_grade_pct": 11.0, "summit_elevation_m": 605, "summit_lat": 48.27456, "summit_lon": 6.86258, "start_lat": 48.28059, "start_lon": 6.91054, "wikidata_id": "Q2982280", "cycletrip_url": "https://cycletrip.pro/climbs/col-du-haut-jacques"}}, {"type": "Feature", "geometry": {"type": "Point", "coordinates": [6.8625794, 48.2745567]}, "properties": {"climb_slug": "col-du-haut-jacques", "climb_name": "Col du Haut Jacques", "country": "FR", "region": "Vosges", "side": "from Saint-Michel-sur-Meurthe", "category": "3", "length_km": 6.8, "elevation_gain_m": 263, "avg_grade_pct": 3.9, "max_grade_pct": 13.7, "summit_elevation_m": 605, "summit_lat": 48.27456, "summit_lon": 6.86258, "start_lat": 48.30957, "start_lon": 6.87135, "wikidata_id": "Q2982280", "cycletrip_url": "https://cycletrip.pro/climbs/col-du-haut-jacques"}}, {"type": "Feature", "geometry": {"type": "Point", "coordinates": [9.557601, 44.2837696]}, "properties": {"climb_slug": "colle-di-velva", "climb_name": "Colle di Velva", "country": "IT", "region": "Liguria", "side": "from Castiglione Chiavarese", "category": "3", "length_km": 3.6, "elevation_gain_m": 211, "avg_grade_pct": 5.9, "max_grade_pct": 10.9, "summit_elevation_m": 545, "summit_lat": 44.28377, "summit_lon": 9.5576, "start_lat": 44.2838, "start_lon": 9.54537, "wikidata_id": "Q3682815", "cycletrip_url": "https://cycletrip.pro/climbs/colle-di-velva"}}, {"type": "Feature", "geometry": {"type": "Point", "coordinates": [9.557601, 44.2837696]}, "properties": {"climb_slug": "colle-di-velva", "climb_name": "Colle di Velva", "country": "IT", "region": "Liguria", "side": "from Maissana", "category": "3", "length_km": 3.0, "elevation_gain_m": 148, "avg_grade_pct": 5.0, "max_grade_pct": 9.4, "summit_elevation_m": 545, "summit_lat": 44.28377, "summit_lon": 9.5576, "start_lat": 44.30024, "start_lon": 9.56499, "wikidata_id": "Q3682815", "cycletrip_url": "https://cycletrip.pro/climbs/colle-di-velva"}}, {"type": "Feature", "geometry": {"type": "Point", "coordinates": [2.6460404, 42.5649569]}, "properties": {"climb_slug": "col-de-fourtou", "climb_name": "Col de Fourtou", "country": "FR", "region": "Pyrenees", "side": "from Bouleternère", "category": "3", "length_km": 18.3, "elevation_gain_m": 467, "avg_grade_pct": 2.6, "max_grade_pct": 12.9, "summit_elevation_m": 656, "summit_lat": 42.56496, "summit_lon": 2.64604, "start_lat": 42.65098, "start_lon": 2.59933, "wikidata_id": "Q2982266", "cycletrip_url": "https://cycletrip.pro/climbs/col-de-fourtou"}}, {"type": "Feature", "geometry": {"type": "Point", "coordinates": [2.6460404, 42.5649569]}, "properties": {"climb_slug": "col-de-fourtou", "climb_name": "Col de Fourtou", "country": "FR", "region": "Pyrenees", "side": "from Caixas", "category": "3", "length_km": 6.3, "elevation_gain_m": 261, "avg_grade_pct": 4.2, "max_grade_pct": 11.1, "summit_elevation_m": 656, "summit_lat": 42.56496, "summit_lon": 2.64604, "start_lat": 42.58061, "start_lon": 2.68379, "wikidata_id": "Q2982266", "cycletrip_url": "https://cycletrip.pro/climbs/col-de-fourtou"}}, {"type": "Feature", "geometry": {"type": "Point", "coordinates": [-1.9558, 43.10268]}, "properties": {"climb_slug": "urto-edo-artalekuko-mendatea", "climb_name": "Urto edo Artalekuko mendatea", "country": "ES", "region": "Basque Country", "side": "from Belauntza", "category": "3", "length_km": 11.3, "elevation_gain_m": 375, "avg_grade_pct": 3.3, "max_grade_pct": 11.6, "summit_elevation_m": 494, "summit_lat": 43.10268, "summit_lon": -1.9558, "start_lat": 43.14102, "start_lon": -2.04859, "wikidata_id": "", "cycletrip_url": "https://cycletrip.pro/climbs/urto-edo-artalekuko-mendatea"}}, {"type": "Feature", "geometry": {"type": "Point", "coordinates": [-1.0259951, 43.0436493]}, "properties": {"climb_slug": "iratzabaleta", "climb_name": "Iratzabaleta", "country": "FR", "region": "Pyrenees", "side": "from Menditte", "category": "3", "length_km": 8.8, "elevation_gain_m": 323, "avg_grade_pct": 3.7, "max_grade_pct": 11.9, "summit_elevation_m": 1248, "summit_lat": 43.04365, "summit_lon": -1.026, "start_lat": 43.08908, "start_lon": -1.02293, "wikidata_id": "Q2981994", "cycletrip_url": "https://cycletrip.pro/climbs/iratzabaleta"}}, {"type": "Feature", "geometry": {"type": "Point", "coordinates": [5.855912988274425, 46.44060897785169]}, "properties": {"climb_slug": "cote-de-valfin", "climb_name": "Côte de Valfin", "country": null, "region": null, "side": "from Chaumont", "category": "3", "length_km": 6.2, "elevation_gain_m": 272, "avg_grade_pct": 4.4, "max_grade_pct": 10.3, "summit_elevation_m": 693, "summit_lat": 46.44061, "summit_lon": 5.85591, "start_lat": 46.39335, "start_lon": 5.863, "wikidata_id": "", "cycletrip_url": "https://cycletrip.pro/climbs/cote-de-valfin"}}, {"type": "Feature", "geometry": {"type": "Point", "coordinates": [-3.29331, 43.23742]}, "properties": {"climb_slug": "alto-de-la-escrita", "climb_name": "Alto de La Escrita", "country": "ES", "region": "Basque Country", "side": "from Karrantza Harana / Valle de Carranza", "category": "3", "length_km": 7.3, "elevation_gain_m": 291, "avg_grade_pct": 4.0, "max_grade_pct": 7.8, "summit_elevation_m": 432, "summit_lat": 43.23742, "summit_lon": -3.29331, "start_lat": 43.23815, "start_lon": -3.35568, "wikidata_id": "", "cycletrip_url": "https://cycletrip.pro/climbs/alto-de-la-escrita"}}, {"type": "Feature", "geometry": {"type": "Point", "coordinates": [-3.29331, 43.23742]}, "properties": {"climb_slug": "alto-de-la-escrita", "climb_name": "Alto de La Escrita", "country": "ES", "region": "Basque Country", "side": "from La Matanza", "category": "3", "length_km": 5.2, "elevation_gain_m": 250, "avg_grade_pct": 4.8, "max_grade_pct": 8.4, "summit_elevation_m": 432, "summit_lat": 43.23742, "summit_lon": -3.29331, "start_lat": 43.2448, "start_lon": -3.26499, "wikidata_id": "", "cycletrip_url": "https://cycletrip.pro/climbs/alto-de-la-escrita"}}, {"type": "Feature", "geometry": {"type": "Point", "coordinates": [9.2636816, 44.9142977]}, "properties": {"climb_slug": "passo-del-carmine", "climb_name": "Passo del Carmine", "country": "IT", "region": "Lombardy", "side": "from Begoglio", "category": "3", "length_km": 15.2, "elevation_gain_m": 421, "avg_grade_pct": 2.8, "max_grade_pct": 8.2, "summit_elevation_m": 600, "summit_lat": 44.9143, "summit_lon": 9.26368, "start_lat": 44.99669, "start_lon": 9.29551, "wikidata_id": "Q3897360", "cycletrip_url": "https://cycletrip.pro/climbs/passo-del-carmine"}}, {"type": "Feature", "geometry": {"type": "Point", "coordinates": [9.2636816, 44.9142977]}, "properties": {"climb_slug": "passo-del-carmine", "climb_name": "Passo del Carmine", "country": "IT", "region": "Lombardy", "side": "from Zavattarello", "category": "3", "length_km": 5.0, "elevation_gain_m": 216, "avg_grade_pct": 4.3, "max_grade_pct": 7.9, "summit_elevation_m": 600, "summit_lat": 44.9143, "summit_lon": 9.26368, "start_lat": 44.89012, "start_lon": 9.26562, "wikidata_id": "Q3897360", "cycletrip_url": "https://cycletrip.pro/climbs/passo-del-carmine"}}, {"type": "Feature", "geometry": {"type": "Point", "coordinates": [12.0567707, 43.2913867]}, "properties": {"climb_slug": "passo-della-cerventosa", "climb_name": "Passo della Cerventosa", "country": "IT", "region": "Tuscany", "side": "from Città di Castello", "category": "3", "length_km": 16.3, "elevation_gain_m": 435, "avg_grade_pct": 2.7, "max_grade_pct": 9.8, "summit_elevation_m": 749, "summit_lat": 43.29139, "summit_lon": 12.05677, "start_lat": 43.32314, "start_lon": 12.16285, "wikidata_id": "Q3897428", "cycletrip_url": "https://cycletrip.pro/climbs/passo-della-cerventosa"}}, {"type": "Feature", "geometry": {"type": "Point", "coordinates": [10.9791184, 45.6838936]}, "properties": {"climb_slug": "passo-delle-fittanze-della-sega", "climb_name": "Passo delle Fittanze della Sega", "country": "IT", "region": "Lake Garda", "side": "from Bosco Chiesanuova", "category": "3", "length_km": 9.7, "elevation_gain_m": 341, "avg_grade_pct": 3.5, "max_grade_pct": 11.7, "summit_elevation_m": 1399, "summit_lat": 45.68389, "summit_lon": 10.97912, "start_lat": 45.65587, "start_lon": 11.01742, "wikidata_id": "Q3897413", "cycletrip_url": "https://cycletrip.pro/climbs/passo-delle-fittanze-della-sega"}}, {"type": "Feature", "geometry": {"type": "Point", "coordinates": [-2.8713230941793313, 43.26226557455034]}, "properties": {"climb_slug": "alto-del-vivero", "climb_name": "Alto del Vivero", "country": "ES", "region": "Basque Country", "side": "from Bilbao", "category": "4", "length_km": 4.2, "elevation_gain_m": 158, "avg_grade_pct": 3.8, "max_grade_pct": 6.2, "summit_elevation_m": 415, "summit_lat": 43.26227, "summit_lon": -2.87132, "start_lat": 43.27052, "start_lon": -2.91126, "wikidata_id": "", "cycletrip_url": "https://cycletrip.pro/climbs/alto-del-vivero"}}, {"type": "Feature", "geometry": {"type": "Point", "coordinates": [-2.8713230941793313, 43.26226557455034]}, "properties": {"climb_slug": "alto-del-vivero", "climb_name": "Alto del Vivero", "country": "ES", "region": "Basque Country", "side": "from Galdakao", "category": "3", "length_km": 8.6, "elevation_gain_m": 322, "avg_grade_pct": 3.7, "max_grade_pct": 9.8, "summit_elevation_m": 415, "summit_lat": 43.26227, "summit_lon": -2.87132, "start_lat": 43.23235, "start_lon": -2.81726, "wikidata_id": "", "cycletrip_url": "https://cycletrip.pro/climbs/alto-del-vivero"}}, {"type": "Feature", "geometry": {"type": "Point", "coordinates": [2.77523, 39.73655]}, "properties": {"climb_slug": "coll-dorient", "climb_name": "Coll d'Orient", "country": "ES", "region": "Mallorca", "side": "from Alaró", "category": "3", "length_km": 7.0, "elevation_gain_m": 283, "avg_grade_pct": 4.1, "max_grade_pct": 12.8, "summit_elevation_m": 498, "summit_lat": 39.73655, "summit_lon": 2.77523, "start_lat": 39.70986, "start_lon": 2.79496, "wikidata_id": "", "cycletrip_url": "https://cycletrip.pro/climbs/coll-dorient"}}, {"type": "Feature", "geometry": {"type": "Point", "coordinates": [11.328594, 45.9566147]}, "properties": {"climb_slug": "passo-vezzena", "climb_name": "Passo Vezzena", "country": "IT", "region": "Dolomites", "side": "from Gionghi", "category": "4", "length_km": 4.8, "elevation_gain_m": 179, "avg_grade_pct": 3.7, "max_grade_pct": 11.4, "summit_elevation_m": 1402, "summit_lat": 45.95661, "summit_lon": 11.32859, "start_lat": 45.95397, "start_lon": 11.2945, "wikidata_id": "Q2056148", "cycletrip_url": "https://cycletrip.pro/climbs/passo-vezzena"}}, {"type": "Feature", "geometry": {"type": "Point", "coordinates": [11.328594, 45.9566147]}, "properties": {"climb_slug": "passo-vezzena", "climb_name": "Passo Vezzena", "country": "IT", "region": "Dolomites", "side": "from Roana", "category": "3", "length_km": 14.9, "elevation_gain_m": 411, "avg_grade_pct": 2.8, "max_grade_pct": 8.9, "summit_elevation_m": 1402, "summit_lat": 45.95661, "summit_lon": 11.32859, "start_lat": 45.90839, "start_lon": 11.45874, "wikidata_id": "Q2056148", "cycletrip_url": "https://cycletrip.pro/climbs/passo-vezzena"}}, {"type": "Feature", "geometry": {"type": "Point", "coordinates": [-0.19959, 38.67546]}, "properties": {"climb_slug": "guadalest", "climb_name": "Guadalest", "country": "ES", "region": "Costa Blanca", "side": "from el Castell de Guadalest", "category": "3", "length_km": 7.3, "elevation_gain_m": 291, "avg_grade_pct": 4.0, "max_grade_pct": 12.5, "summit_elevation_m": 562, "summit_lat": 38.67546, "summit_lon": -0.19959, "start_lat": 38.66547, "start_lon": -0.15669, "wikidata_id": "", "cycletrip_url": "https://cycletrip.pro/climbs/guadalest"}}, {"type": "Feature", "geometry": {"type": "Point", "coordinates": [5.6196558, 43.5788232]}, "properties": {"climb_slug": "col-du-grand-sambuc", "climb_name": "Col du Grand Sambuc", "country": "FR", "region": "Provence", "side": "from Jouques", "category": "3", "length_km": 10.1, "elevation_gain_m": 339, "avg_grade_pct": 3.4, "max_grade_pct": 8.6, "summit_elevation_m": 615, "summit_lat": 43.57882, "summit_lon": 5.61966, "start_lat": 43.63092, "start_lon": 5.64464, "wikidata_id": "Q2982269", "cycletrip_url": "https://cycletrip.pro/climbs/col-du-grand-sambuc"}}, {"type": "Feature", "geometry": {"type": "Point", "coordinates": [5.6196558, 43.5788232]}, "properties": {"climb_slug": "col-du-grand-sambuc", "climb_name": "Col du Grand Sambuc", "country": "FR", "region": "Provence", "side": "from Vauvenargues", "category": "3", "length_km": 4.3, "elevation_gain_m": 179, "avg_grade_pct": 4.2, "max_grade_pct": 10.3, "summit_elevation_m": 615, "summit_lat": 43.57882, "summit_lon": 5.61966, "start_lat": 43.55622, "start_lon": 5.6178, "wikidata_id": "Q2982269", "cycletrip_url": "https://cycletrip.pro/climbs/col-du-grand-sambuc"}}, {"type": "Feature", "geometry": {"type": "Point", "coordinates": [20.19771, 49.3442]}, "properties": {"climb_slug": "przelecz-lapszanka", "climb_name": "Przełęcz Łapszanka", "country": "PL", "region": "Podhale", "side": "from Jurgów", "category": "4", "length_km": 4.9, "elevation_gain_m": 154, "avg_grade_pct": 3.2, "max_grade_pct": 11.0, "summit_elevation_m": 928, "summit_lat": 49.3442, "summit_lon": 20.19771, "start_lat": 49.34316, "start_lon": 20.14077, "wikidata_id": "", "cycletrip_url": "https://cycletrip.pro/climbs/przelecz-lapszanka"}}, {"type": "Feature", "geometry": {"type": "Point", "coordinates": [20.19771, 49.3442]}, "properties": {"climb_slug": "przelecz-lapszanka", "climb_name": "Przełęcz Łapszanka", "country": "PL", "region": "Podhale", "side": "from Łapsze Niżne", "category": "3", "length_km": 12.1, "elevation_gain_m": 376, "avg_grade_pct": 3.1, "max_grade_pct": 8.1, "summit_elevation_m": 928, "summit_lat": 49.3442, "summit_lon": 20.19771, "start_lat": 49.40215, "start_lon": 20.25936, "wikidata_id": "", "cycletrip_url": "https://cycletrip.pro/climbs/przelecz-lapszanka"}}, {"type": "Feature", "geometry": {"type": "Point", "coordinates": [6.1344136, 44.612379]}, "properties": {"climb_slug": "col-de-manse", "climb_name": "Col de Manse", "country": "FR", "region": "French Alps", "side": "from Chabottes", "category": "3", "length_km": 6.2, "elevation_gain_m": 220, "avg_grade_pct": 3.6, "max_grade_pct": 6.8, "summit_elevation_m": 1272, "summit_lat": 44.61238, "summit_lon": 6.13441, "start_lat": 44.64202, "start_lon": 6.15522, "wikidata_id": "Q2562349", "cycletrip_url": "https://cycletrip.pro/climbs/col-de-manse"}}, {"type": "Feature", "geometry": {"type": "Point", "coordinates": [6.1344136, 44.612379]}, "properties": {"climb_slug": "col-de-manse", "climb_name": "Col de Manse", "country": "FR", "region": "French Alps", "side": "from Gap", "category": "3", "length_km": 5.9, "elevation_gain_m": 259, "avg_grade_pct": 4.4, "max_grade_pct": 10.1, "summit_elevation_m": 1272, "summit_lat": 44.61238, "summit_lon": 6.13441, "start_lat": 44.58865, "start_lon": 6.08121, "wikidata_id": "Q2562349", "cycletrip_url": "https://cycletrip.pro/climbs/col-de-manse"}}, {"type": "Feature", "geometry": {"type": "Point", "coordinates": [5.6851112, 43.4070298]}, "properties": {"climb_slug": "pas-de-la-couelle", "climb_name": "Pas de la Couelle", "country": "FR", "region": "Provence", "side": "from Saint-Zacharie", "category": "3", "length_km": 5.9, "elevation_gain_m": 258, "avg_grade_pct": 4.4, "max_grade_pct": 11.5, "summit_elevation_m": 534, "summit_lat": 43.40703, "summit_lon": 5.68511, "start_lat": 43.38498, "start_lon": 5.70676, "wikidata_id": "Q3367157", "cycletrip_url": "https://cycletrip.pro/climbs/pas-de-la-couelle"}}, {"type": "Feature", "geometry": {"type": "Point", "coordinates": [5.6851112, 43.4070298]}, "properties": {"climb_slug": "pas-de-la-couelle", "climb_name": "Pas de la Couelle", "country": "FR", "region": "Provence", "side": "from Trets", "category": "3", "length_km": 8.3, "elevation_gain_m": 280, "avg_grade_pct": 3.4, "max_grade_pct": 9.0, "summit_elevation_m": 534, "summit_lat": 43.40703, "summit_lon": 5.68511, "start_lat": 43.44754, "start_lon": 5.6826, "wikidata_id": "Q3367157", "cycletrip_url": "https://cycletrip.pro/climbs/pas-de-la-couelle"}}, {"type": "Feature", "geometry": {"type": "Point", "coordinates": [11.4515353, 46.3473164]}, "properties": {"climb_slug": "jochgrimm-passo-oclini", "climb_name": "Jochgrimm - Passo Oclini", "country": "IT", "region": "Dolomites", "side": "from Ville di Fiemme", "category": "3", "length_km": 3.6, "elevation_gain_m": 200, "avg_grade_pct": 5.6, "max_grade_pct": 8.1, "summit_elevation_m": 1989, "summit_lat": 46.34732, "summit_lon": 11.45154, "start_lat": 46.35395, "start_lon": 11.49266, "wikidata_id": "Q1691238", "cycletrip_url": "https://cycletrip.pro/climbs/jochgrimm-passo-oclini"}}, {"type": "Feature", "geometry": {"type": "Point", "coordinates": [5.3511, 43.83576]}, "properties": {"climb_slug": "col-du-pointu", "climb_name": "Col du Pointu", "country": "FR", "region": "Provence", "side": "from Apt", "category": "3", "length_km": 7.8, "elevation_gain_m": 297, "avg_grade_pct": 3.8, "max_grade_pct": 9.2, "summit_elevation_m": 499, "summit_lat": 43.83576, "summit_lon": 5.3511, "start_lat": 43.88012, "start_lon": 5.36839, "wikidata_id": "", "cycletrip_url": "https://cycletrip.pro/climbs/col-du-pointu"}}, {"type": "Feature", "geometry": {"type": "Point", "coordinates": [5.3511, 43.83576]}, "properties": {"climb_slug": "col-du-pointu", "climb_name": "Col du Pointu", "country": "FR", "region": "Provence", "side": "from Cadenet", "category": "3", "length_km": 14.6, "elevation_gain_m": 319, "avg_grade_pct": 2.2, "max_grade_pct": 8.7, "summit_elevation_m": 499, "summit_lat": 43.83576, "summit_lon": 5.3511, "start_lat": 43.73399, "start_lon": 5.37488, "wikidata_id": "", "cycletrip_url": "https://cycletrip.pro/climbs/col-du-pointu"}}, {"type": "Feature", "geometry": {"type": "Point", "coordinates": [-0.18468, 38.78033]}, "properties": {"climb_slug": "alt-de-tarrenyes", "climb_name": "Alt de Tarrenyes", "country": "ES", "region": "Costa Blanca", "side": "from Castell de Castells", "category": "4", "length_km": 5.3, "elevation_gain_m": 170, "avg_grade_pct": 3.2, "max_grade_pct": 7.5, "summit_elevation_m": 590, "summit_lat": 38.78033, "summit_lon": -0.18468, "start_lat": 38.75395, "start_lon": -0.17275, "wikidata_id": "", "cycletrip_url": "https://cycletrip.pro/climbs/alt-de-tarrenyes"}}, {"type": "Feature", "geometry": {"type": "Point", "coordinates": [-0.18468, 38.78033]}, "properties": {"climb_slug": "alt-de-tarrenyes", "climb_name": "Alt de Tarrenyes", "country": "ES", "region": "Costa Blanca", "side": "from la Vall d'Ebo", "category": "3", "length_km": 4.0, "elevation_gain_m": 211, "avg_grade_pct": 5.3, "max_grade_pct": 10.1, "summit_elevation_m": 590, "summit_lat": 38.78033, "summit_lon": -0.18468, "start_lat": 38.80578, "start_lon": -0.16144, "wikidata_id": "", "cycletrip_url": "https://cycletrip.pro/climbs/alt-de-tarrenyes"}}, {"type": "Feature", "geometry": {"type": "Point", "coordinates": [-3.09083, 43.07606]}, "properties": {"climb_slug": "puerto-de-ozeka", "climb_name": "Puerto de Ozeka", "country": "ES", "region": "Basque Country", "side": "from Aiarako kuadrilla", "category": "3", "length_km": 3.7, "elevation_gain_m": 204, "avg_grade_pct": 5.5, "max_grade_pct": 11.6, "summit_elevation_m": 518, "summit_lat": 43.07606, "summit_lon": -3.09083, "start_lat": 43.07927, "start_lon": -3.06822, "wikidata_id": "", "cycletrip_url": "https://cycletrip.pro/climbs/puerto-de-ozeka"}}, {"type": "Feature", "geometry": {"type": "Point", "coordinates": [4.97085, 44.25617]}, "properties": {"climb_slug": "col-de-viares", "climb_name": "Col de Viarès", "country": "FR", "region": "Provence", "side": "from Saint-Roman-de-Malegarde", "category": "3", "length_km": 2.9, "elevation_gain_m": 179, "avg_grade_pct": 6.2, "max_grade_pct": 8.7, "summit_elevation_m": 337, "summit_lat": 44.25617, "summit_lon": 4.97085, "start_lat": 44.26864, "start_lon": 4.95942, "wikidata_id": "", "cycletrip_url": "https://cycletrip.pro/climbs/col-de-viares"}}, {"type": "Feature", "geometry": {"type": "Point", "coordinates": [11.5066996, 47.0073993]}, "properties": {"climb_slug": "brennerpass-passo-del-brennero", "climb_name": "Brennerpass - Passo del Brennero", "country": "IT", "region": null, "side": "from Mauern", "category": "3", "length_km": 10.2, "elevation_gain_m": 334, "avg_grade_pct": 3.3, "max_grade_pct": 9.8, "summit_elevation_m": 1370, "summit_lat": 47.0074, "summit_lon": 11.5067, "start_lat": 47.08147, "start_lon": 11.47461, "wikidata_id": "Q212946", "cycletrip_url": "https://cycletrip.pro/climbs/brennerpass-passo-del-brennero"}}, {"type": "Feature", "geometry": {"type": "Point", "coordinates": [12.4086776, 46.2854256]}, "properties": {"climb_slug": "passo-san-osvaldo", "climb_name": "Passo San Osvaldo", "country": "IT", "region": "Friuli", "side": "from Pinedo / Penei", "category": "3", "length_km": 7.6, "elevation_gain_m": 291, "avg_grade_pct": 3.8, "max_grade_pct": 13.8, "summit_elevation_m": 828, "summit_lat": 46.28543, "summit_lon": 12.40868, "start_lat": 46.25451, "start_lon": 12.46386, "wikidata_id": "Q3897455", "cycletrip_url": "https://cycletrip.pro/climbs/passo-san-osvaldo"}}, {"type": "Feature", "geometry": {"type": "Point", "coordinates": [6.79438, 43.5016]}, "properties": {"climb_slug": "col-du-testanier", "climb_name": "Col du Testanier", "country": "FR", "region": "Provence", "side": "from Fréjus", "category": "3", "length_km": 5.4, "elevation_gain_m": 244, "avg_grade_pct": 4.5, "max_grade_pct": 9.5, "summit_elevation_m": 312, "summit_lat": 43.5016, "summit_lon": 6.79438, "start_lat": 43.47365, "start_lon": 6.76918, "wikidata_id": "", "cycletrip_url": "https://cycletrip.pro/climbs/col-du-testanier"}}, {"type": "Feature", "geometry": {"type": "Point", "coordinates": [6.79438, 43.5016]}, "properties": {"climb_slug": "col-du-testanier", "climb_name": "Col du Testanier", "country": "FR", "region": "Provence", "side": "from Mandelieu-la-Napoule", "category": "4", "length_km": 15.0, "elevation_gain_m": 300, "avg_grade_pct": 2.0, "max_grade_pct": 9.4, "summit_elevation_m": 312, "summit_lat": 43.5016, "summit_lon": 6.79438, "start_lat": 43.52926, "start_lon": 6.92842, "wikidata_id": "", "cycletrip_url": "https://cycletrip.pro/climbs/col-du-testanier"}}, {"type": "Feature", "geometry": {"type": "Point", "coordinates": [2.1394679, 42.8016007]}, "properties": {"climb_slug": "col-de-dent", "climb_name": "Col de Dent", "country": "FR", "region": "Pyrenees", "side": "from Aunat", "category": "3", "length_km": 7.9, "elevation_gain_m": 291, "avg_grade_pct": 3.7, "max_grade_pct": 11.7, "summit_elevation_m": 1231, "summit_lat": 42.8016, "summit_lon": 2.13947, "start_lat": 42.79528, "start_lon": 2.09043, "wikidata_id": "Q109018691", "cycletrip_url": "https://cycletrip.pro/climbs/col-de-dent"}}, {"type": "Feature", "geometry": {"type": "Point", "coordinates": [2.1394679, 42.8016007]}, "properties": {"climb_slug": "col-de-dent", "climb_name": "Col de Dent", "country": "FR", "region": "Pyrenees", "side": "from Le Clat", "category": "3", "length_km": 3.4, "elevation_gain_m": 161, "avg_grade_pct": 4.7, "max_grade_pct": 15.2, "summit_elevation_m": 1231, "summit_lat": 42.8016, "summit_lon": 2.13947, "start_lat": 42.78562, "start_lon": 2.16696, "wikidata_id": "Q109018691", "cycletrip_url": "https://cycletrip.pro/climbs/col-de-dent"}}, {"type": "Feature", "geometry": {"type": "Point", "coordinates": [5.6381966, 46.1279021]}, "properties": {"climb_slug": "col-de-colliard", "climb_name": "Col de Colliard", "country": "FR", "region": "Jura", "side": "from Les Neyrolles", "category": "3", "length_km": 3.0, "elevation_gain_m": 178, "avg_grade_pct": 6.0, "max_grade_pct": 13.4, "summit_elevation_m": 979, "summit_lat": 46.1279, "summit_lon": 5.6382, "start_lat": 46.13416, "start_lon": 5.63372, "wikidata_id": "Q2982033", "cycletrip_url": "https://cycletrip.pro/climbs/col-de-colliard"}}, {"type": "Feature", "geometry": {"type": "Point", "coordinates": [8.8878081, 44.5976276]}, "properties": {"climb_slug": "passo-della-castagnola", "climb_name": "Passo della Castagnola", "country": "IT", "region": "Piedmont", "side": "from Ronco Scrivia", "category": "3", "length_km": 5.1, "elevation_gain_m": 223, "avg_grade_pct": 4.4, "max_grade_pct": 7.9, "summit_elevation_m": 578, "summit_lat": 44.59763, "summit_lon": 8.88781, "start_lat": 44.58947, "start_lon": 8.93672, "wikidata_id": "Q3897381", "cycletrip_url": "https://cycletrip.pro/climbs/passo-della-castagnola"}}, {"type": "Feature", "geometry": {"type": "Point", "coordinates": [8.8878081, 44.5976276]}, "properties": {"climb_slug": "passo-della-castagnola", "climb_name": "Passo della Castagnola", "country": "IT", "region": "Piedmont", "side": "from Voltaggio", "category": "3", "length_km": 5.1, "elevation_gain_m": 234, "avg_grade_pct": 4.6, "max_grade_pct": 10.8, "summit_elevation_m": 578, "summit_lat": 44.59763, "summit_lon": 8.88781, "start_lat": 44.61596, "start_lon": 8.84539, "wikidata_id": "Q3897381", "cycletrip_url": "https://cycletrip.pro/climbs/passo-della-castagnola"}}, {"type": "Feature", "geometry": {"type": "Point", "coordinates": [-2.9242797760006245, 43.34043099037296]}, "properties": {"climb_slug": "alto-de-laukiz", "climb_name": "Alto de Laukiz", "country": "ES", "region": "Basque Country", "side": "from Laukiz", "category": "3", "length_km": 2.4, "elevation_gain_m": 161, "avg_grade_pct": 6.7, "max_grade_pct": 10.4, "summit_elevation_m": 213, "summit_lat": 43.34043, "summit_lon": -2.92428, "start_lat": 43.35208, "start_lon": -2.90798, "wikidata_id": "", "cycletrip_url": "https://cycletrip.pro/climbs/alto-de-laukiz"}}, {"type": "Feature", "geometry": {"type": "Point", "coordinates": [7.1776067, 48.3262018]}, "properties": {"climb_slug": "col-d-urbeis", "climb_name": "Col d'Urbeis", "country": "FR", "region": "Vosges", "side": "from Breitenau", "category": "3", "length_km": 9.3, "elevation_gain_m": 319, "avg_grade_pct": 3.4, "max_grade_pct": 8.9, "summit_elevation_m": 602, "summit_lat": 48.3262, "summit_lon": 7.17761, "start_lat": 48.332, "start_lon": 7.28052, "wikidata_id": "Q2981999", "cycletrip_url": "https://cycletrip.pro/climbs/col-d-urbeis"}}, {"type": "Feature", "geometry": {"type": "Point", "coordinates": [7.1776067, 48.3262018]}, "properties": {"climb_slug": "col-d-urbeis", "climb_name": "Col d'Urbeis", "country": "FR", "region": "Vosges", "side": "from La Neuve Ville", "category": "4", "length_km": 5.6, "elevation_gain_m": 158, "avg_grade_pct": 2.8, "max_grade_pct": 6.3, "summit_elevation_m": 602, "summit_lat": 48.3262, "summit_lon": 7.17761, "start_lat": 48.31506, "start_lon": 7.13532, "wikidata_id": "Q2981999", "cycletrip_url": "https://cycletrip.pro/climbs/col-d-urbeis"}}, {"type": "Feature", "geometry": {"type": "Point", "coordinates": [19.95818, 49.3711]}, "properties": {"climb_slug": "sierockie", "climb_name": "Sierockie", "country": "PL", "region": "Podhale", "side": "from Biały Dunajec", "category": "3", "length_km": 5.8, "elevation_gain_m": 246, "avg_grade_pct": 4.3, "max_grade_pct": 15.3, "summit_elevation_m": 820, "summit_lat": 49.3711, "summit_lon": 19.95818, "start_lat": 49.36982, "start_lon": 20.01117, "wikidata_id": "", "cycletrip_url": "https://cycletrip.pro/climbs/sierockie"}}, {"type": "Feature", "geometry": {"type": "Point", "coordinates": [16.5075, 50.37862]}, "properties": {"climb_slug": "przelecz-sokolowska", "climb_name": "Przełęcz Sokołowska", "country": "PL", "region": "Kotlina Kłodzka", "side": "from Polanica-Zdrój", "category": "3", "length_km": 3.3, "elevation_gain_m": 187, "avg_grade_pct": 5.7, "max_grade_pct": 13.8, "summit_elevation_m": 564, "summit_lat": 50.37862, "summit_lon": 16.5075, "start_lat": 50.4018, "start_lon": 16.51342, "wikidata_id": "", "cycletrip_url": "https://cycletrip.pro/climbs/przelecz-sokolowska"}}, {"type": "Feature", "geometry": {"type": "Point", "coordinates": [2.332612, 42.2107705]}, "properties": {"climb_slug": "collada-de-sentigosa", "climb_name": "Collada de Sentigosa", "country": "ES", "region": "Girona", "side": "from Sant Joan de les Abadesses", "category": "3", "length_km": 6.7, "elevation_gain_m": 268, "avg_grade_pct": 4.0, "max_grade_pct": 8.5, "summit_elevation_m": 1064, "summit_lat": 42.21077, "summit_lon": 2.33261, "start_lat": 42.2349, "start_lon": 2.28999, "wikidata_id": "Q20985631", "cycletrip_url": "https://cycletrip.pro/climbs/collada-de-sentigosa"}}, {"type": "Feature", "geometry": {"type": "Point", "coordinates": [3.5146386, 44.2044333]}, "properties": {"climb_slug": "col-de-perjuret", "climb_name": "Col de Perjuret", "country": "FR", "region": "Massif Central", "side": "from Florac", "category": "3", "length_km": 22.0, "elevation_gain_m": 481, "avg_grade_pct": 2.2, "max_grade_pct": 11.5, "summit_elevation_m": 1031, "summit_lat": 44.20443, "summit_lon": 3.51464, "start_lat": 44.31897, "start_lon": 3.59777, "wikidata_id": "Q2982093", "cycletrip_url": "https://cycletrip.pro/climbs/col-de-perjuret"}}, {"type": "Feature", "geometry": {"type": "Point", "coordinates": [3.5146386, 44.2044333]}, "properties": {"climb_slug": "col-de-perjuret", "climb_name": "Col de Perjuret", "country": "FR", "region": "Massif Central", "side": "from Meyrueis", "category": "3", "length_km": 8.2, "elevation_gain_m": 267, "avg_grade_pct": 3.3, "max_grade_pct": 9.9, "summit_elevation_m": 1031, "summit_lat": 44.20443, "summit_lon": 3.51464, "start_lat": 44.19759, "start_lon": 3.45302, "wikidata_id": "Q2982093", "cycletrip_url": "https://cycletrip.pro/climbs/col-de-perjuret"}}, {"type": "Feature", "geometry": {"type": "Point", "coordinates": [15.86718, 50.76293]}, "properties": {"climb_slug": "przelecz-kowarska", "climb_name": "Przełęcz Kowarska", "country": "PL", "region": "Sudety", "side": "from Kostrzyca", "category": "3", "length_km": 9.7, "elevation_gain_m": 317, "avg_grade_pct": 3.3, "max_grade_pct": 8.5, "summit_elevation_m": 727, "summit_lat": 50.76293, "summit_lon": 15.86718, "start_lat": 50.81721, "start_lon": 15.8085, "wikidata_id": "", "cycletrip_url": "https://cycletrip.pro/climbs/przelecz-kowarska"}}, {"type": "Feature", "geometry": {"type": "Point", "coordinates": [15.86718, 50.76293]}, "properties": {"climb_slug": "przelecz-kowarska", "climb_name": "Przełęcz Kowarska", "country": "PL", "region": "Sudety", "side": "from Pisarzowice", "category": "4", "length_km": 11.3, "elevation_gain_m": 249, "avg_grade_pct": 2.2, "max_grade_pct": 7.0, "summit_elevation_m": 727, "summit_lat": 50.76293, "summit_lon": 15.86718, "start_lat": 50.77451, "start_lon": 15.98152, "wikidata_id": "", "cycletrip_url": "https://cycletrip.pro/climbs/przelecz-kowarska"}}, {"type": "Feature", "geometry": {"type": "Point", "coordinates": [8.0879472, 48.2185706]}, "properties": {"climb_slug": "heidburg", "climb_name": "Heidburg", "country": "FR", "region": null, "side": "from Elzach", "category": "4", "length_km": 4.3, "elevation_gain_m": 151, "avg_grade_pct": 3.5, "max_grade_pct": 10.8, "summit_elevation_m": 520, "summit_lat": 48.21857, "summit_lon": 8.08795, "start_lat": 48.18421, "start_lon": 8.08477, "wikidata_id": "Q1593849", "cycletrip_url": "https://cycletrip.pro/climbs/heidburg"}}, {"type": "Feature", "geometry": {"type": "Point", "coordinates": [8.0879472, 48.2185706]}, "properties": {"climb_slug": "heidburg", "climb_name": "Heidburg", "country": "FR", "region": null, "side": "from Haslach im Kinzigtal", "category": "3", "length_km": 6.6, "elevation_gain_m": 267, "avg_grade_pct": 4.0, "max_grade_pct": 10.3, "summit_elevation_m": 520, "summit_lat": 48.21857, "summit_lon": 8.08795, "start_lat": 48.25855, "start_lon": 8.10605, "wikidata_id": "Q1593849", "cycletrip_url": "https://cycletrip.pro/climbs/heidburg"}}, {"type": "Feature", "geometry": {"type": "Point", "coordinates": [20.10726, 49.3423]}, "properties": {"climb_slug": "bukowina-tatrzanska", "climb_name": "Bukowina Tatrzańska", "country": "PL", "region": "Podhale", "side": "from Białka Tatrzańska", "category": "3", "length_km": 2.4, "elevation_gain_m": 159, "avg_grade_pct": 6.6, "max_grade_pct": 9.8, "summit_elevation_m": 880, "summit_lat": 49.3423, "summit_lon": 20.10726, "start_lat": 49.35778, "start_lon": 20.12581, "wikidata_id": "", "cycletrip_url": "https://cycletrip.pro/climbs/bukowina-tatrzanska"}}, {"type": "Feature", "geometry": {"type": "Point", "coordinates": [-2.09869, 43.03683]}, "properties": {"climb_slug": "larraitz", "climb_name": "Larraitz", "country": "ES", "region": "Basque Country", "side": "from Amezketa", "category": "3", "length_km": 5.9, "elevation_gain_m": 248, "avg_grade_pct": 4.2, "max_grade_pct": 9.7, "summit_elevation_m": 399, "summit_lat": 43.03683, "summit_lon": -2.09869, "start_lat": 43.06658, "start_lon": -2.0854, "wikidata_id": "", "cycletrip_url": "https://cycletrip.pro/climbs/larraitz"}}, {"type": "Feature", "geometry": {"type": "Point", "coordinates": [-2.09869, 43.03683]}, "properties": {"climb_slug": "larraitz", "climb_name": "Larraitz", "country": "ES", "region": "Basque Country", "side": "from Zaldibia", "category": "3", "length_km": 6.1, "elevation_gain_m": 227, "avg_grade_pct": 3.7, "max_grade_pct": 9.1, "summit_elevation_m": 399, "summit_lat": 43.03683, "summit_lon": -2.09869, "start_lat": 43.04129, "start_lon": -2.15111, "wikidata_id": "", "cycletrip_url": "https://cycletrip.pro/climbs/larraitz"}}, {"type": "Feature", "geometry": {"type": "Point", "coordinates": [6.6456355, 47.9043116]}, "properties": {"climb_slug": "col-du-mont-de-fourche", "climb_name": "Col du Mont de Fourche", "country": "FR", "region": "Vosges", "side": "from Corravillers", "category": "3", "length_km": 3.2, "elevation_gain_m": 182, "avg_grade_pct": 5.7, "max_grade_pct": 9.1, "summit_elevation_m": 625, "summit_lat": 47.90431, "summit_lon": 6.64564, "start_lat": 47.89316, "start_lon": 6.62337, "wikidata_id": "Q2982292", "cycletrip_url": "https://cycletrip.pro/climbs/col-du-mont-de-fourche"}}, {"type": "Feature", "geometry": {"type": "Point", "coordinates": [6.6456355, 47.9043116]}, "properties": {"climb_slug": "col-du-mont-de-fourche", "climb_name": "Col du Mont de Fourche", "country": "FR", "region": "Vosges", "side": "from Rupt-sur-Moselle", "category": "3", "length_km": 4.7, "elevation_gain_m": 211, "avg_grade_pct": 4.5, "max_grade_pct": 10.6, "summit_elevation_m": 625, "summit_lat": 47.90431, "summit_lon": 6.64564, "start_lat": 47.93168, "start_lon": 6.654, "wikidata_id": "Q2982292", "cycletrip_url": "https://cycletrip.pro/climbs/col-du-mont-de-fourche"}}, {"type": "Feature", "geometry": {"type": "Point", "coordinates": [5.964591988925963, 44.80169]}, "properties": {"climb_slug": "cote-de-corps", "climb_name": "Côte de Corps", "country": "FR", "region": "French Alps", "side": "from Saint-Firmin", "category": "3", "length_km": 2.3, "elevation_gain_m": 153, "avg_grade_pct": 6.7, "max_grade_pct": 11.5, "summit_elevation_m": "", "summit_lat": 44.80169, "summit_lon": 5.96459, "start_lat": 44.7903, "start_lon": 5.98109, "wikidata_id": "", "cycletrip_url": "https://cycletrip.pro/climbs/cote-de-corps"}}, {"type": "Feature", "geometry": {"type": "Point", "coordinates": [3.5665011, 44.7226381]}, "properties": {"climb_slug": "col-des-trois-s-urs", "climb_name": "Col des Trois Sœurs", "country": "FR", "region": "Massif Central", "side": "from La Panouse", "category": "4", "length_km": 5.8, "elevation_gain_m": 195, "avg_grade_pct": 3.4, "max_grade_pct": 7.7, "summit_elevation_m": 1452, "summit_lat": 44.72264, "summit_lon": 3.5665, "start_lat": 44.71359, "start_lon": 3.62584, "wikidata_id": "Q2982238", "cycletrip_url": "https://cycletrip.pro/climbs/col-des-trois-s-urs"}}, {"type": "Feature", "geometry": {"type": "Point", "coordinates": [3.5665011, 44.7226381]}, "properties": {"climb_slug": "col-des-trois-s-urs", "climb_name": "Col des Trois Sœurs", "country": "FR", "region": "Massif Central", "side": "from Les Laubies", "category": "3", "length_km": 16.3, "elevation_gain_m": 407, "avg_grade_pct": 2.5, "max_grade_pct": 7.4, "summit_elevation_m": 1452, "summit_lat": 44.72264, "summit_lon": 3.5665, "start_lat": 44.68745, "start_lon": 3.41685, "wikidata_id": "Q2982238", "cycletrip_url": "https://cycletrip.pro/climbs/col-des-trois-s-urs"}}, {"type": "Feature", "geometry": {"type": "Point", "coordinates": [-2.9563, 42.79376]}, "properties": {"climb_slug": "la-tejera", "climb_name": "La Tejera", "country": "ES", "region": "Basque Country", "side": "from Añana", "category": "3", "length_km": 5.6, "elevation_gain_m": 228, "avg_grade_pct": 4.1, "max_grade_pct": 9.8, "summit_elevation_m": 744, "summit_lat": 42.79376, "summit_lon": -2.9563, "start_lat": 42.80303, "start_lon": -3.0165, "wikidata_id": "", "cycletrip_url": "https://cycletrip.pro/climbs/la-tejera"}}, {"type": "Feature", "geometry": {"type": "Point", "coordinates": [-2.9563, 42.79376]}, "properties": {"climb_slug": "la-tejera", "climb_name": "La Tejera", "country": "ES", "region": "Basque Country", "side": "from Pobes", "category": "3", "length_km": 4.6, "elevation_gain_m": 218, "avg_grade_pct": 4.7, "max_grade_pct": 9.5, "summit_elevation_m": 744, "summit_lat": 42.79376, "summit_lon": -2.9563, "start_lat": 42.80309, "start_lon": -2.91042, "wikidata_id": "", "cycletrip_url": "https://cycletrip.pro/climbs/la-tejera"}}, {"type": "Feature", "geometry": {"type": "Point", "coordinates": [-2.38312, 43.29491]}, "properties": {"climb_slug": "kalbarioa", "climb_name": "Kalbarioa", "country": "ES", "region": "Basque Country", "side": "from Mutriku", "category": "3", "length_km": 3.9, "elevation_gain_m": 200, "avg_grade_pct": 5.1, "max_grade_pct": 13.8, "summit_elevation_m": 233, "summit_lat": 43.29491, "summit_lon": -2.38312, "start_lat": 43.27157, "start_lon": -2.37224, "wikidata_id": "", "cycletrip_url": "https://cycletrip.pro/climbs/kalbarioa"}}, {"type": "Feature", "geometry": {"type": "Point", "coordinates": [16.34945, 50.39801]}, "properties": {"climb_slug": "polskie-wrota", "climb_name": "Polskie Wrota", "country": "PL", "region": "Kotlina Kłodzka", "side": "from Duszniki-Zdrój", "category": "4", "length_km": 4.7, "elevation_gain_m": 157, "avg_grade_pct": 3.4, "max_grade_pct": 7.5, "summit_elevation_m": 660, "summit_lat": 50.39801, "summit_lon": 16.34945, "start_lat": 50.40428, "start_lon": 16.40432, "wikidata_id": "", "cycletrip_url": "https://cycletrip.pro/climbs/polskie-wrota"}}, {"type": "Feature", "geometry": {"type": "Point", "coordinates": [16.34945, 50.39801]}, "properties": {"climb_slug": "polskie-wrota", "climb_name": "Polskie Wrota", "country": "PL", "region": "Kotlina Kłodzka", "side": "from Jeleniów", "category": "3", "length_km": 7.0, "elevation_gain_m": 264, "avg_grade_pct": 3.8, "max_grade_pct": 10.8, "summit_elevation_m": 660, "summit_lat": 50.39801, "summit_lon": 16.34945, "start_lat": 50.41385, "start_lon": 16.26623, "wikidata_id": "", "cycletrip_url": "https://cycletrip.pro/climbs/polskie-wrota"}}, {"type": "Feature", "geometry": {"type": "Point", "coordinates": [5.61825, 43.50555]}, "properties": {"climb_slug": "pas-de-magnan", "climb_name": "Pas de Magnan", "country": "FR", "region": "Provence", "side": "from Le Tholonet", "category": "4", "length_km": 11.0, "elevation_gain_m": 262, "avg_grade_pct": 2.4, "max_grade_pct": 10.8, "summit_elevation_m": 460, "summit_lat": 43.50555, "summit_lon": 5.61825, "start_lat": 43.52262, "start_lon": 5.50888, "wikidata_id": "", "cycletrip_url": "https://cycletrip.pro/climbs/pas-de-magnan"}}, {"type": "Feature", "geometry": {"type": "Point", "coordinates": [5.61825, 43.50555]}, "properties": {"climb_slug": "pas-de-magnan", "climb_name": "Pas de Magnan", "country": "FR", "region": "Provence", "side": "from Rousset", "category": "3", "length_km": 6.0, "elevation_gain_m": 243, "avg_grade_pct": 4.1, "max_grade_pct": 9.4, "summit_elevation_m": 460, "summit_lat": 43.50555, "summit_lon": 5.61825, "start_lat": 43.47371, "start_lon": 5.618, "wikidata_id": "", "cycletrip_url": "https://cycletrip.pro/climbs/pas-de-magnan"}}, {"type": "Feature", "geometry": {"type": "Point", "coordinates": [7.3606, 43.7267]}, "properties": {"climb_slug": "col-deze", "climb_name": "Col d'Èze", "country": "FR", "region": "Provence", "side": "from Monaco", "category": "3", "length_km": 6.6, "elevation_gain_m": 257, "avg_grade_pct": 3.9, "max_grade_pct": 10.5, "summit_elevation_m": 507, "summit_lat": 43.7267, "summit_lon": 7.3606, "start_lat": 43.73124, "start_lon": 7.41337, "wikidata_id": "", "cycletrip_url": "https://cycletrip.pro/climbs/col-deze"}}, {"type": "Feature", "geometry": {"type": "Point", "coordinates": [9.3593571, 40.0747067]}, "properties": {"climb_slug": "arcu-correboi", "climb_name": "Arcu Correboi", "country": "IT", "region": "Sardinia", "side": "from 'Onne/Fonni", "category": "3", "length_km": 20.7, "elevation_gain_m": 449, "avg_grade_pct": 2.2, "max_grade_pct": 8.7, "summit_elevation_m": 1246, "summit_lat": 40.07471, "summit_lon": 9.35936, "start_lat": 40.14948, "start_lon": 9.27238, "wikidata_id": "Q3897432", "cycletrip_url": "https://cycletrip.pro/climbs/arcu-correboi"}}, {"type": "Feature", "geometry": {"type": "Point", "coordinates": [9.3593571, 40.0747067]}, "properties": {"climb_slug": "arcu-correboi", "climb_name": "Arcu Correboi", "country": "IT", "region": "Sardinia", "side": "from Villanova Strisaili", "category": "3", "length_km": 20.5, "elevation_gain_m": 421, "avg_grade_pct": 2.1, "max_grade_pct": 9.7, "summit_elevation_m": 1246, "summit_lat": 40.07471, "summit_lon": 9.35936, "start_lat": 39.96311, "start_lon": 9.45944, "wikidata_id": "Q3897432", "cycletrip_url": "https://cycletrip.pro/climbs/arcu-correboi"}}, {"type": "Feature", "geometry": {"type": "Point", "coordinates": [10.342130530590293, 46.47908326335851]}, "properties": {"climb_slug": "le-motte", "climb_name": "Le Motte", "country": "IT", "region": "Lombardy", "side": "from Oga", "category": "3", "length_km": 4.0, "elevation_gain_m": 201, "avg_grade_pct": 5.0, "max_grade_pct": 13.2, "summit_elevation_m": 1372, "summit_lat": 46.47908, "summit_lon": 10.34213, "start_lat": 46.4585, "start_lon": 10.35753, "wikidata_id": "", "cycletrip_url": "https://cycletrip.pro/climbs/le-motte"}}, {"type": "Feature", "geometry": {"type": "Point", "coordinates": [-4.1591031, 42.9405765]}, "properties": {"climb_slug": "alto-del-bardal", "climb_name": "Alto del Bardal", "country": "ES", "region": "Cantabria", "side": "from Reinosilla", "category": "4", "length_km": 4.6, "elevation_gain_m": 154, "avg_grade_pct": 3.4, "max_grade_pct": 6.7, "summit_elevation_m": 1093, "summit_lat": 42.94058, "summit_lon": -4.1591, "start_lat": 42.92211, "start_lon": -4.20101, "wikidata_id": "Q18397963", "cycletrip_url": "https://cycletrip.pro/climbs/alto-del-bardal"}}, {"type": "Feature", "geometry": {"type": "Point", "coordinates": [-4.1591031, 42.9405765]}, "properties": {"climb_slug": "alto-del-bardal", "climb_name": "Alto del Bardal", "country": "ES", "region": "Cantabria", "side": "from Villaescusa", "category": "3", "length_km": 5.4, "elevation_gain_m": 234, "avg_grade_pct": 4.3, "max_grade_pct": 9.0, "summit_elevation_m": 1093, "summit_lat": 42.94058, "summit_lon": -4.1591, "start_lat": 42.97339, "start_lon": -4.15734, "wikidata_id": "Q18397963", "cycletrip_url": "https://cycletrip.pro/climbs/alto-del-bardal"}}, {"type": "Feature", "geometry": {"type": "Point", "coordinates": [-2.35916, 43.01468]}, "properties": {"climb_slug": "udana-mendatea", "climb_name": "Udana Mendatea", "country": "ES", "region": "Basque Country", "side": "from Oñati", "category": "3", "length_km": 6.9, "elevation_gain_m": 262, "avg_grade_pct": 3.8, "max_grade_pct": 9.7, "summit_elevation_m": 515, "summit_lat": 43.01468, "summit_lon": -2.35916, "start_lat": 43.03166, "start_lon": -2.40818, "wikidata_id": "", "cycletrip_url": "https://cycletrip.pro/climbs/udana-mendatea"}}, {"type": "Feature", "geometry": {"type": "Point", "coordinates": [-4.2383704, 42.9541115]}, "properties": {"climb_slug": "collado-de-somahoz", "climb_name": "Collado de Somahoz", "country": "ES", "region": "Cantabria", "side": "from Espinilla", "category": "3", "length_km": 8.1, "elevation_gain_m": 284, "avg_grade_pct": 3.5, "max_grade_pct": 9.9, "summit_elevation_m": 1199, "summit_lat": 42.95411, "summit_lon": -4.23837, "start_lat": 43.01639, "start_lon": -4.22789, "wikidata_id": "Q5777475", "cycletrip_url": "https://cycletrip.pro/climbs/collado-de-somahoz"}}, {"type": "Feature", "geometry": {"type": "Point", "coordinates": [10.5102464, 46.8343532]}, "properties": {"climb_slug": "reschenpass-passo-resia", "climb_name": "Reschenpass - Passo Resia", "country": "IT", "region": "Dolomites", "side": "from Burgeis - Burgusio", "category": "4", "length_km": 16.7, "elevation_gain_m": 252, "avg_grade_pct": 1.5, "max_grade_pct": 7.8, "summit_elevation_m": 1507, "summit_lat": 46.83435, "summit_lon": 10.51025, "start_lat": 46.71156, "start_lon": 10.53453, "wikidata_id": "Q222860", "cycletrip_url": "https://cycletrip.pro/climbs/reschenpass-passo-resia"}}, {"type": "Feature", "geometry": {"type": "Point", "coordinates": [10.5102464, 46.8343532]}, "properties": {"climb_slug": "reschenpass-passo-resia", "climb_name": "Reschenpass - Passo Resia", "country": "IT", "region": "Dolomites", "side": "from Nauders", "category": "3", "length_km": 10.9, "elevation_gain_m": 321, "avg_grade_pct": 3.0, "max_grade_pct": 8.8, "summit_elevation_m": 1507, "summit_lat": 46.83435, "summit_lon": 10.51025, "start_lat": 46.91657, "start_lon": 10.49044, "wikidata_id": "Q222860", "cycletrip_url": "https://cycletrip.pro/climbs/reschenpass-passo-resia"}}, {"type": "Feature", "geometry": {"type": "Point", "coordinates": [6.7470705, 47.859719]}, "properties": {"climb_slug": "col-des-croix", "climb_name": "Col des Croix", "country": "FR", "region": "Vosges", "side": "from Le Thillot", "category": "3", "length_km": 3.9, "elevation_gain_m": 193, "avg_grade_pct": 5.0, "max_grade_pct": 10.5, "summit_elevation_m": 680, "summit_lat": 47.85972, "summit_lon": 6.74707, "start_lat": 47.87911, "start_lon": 6.76532, "wikidata_id": "Q2982214", "cycletrip_url": "https://cycletrip.pro/climbs/col-des-croix"}}, {"type": "Feature", "geometry": {"type": "Point", "coordinates": [6.7470705, 47.859719]}, "properties": {"climb_slug": "col-des-croix", "climb_name": "Col des Croix", "country": "FR", "region": "Vosges", "side": "from Ternuay", "category": "3", "length_km": 13.1, "elevation_gain_m": 335, "avg_grade_pct": 2.6, "max_grade_pct": 8.3, "summit_elevation_m": 680, "summit_lat": 47.85972, "summit_lon": 6.74707, "start_lat": 47.78704, "start_lon": 6.63401, "wikidata_id": "Q2982214", "cycletrip_url": "https://cycletrip.pro/climbs/col-des-croix"}}, {"type": "Feature", "geometry": {"type": "Point", "coordinates": [2.3850613, 42.8787574]}, "properties": {"climb_slug": "col-du-linas", "climb_name": "Col du Linas", "country": "FR", "region": "Pyrenees", "side": "from Padern", "category": "3", "length_km": 28.9, "elevation_gain_m": 452, "avg_grade_pct": 1.6, "max_grade_pct": 8.5, "summit_elevation_m": 667, "summit_lat": 42.87876, "summit_lon": 2.38506, "start_lat": 42.86476, "start_lon": 2.63972, "wikidata_id": "Q113834739", "cycletrip_url": "https://cycletrip.pro/climbs/col-du-linas"}}, {"type": "Feature", "geometry": {"type": "Point", "coordinates": [2.3850613, 42.8787574]}, "properties": {"climb_slug": "col-du-linas", "climb_name": "Col du Linas", "country": "FR", "region": "Pyrenees", "side": "from Rennes-les-Bains", "category": "3", "length_km": 15.6, "elevation_gain_m": 394, "avg_grade_pct": 2.5, "max_grade_pct": 8.3, "summit_elevation_m": 667, "summit_lat": 42.87876, "summit_lon": 2.38506, "start_lat": 42.93963, "start_lon": 2.31614, "wikidata_id": "Q113834739", "cycletrip_url": "https://cycletrip.pro/climbs/col-du-linas"}}, {"type": "Feature", "geometry": {"type": "Point", "coordinates": [6.2540609, 46.6809049]}, "properties": {"climb_slug": "col-de-landoz-neuve", "climb_name": "Col de Landoz-Neuve", "country": "FR", "region": "Jura", "side": "from Les Charbonnières", "category": "3", "length_km": 6.3, "elevation_gain_m": 228, "avg_grade_pct": 3.6, "max_grade_pct": 8.6, "summit_elevation_m": 1213, "summit_lat": 46.6809, "summit_lon": 6.25406, "start_lat": 46.66746, "start_lon": 6.31389, "wikidata_id": "Q18649332", "cycletrip_url": "https://cycletrip.pro/climbs/col-de-landoz-neuve"}}, {"type": "Feature", "geometry": {"type": "Point", "coordinates": [6.2540609, 46.6809049]}, "properties": {"climb_slug": "col-de-landoz-neuve", "climb_name": "Col de Landoz-Neuve", "country": "FR", "region": "Jura", "side": "from Mouthe", "category": "3", "length_km": 10.1, "elevation_gain_m": 310, "avg_grade_pct": 3.1, "max_grade_pct": 8.1, "summit_elevation_m": 1213, "summit_lat": 46.6809, "summit_lon": 6.25406, "start_lat": 46.70512, "start_lon": 6.18846, "wikidata_id": "Q18649332", "cycletrip_url": "https://cycletrip.pro/climbs/col-de-landoz-neuve"}}, {"type": "Feature", "geometry": {"type": "Point", "coordinates": [3.1305958, 45.1007001]}, "properties": {"climb_slug": "col-de-la-fageole", "climb_name": "Col de la Fageole", "country": "FR", "region": "Massif Central", "side": "from Saint-Flour", "category": "3", "length_km": 5.0, "elevation_gain_m": 220, "avg_grade_pct": 4.4, "max_grade_pct": 7.8, "summit_elevation_m": 1107, "summit_lat": 45.1007, "summit_lon": 3.1306, "start_lat": 45.0616, "start_lon": 3.10879, "wikidata_id": "Q2982172", "cycletrip_url": "https://cycletrip.pro/climbs/col-de-la-fageole"}}, {"type": "Feature", "geometry": {"type": "Point", "coordinates": [3.1305958, 45.1007001]}, "properties": {"climb_slug": "col-de-la-fageole", "climb_name": "Col de la Fageole", "country": "FR", "region": "Massif Central", "side": "from Vieillespesse", "category": "4", "length_km": 5.3, "elevation_gain_m": 183, "avg_grade_pct": 3.5, "max_grade_pct": 9.0, "summit_elevation_m": 1107, "summit_lat": 45.1007, "summit_lon": 3.1306, "start_lat": 45.13223, "start_lon": 3.14598, "wikidata_id": "Q2982172", "cycletrip_url": "https://cycletrip.pro/climbs/col-de-la-fageole"}}, {"type": "Feature", "geometry": {"type": "Point", "coordinates": [3.0869005, 45.8120616]}, "properties": {"climb_slug": "col-de-bancillon", "climb_name": "Col de Bancillon", "country": "FR", "region": "Massif Central", "side": "from Clermont-Ferrand", "category": "3", "length_km": 3.4, "elevation_gain_m": 180, "avg_grade_pct": 5.3, "max_grade_pct": 10.9, "summit_elevation_m": 551, "summit_lat": 45.81206, "summit_lon": 3.0869, "start_lat": 45.78404, "start_lon": 3.08452, "wikidata_id": "Q2982254", "cycletrip_url": "https://cycletrip.pro/climbs/col-de-bancillon"}}, {"type": "Feature", "geometry": {"type": "Point", "coordinates": [16.92196, 50.22579]}, "properties": {"climb_slug": "kladske-sedlo", "climb_name": "Kladské sedlo", "country": "PL", "region": "Kotlina Kłodzka", "side": "from Hynčice nad Moravou", "category": "3", "length_km": 21.2, "elevation_gain_m": 423, "avg_grade_pct": 2.0, "max_grade_pct": 7.6, "summit_elevation_m": 816, "summit_lat": 50.22579, "summit_lon": 16.92196, "start_lat": 50.07833, "start_lon": 16.93223, "wikidata_id": "", "cycletrip_url": "https://cycletrip.pro/climbs/kladske-sedlo"}}, {"type": "Feature", "geometry": {"type": "Point", "coordinates": [16.92196, 50.22579]}, "properties": {"climb_slug": "kladske-sedlo", "climb_name": "Kladské sedlo", "country": "PL", "region": "Kotlina Kłodzka", "side": "from Stara Morawa", "category": "3", "length_km": 7.3, "elevation_gain_m": 261, "avg_grade_pct": 3.6, "max_grade_pct": 9.1, "summit_elevation_m": 816, "summit_lat": 50.22579, "summit_lon": 16.92196, "start_lat": 50.25977, "start_lon": 16.89231, "wikidata_id": "", "cycletrip_url": "https://cycletrip.pro/climbs/kladske-sedlo"}}, {"type": "Feature", "geometry": {"type": "Point", "coordinates": [2.0532924, 42.9980719]}, "properties": {"climb_slug": "col-du-bac", "climb_name": "Col du Bac", "country": "FR", "region": "Pyrenees", "side": "from Chalabre", "category": "3", "length_km": 6.2, "elevation_gain_m": 242, "avg_grade_pct": 3.9, "max_grade_pct": 9.6, "summit_elevation_m": 620, "summit_lat": 42.99807, "summit_lon": 2.05329, "start_lat": 42.98116, "start_lon": 2.00536, "wikidata_id": "Q109018727", "cycletrip_url": "https://cycletrip.pro/climbs/col-du-bac"}}, {"type": "Feature", "geometry": {"type": "Point", "coordinates": [2.0532924, 42.9980719]}, "properties": {"climb_slug": "col-du-bac", "climb_name": "Col du Bac", "country": "FR", "region": "Pyrenees", "side": "from Saint-Benoît", "category": "3", "length_km": 3.2, "elevation_gain_m": 167, "avg_grade_pct": 5.2, "max_grade_pct": 7.5, "summit_elevation_m": 620, "summit_lat": 42.99807, "summit_lon": 2.05329, "start_lat": 43.01662, "start_lon": 2.06456, "wikidata_id": "Q109018727", "cycletrip_url": "https://cycletrip.pro/climbs/col-du-bac"}}, {"type": "Feature", "geometry": {"type": "Point", "coordinates": [5.816869, 45.4691347]}, "properties": {"climb_slug": "col-de-couz", "climb_name": "Col de Couz", "country": "FR", "region": "French Alps", "side": "from Cognin", "category": "3", "length_km": 11.9, "elevation_gain_m": 331, "avg_grade_pct": 2.8, "max_grade_pct": 7.1, "summit_elevation_m": 636, "summit_lat": 45.46913, "summit_lon": 5.81687, "start_lat": 45.55593, "start_lon": 5.89311, "wikidata_id": "Q2982043", "cycletrip_url": "https://cycletrip.pro/climbs/col-de-couz"}}, {"type": "Feature", "geometry": {"type": "Point", "coordinates": [5.816869, 45.4691347]}, "properties": {"climb_slug": "col-de-couz", "climb_name": "Col de Couz", "country": "FR", "region": "French Alps", "side": "from Les Échelles", "category": "3", "length_km": 8.3, "elevation_gain_m": 254, "avg_grade_pct": 3.1, "max_grade_pct": 29.2, "summit_elevation_m": 636, "summit_lat": 45.46913, "summit_lon": 5.81687, "start_lat": 45.44084, "start_lon": 5.74737, "wikidata_id": "Q2982043", "cycletrip_url": "https://cycletrip.pro/climbs/col-de-couz"}}, {"type": "Feature", "geometry": {"type": "Point", "coordinates": [6.1074858, 46.00312]}, "properties": {"climb_slug": "col-de-la-mallebranche", "climb_name": "Col de la Mallebranche", "country": "FR", "region": "French Alps", "side": "from Sallenôves", "category": "3", "length_km": 11.8, "elevation_gain_m": 329, "avg_grade_pct": 2.8, "max_grade_pct": 7.0, "summit_elevation_m": 702, "summit_lat": 46.00312, "summit_lon": 6.10749, "start_lat": 46.01144, "start_lon": 5.99365, "wikidata_id": "Q115354774", "cycletrip_url": "https://cycletrip.pro/climbs/col-de-la-mallebranche"}}, {"type": "Feature", "geometry": {"type": "Point", "coordinates": [14.3976631, 37.8506776]}, "properties": {"climb_slug": "sedda-ru-cuntrasto", "climb_name": "Sedda ru Cuntrasto", "country": "IT", "region": "Sicily", "side": "from Nicosia", "category": "3", "length_km": 16.0, "elevation_gain_m": 381, "avg_grade_pct": 2.4, "max_grade_pct": 12.1, "summit_elevation_m": 1122, "summit_lat": 37.85068, "summit_lon": 14.39766, "start_lat": 37.7556, "start_lon": 14.40089, "wikidata_id": "Q3682761", "cycletrip_url": "https://cycletrip.pro/climbs/sedda-ru-cuntrasto"}}, {"type": "Feature", "geometry": {"type": "Point", "coordinates": [5.0982464809932395, 44.563207184794585]}, "properties": {"climb_slug": "col-du-pertuis", "climb_name": "Col du Pertuis", "country": null, "region": null, "side": "from Bourdeaux", "category": "4", "length_km": 8.0, "elevation_gain_m": 230, "avg_grade_pct": 2.9, "max_grade_pct": 9.1, "summit_elevation_m": "", "summit_lat": 44.56321, "summit_lon": 5.09825, "start_lat": 44.59378, "start_lon": 5.12774, "wikidata_id": "", "cycletrip_url": "https://cycletrip.pro/climbs/col-du-pertuis"}}, {"type": "Feature", "geometry": {"type": "Point", "coordinates": [5.0982464809932395, 44.563207184794585]}, "properties": {"climb_slug": "col-du-pertuis", "climb_name": "Col du Pertuis", "country": null, "region": null, "side": "from Dieulefit", "category": "3", "length_km": 6.7, "elevation_gain_m": 249, "avg_grade_pct": 3.7, "max_grade_pct": 9.3, "summit_elevation_m": "", "summit_lat": 44.56321, "summit_lon": 5.09825, "start_lat": 44.52518, "start_lon": 5.05981, "wikidata_id": "", "cycletrip_url": "https://cycletrip.pro/climbs/col-du-pertuis"}}, {"type": "Feature", "geometry": {"type": "Point", "coordinates": [6.9117, 43.4805]}, "properties": {"climb_slug": "col-notre-dame", "climb_name": "Col Notre-Dame", "country": "FR", "region": "Provence", "side": "from Anthéor", "category": "3", "length_km": 6.7, "elevation_gain_m": 244, "avg_grade_pct": 3.7, "max_grade_pct": 14.2, "summit_elevation_m": 324, "summit_lat": 43.4805, "summit_lon": 6.9117, "start_lat": 43.45446, "start_lon": 6.8813, "wikidata_id": "", "cycletrip_url": "https://cycletrip.pro/climbs/col-notre-dame"}}, {"type": "Feature", "geometry": {"type": "Point", "coordinates": [7.973299085719268, 45.48790496556725]}, "properties": {"climb_slug": "puerto-bienca-tomalino", "climb_name": "Puerto Bienca-Tomalino", "country": "IT", "region": "Piedmont", "side": "from Bollengo", "category": "3", "length_km": 10.0, "elevation_gain_m": 304, "avg_grade_pct": 3.0, "max_grade_pct": 8.4, "summit_elevation_m": 541, "summit_lat": 45.4879, "summit_lon": 7.9733, "start_lat": 45.46942, "start_lon": 7.93973, "wikidata_id": "", "cycletrip_url": "https://cycletrip.pro/climbs/puerto-bienca-tomalino"}}, {"type": "Feature", "geometry": {"type": "Point", "coordinates": [7.973299085719268, 45.48790496556725]}, "properties": {"climb_slug": "puerto-bienca-tomalino", "climb_name": "Puerto Bienca-Tomalino", "country": "IT", "region": "Piedmont", "side": "from Mongrando", "category": "4", "length_km": 7.3, "elevation_gain_m": 213, "avg_grade_pct": 2.9, "max_grade_pct": 7.1, "summit_elevation_m": 541, "summit_lat": 45.4879, "summit_lon": 7.9733, "start_lat": 45.51552, "start_lon": 8.00575, "wikidata_id": "", "cycletrip_url": "https://cycletrip.pro/climbs/puerto-bienca-tomalino"}}, {"type": "Feature", "geometry": {"type": "Point", "coordinates": [-1.4018265, 42.6564593]}, "properties": {"climb_slug": "loitiko-mendatea", "climb_name": "Loitiko mendatea", "country": "ES", "region": "Southern Pyrenees", "side": "from Lumbier", "category": "3", "length_km": 5.9, "elevation_gain_m": 230, "avg_grade_pct": 3.9, "max_grade_pct": 9.7, "summit_elevation_m": 726, "summit_lat": 42.65646, "summit_lon": -1.40183, "start_lat": 42.64101, "start_lon": -1.33837, "wikidata_id": "Q12262555", "cycletrip_url": "https://cycletrip.pro/climbs/loitiko-mendatea"}}, {"type": "Feature", "geometry": {"type": "Point", "coordinates": [9.6483507, 44.6692182]}, "properties": {"climb_slug": "passo-linguad", "climb_name": "Passo Linguadà", "country": "IT", "region": "Northern Apennines", "side": "from Bardi", "category": "3", "length_km": 12.0, "elevation_gain_m": 318, "avg_grade_pct": 2.7, "max_grade_pct": 10.0, "summit_elevation_m": 930, "summit_lat": 44.66922, "summit_lon": 9.64835, "start_lat": 44.63186, "start_lon": 9.72981, "wikidata_id": "Q60837175", "cycletrip_url": "https://cycletrip.pro/climbs/passo-linguad"}}, {"type": "Feature", "geometry": {"type": "Point", "coordinates": [9.368721624057729, 45.77431213976446]}, "properties": {"climb_slug": "ravellino", "climb_name": "Ravellino", "country": "IT", "region": "Lombardy", "side": "from Sala al Barro", "category": "3", "length_km": 5.2, "elevation_gain_m": 210, "avg_grade_pct": 4.1, "max_grade_pct": 9.0, "summit_elevation_m": "", "summit_lat": 45.77431, "summit_lon": 9.36872, "start_lat": 45.81372, "start_lon": 9.37765, "wikidata_id": "", "cycletrip_url": "https://cycletrip.pro/climbs/ravellino"}}, {"type": "Feature", "geometry": {"type": "Point", "coordinates": [15.7626036, 50.9439085]}, "properties": {"climb_slug": "gora-szybowcowa", "climb_name": "Góra Szybowcowa", "country": "PL", "region": "Sudety", "side": "from Jeżów Sudecki", "category": "3", "length_km": 4.9, "elevation_gain_m": 207, "avg_grade_pct": 4.2, "max_grade_pct": 7.5, "summit_elevation_m": "", "summit_lat": 50.94391, "summit_lon": 15.7626, "start_lat": 50.92264, "start_lon": 15.73422, "wikidata_id": "", "cycletrip_url": "https://cycletrip.pro/climbs/gora-szybowcowa"}}, {"type": "Feature", "geometry": {"type": "Point", "coordinates": [-3.16083, 43.22882]}, "properties": {"climb_slug": "avellaneda", "climb_name": "Avellaneda", "country": "ES", "region": "Basque Country", "side": "from Mercadillo", "category": "3", "length_km": 3.7, "elevation_gain_m": 176, "avg_grade_pct": 4.8, "max_grade_pct": 11.4, "summit_elevation_m": 263, "summit_lat": 43.22882, "summit_lon": -3.16083, "start_lat": 43.26022, "start_lon": -3.15414, "wikidata_id": "", "cycletrip_url": "https://cycletrip.pro/climbs/avellaneda"}}, {"type": "Feature", "geometry": {"type": "Point", "coordinates": [12.1839834, 46.620591]}, "properties": {"climb_slug": "im-gem-rk-passo-cimabanche", "climb_name": "Im Gemärk - Passo Cimabanche", "country": "IT", "region": "Dolomites", "side": "from Cortina d'Ampezzo", "category": "3", "length_km": 15.1, "elevation_gain_m": 336, "avg_grade_pct": 2.2, "max_grade_pct": 12.3, "summit_elevation_m": 1530, "summit_lat": 46.62059, "summit_lon": 12.18398, "start_lat": 46.53983, "start_lon": 12.13209, "wikidata_id": "Q2056122", "cycletrip_url": "https://cycletrip.pro/climbs/im-gem-rk-passo-cimabanche"}}, {"type": "Feature", "geometry": {"type": "Point", "coordinates": [12.1839834, 46.620591]}, "properties": {"climb_slug": "im-gem-rk-passo-cimabanche", "climb_name": "Im Gemärk - Passo Cimabanche", "country": "IT", "region": "Dolomites", "side": "from Niederrasen - Rasun di Sotto", "category": "3", "length_km": 33.3, "elevation_gain_m": 522, "avg_grade_pct": 1.6, "max_grade_pct": 11.3, "summit_elevation_m": 1530, "summit_lat": 46.62059, "summit_lon": 12.18398, "start_lat": 46.77443, "start_lon": 12.02956, "wikidata_id": "Q2056122", "cycletrip_url": "https://cycletrip.pro/climbs/im-gem-rk-passo-cimabanche"}}, {"type": "Feature", "geometry": {"type": "Point", "coordinates": [10.3044839, 45.6462887]}, "properties": {"climb_slug": "passo-del-cavallo", "climb_name": "Passo del Cavallo", "country": "IT", "region": "Lake Garda", "side": "from Fontana", "category": "3", "length_km": 5.9, "elevation_gain_m": 226, "avg_grade_pct": 3.8, "max_grade_pct": 8.1, "summit_elevation_m": 730, "summit_lat": 45.64629, "summit_lon": 10.30448, "start_lat": 45.65122, "start_lon": 10.26467, "wikidata_id": "Q3897365", "cycletrip_url": "https://cycletrip.pro/climbs/passo-del-cavallo"}}, {"type": "Feature", "geometry": {"type": "Point", "coordinates": [-2.86965, 42.95997]}, "properties": {"climb_slug": "puerto-de-altube", "climb_name": "Puerto de Altube", "country": "ES", "region": "Basque Country", "side": "from Urduña / Orduña", "category": "3", "length_km": 14.7, "elevation_gain_m": 351, "avg_grade_pct": 2.4, "max_grade_pct": 10.4, "summit_elevation_m": 625, "summit_lat": 42.95997, "summit_lon": -2.86965, "start_lat": 42.99329, "start_lon": -3.00426, "wikidata_id": "", "cycletrip_url": "https://cycletrip.pro/climbs/puerto-de-altube"}}, {"type": "Feature", "geometry": {"type": "Point", "coordinates": [5.31304, 44.20821]}, "properties": {"climb_slug": "col-de-fontaube", "climb_name": "Col de Fontaube", "country": "FR", "region": "Provence", "side": "from Eygaliers", "category": "3", "length_km": 7.3, "elevation_gain_m": 245, "avg_grade_pct": 3.4, "max_grade_pct": 12.3, "summit_elevation_m": 635, "summit_lat": 44.20821, "summit_lon": 5.31304, "start_lat": 44.23946, "start_lon": 5.28072, "wikidata_id": "", "cycletrip_url": "https://cycletrip.pro/climbs/col-de-fontaube"}}, {"type": "Feature", "geometry": {"type": "Point", "coordinates": [18.992102, 49.7248781]}, "properties": {"climb_slug": "przelecz-karkoszczonka", "climb_name": "Przełęcz Karkoszczonka", "country": "PL", "region": "Beskidy", "side": "from Brenna", "category": "3", "length_km": 5.4, "elevation_gain_m": 209, "avg_grade_pct": 3.9, "max_grade_pct": 9.9, "summit_elevation_m": "", "summit_lat": 49.72488, "summit_lon": 18.9921, "start_lat": 49.72128, "start_lon": 18.92002, "wikidata_id": "", "cycletrip_url": "https://cycletrip.pro/climbs/przelecz-karkoszczonka"}}, {"type": "Feature", "geometry": {"type": "Point", "coordinates": [14.43541, 37.49079]}, "properties": {"climb_slug": "portella-castani", "climb_name": "Portella Càstani", "country": "IT", "region": "Sicily", "side": "from Piazza Armerina", "category": "3", "length_km": 2.9, "elevation_gain_m": 153, "avg_grade_pct": 5.3, "max_grade_pct": 11.3, "summit_elevation_m": 553, "summit_lat": 37.49079, "summit_lon": 14.43541, "start_lat": 37.50697, "start_lon": 14.45505, "wikidata_id": "", "cycletrip_url": "https://cycletrip.pro/climbs/portella-castani"}}, {"type": "Feature", "geometry": {"type": "Point", "coordinates": [14.43541, 37.49079]}, "properties": {"climb_slug": "portella-castani", "climb_name": "Portella Càstani", "country": "IT", "region": "Sicily", "side": "from Raddusa", "category": "4", "length_km": 9.4, "elevation_gain_m": 224, "avg_grade_pct": 2.4, "max_grade_pct": 7.9, "summit_elevation_m": 553, "summit_lat": 37.49079, "summit_lon": 14.43541, "start_lat": 37.50078, "start_lon": 14.51667, "wikidata_id": "", "cycletrip_url": "https://cycletrip.pro/climbs/portella-castani"}}, {"type": "Feature", "geometry": {"type": "Point", "coordinates": [16.66459, 50.54375]}, "properties": {"climb_slug": "przelecz-wilcza", "climb_name": "Przełęcz Wilcza", "country": "PL", "region": "Kotlina Kłodzka", "side": "from Budzów", "category": "3", "length_km": 4.2, "elevation_gain_m": 186, "avg_grade_pct": 4.4, "max_grade_pct": 10.0, "summit_elevation_m": 532, "summit_lat": 50.54375, "summit_lon": 16.66459, "start_lat": 50.57418, "start_lon": 16.67975, "wikidata_id": "", "cycletrip_url": "https://cycletrip.pro/climbs/przelecz-wilcza"}}, {"type": "Feature", "geometry": {"type": "Point", "coordinates": [16.66459, 50.54375]}, "properties": {"climb_slug": "przelecz-wilcza", "climb_name": "Przełęcz Wilcza", "country": "PL", "region": "Kotlina Kłodzka", "side": "from Młynów", "category": "3", "length_km": 9.8, "elevation_gain_m": 266, "avg_grade_pct": 2.7, "max_grade_pct": 11.0, "summit_elevation_m": 532, "summit_lat": 50.54375, "summit_lon": 16.66459, "start_lat": 50.47815, "start_lon": 16.65856, "wikidata_id": "", "cycletrip_url": "https://cycletrip.pro/climbs/przelecz-wilcza"}}, {"type": "Feature", "geometry": {"type": "Point", "coordinates": [5.931174049561958, 44.677527327826446]}, "properties": {"climb_slug": "superdevoluy", "climb_name": "SuperDévoluy", "country": "FR", "region": "French Alps", "side": "from Le Pré", "category": "3", "length_km": 4.6, "elevation_gain_m": 194, "avg_grade_pct": 4.2, "max_grade_pct": 10.3, "summit_elevation_m": "", "summit_lat": 44.67753, "summit_lon": 5.93117, "start_lat": 44.6953, "start_lon": 5.93704, "wikidata_id": "", "cycletrip_url": "https://cycletrip.pro/climbs/superdevoluy"}}, {"type": "Feature", "geometry": {"type": "Point", "coordinates": [5.6774167, 44.7237892]}, "properties": {"climb_slug": "col-de-la-croix-haute", "climb_name": "Col de La Croix-Haute", "country": "FR", "region": "French Alps", "side": "from Saint-Julien-en-Beauchêne", "category": "4", "length_km": 11.9, "elevation_gain_m": 238, "avg_grade_pct": 2.0, "max_grade_pct": 6.9, "summit_elevation_m": 1183, "summit_lat": 44.72379, "summit_lon": 5.67742, "start_lat": 44.62637, "start_lon": 5.69787, "wikidata_id": "Q1107422", "cycletrip_url": "https://cycletrip.pro/climbs/col-de-la-croix-haute"}}, {"type": "Feature", "geometry": {"type": "Point", "coordinates": [5.6774167, 44.7237892]}, "properties": {"climb_slug": "col-de-la-croix-haute", "climb_name": "Col de La Croix-Haute", "country": "FR", "region": "French Alps", "side": "from Saint-Martin-de-Clelles", "category": "3", "length_km": 20.2, "elevation_gain_m": 401, "avg_grade_pct": 2.0, "max_grade_pct": 10.5, "summit_elevation_m": 1183, "summit_lat": 44.72379, "summit_lon": 5.67742, "start_lat": 44.83923, "start_lon": 5.61139, "wikidata_id": "Q1107422", "cycletrip_url": "https://cycletrip.pro/climbs/col-de-la-croix-haute"}}, {"type": "Feature", "geometry": {"type": "Point", "coordinates": [15.5363962, 50.8490386]}, "properties": {"climb_slug": "zakret-smierci", "climb_name": "Zakręt Śmierci", "country": "PL", "region": "Sudety", "side": "from Mroczkowice", "category": "3", "length_km": 20.2, "elevation_gain_m": 400, "avg_grade_pct": 2.0, "max_grade_pct": 6.6, "summit_elevation_m": "", "summit_lat": 50.84904, "summit_lon": 15.5364, "start_lat": 50.94262, "start_lon": 15.35815, "wikidata_id": "", "cycletrip_url": "https://cycletrip.pro/climbs/zakret-smierci"}}, {"type": "Feature", "geometry": {"type": "Point", "coordinates": [-2.7597807430040375, 43.282108059440326]}, "properties": {"climb_slug": "alto-de-morga", "climb_name": "Alto de Morga", "country": "ES", "region": "Basque Country", "side": "from Larrabetzu", "category": "3", "length_km": 4.8, "elevation_gain_m": 197, "avg_grade_pct": 4.1, "max_grade_pct": 10.2, "summit_elevation_m": 273, "summit_lat": 43.28211, "summit_lon": -2.75978, "start_lat": 43.25812, "start_lon": -2.79383, "wikidata_id": "", "cycletrip_url": "https://cycletrip.pro/climbs/alto-de-morga"}}, {"type": "Feature", "geometry": {"type": "Point", "coordinates": [-1.3867708, 42.9797997]}, "properties": {"climb_slug": "mezkirizko-lepoa", "climb_name": "Mezkirizko lepoa", "country": "ES", "region": "Southern Pyrenees", "side": "from Erro", "category": "3", "length_km": 8.9, "elevation_gain_m": 269, "avg_grade_pct": 3.0, "max_grade_pct": 9.0, "summit_elevation_m": 922, "summit_lat": 42.9798, "summit_lon": -1.38677, "start_lat": 42.94244, "start_lon": -1.44845, "wikidata_id": "Q12263509", "cycletrip_url": "https://cycletrip.pro/climbs/mezkirizko-lepoa"}}, {"type": "Feature", "geometry": {"type": "Point", "coordinates": [7.540598988503637, 45.31132021628371]}, "properties": {"climb_slug": "corio", "climb_name": "Corio", "country": "IT", "region": "Piedmont", "side": "from Levone", "category": "3", "length_km": 7.8, "elevation_gain_m": 248, "avg_grade_pct": 3.2, "max_grade_pct": 9.4, "summit_elevation_m": 582, "summit_lat": 45.31132, "summit_lon": 7.5406, "start_lat": 45.31962, "start_lon": 7.61891, "wikidata_id": "", "cycletrip_url": "https://cycletrip.pro/climbs/corio"}}, {"type": "Feature", "geometry": {"type": "Point", "coordinates": [20.11595, 49.30144]}, "properties": {"climb_slug": "polana-glodowka", "climb_name": "Polana Głodówka", "country": "PL", "region": "Podhale", "side": "from Bukowina Tatrzańska", "category": "3", "length_km": 3.9, "elevation_gain_m": 176, "avg_grade_pct": 4.5, "max_grade_pct": 8.3, "summit_elevation_m": "", "summit_lat": 49.30144, "summit_lon": 20.11595, "start_lat": 49.32966, "start_lon": 20.09722, "wikidata_id": "", "cycletrip_url": "https://cycletrip.pro/climbs/polana-glodowka"}}, {"type": "Feature", "geometry": {"type": "Point", "coordinates": [22.54833, 49.14168]}, "properties": {"climb_slug": "przelecz-wyzna", "climb_name": "Przełęcz Wyżna", "country": "PL", "region": "Bieszczady", "side": "from Wetlina", "category": "3", "length_km": 6.8, "elevation_gain_m": 231, "avg_grade_pct": 3.4, "max_grade_pct": 8.3, "summit_elevation_m": 872, "summit_lat": 49.14168, "summit_lon": 22.54833, "start_lat": 49.15191, "start_lon": 22.4727, "wikidata_id": "", "cycletrip_url": "https://cycletrip.pro/climbs/przelecz-wyzna"}}, {"type": "Feature", "geometry": {"type": "Point", "coordinates": [14.55396, 37.48011]}, "properties": {"climb_slug": "portella-massara", "climb_name": "Portella Massara", "country": "IT", "region": "Sicily", "side": "from Assoro", "category": "4", "length_km": 10.0, "elevation_gain_m": 142, "avg_grade_pct": 1.4, "max_grade_pct": 5.7, "summit_elevation_m": 407, "summit_lat": 37.48011, "summit_lon": 14.55396, "start_lat": 37.52257, "start_lon": 14.51365, "wikidata_id": "", "cycletrip_url": "https://cycletrip.pro/climbs/portella-massara"}}, {"type": "Feature", "geometry": {"type": "Point", "coordinates": [14.55396, 37.48011]}, "properties": {"climb_slug": "portella-massara", "climb_name": "Portella Massara", "country": "IT", "region": "Sicily", "side": "from Ramacca", "category": "3", "length_km": 8.6, "elevation_gain_m": 261, "avg_grade_pct": 3.0, "max_grade_pct": 9.6, "summit_elevation_m": 407, "summit_lat": 37.48011, "summit_lon": 14.55396, "start_lat": 37.4384, "start_lon": 14.61142, "wikidata_id": "", "cycletrip_url": "https://cycletrip.pro/climbs/portella-massara"}}, {"type": "Feature", "geometry": {"type": "Point", "coordinates": [-4.7075533, 36.6199488]}, "properties": {"climb_slug": "puerto-de-los-pescadores", "climb_name": "Puerto de los Pescadores", "country": "ES", "region": "Andalusia", "side": "from Mijas", "category": "3", "length_km": 9.1, "elevation_gain_m": 264, "avg_grade_pct": 2.9, "max_grade_pct": 9.3, "summit_elevation_m": "", "summit_lat": 36.61995, "summit_lon": -4.70755, "start_lat": 36.55277, "start_lon": -4.68924, "wikidata_id": "", "cycletrip_url": "https://cycletrip.pro/climbs/puerto-de-los-pescadores"}}, {"type": "Feature", "geometry": {"type": "Point", "coordinates": [9.4672873, 41.0467078]}, "properties": {"climb_slug": "san-pantaleo", "climb_name": "San Pantaleo", "country": "IT", "region": "Sardinia", "side": "from Olbia", "category": "4", "length_km": 7.5, "elevation_gain_m": 167, "avg_grade_pct": 2.2, "max_grade_pct": 7.3, "summit_elevation_m": "", "summit_lat": 41.04671, "summit_lon": 9.46729, "start_lat": 41.01771, "start_lon": 9.50999, "wikidata_id": "", "cycletrip_url": "https://cycletrip.pro/climbs/san-pantaleo"}}, {"type": "Feature", "geometry": {"type": "Point", "coordinates": [9.4672873, 41.0467078]}, "properties": {"climb_slug": "san-pantaleo", "climb_name": "San Pantaleo", "country": "IT", "region": "Sardinia", "side": "from San Pantaleo", "category": "4", "length_km": 3.7, "elevation_gain_m": 147, "avg_grade_pct": 4.0, "max_grade_pct": 8.1, "summit_elevation_m": "", "summit_lat": 41.04671, "summit_lon": 9.46729, "start_lat": 41.03523, "start_lon": 9.4335, "wikidata_id": "", "cycletrip_url": "https://cycletrip.pro/climbs/san-pantaleo"}}, {"type": "Feature", "geometry": {"type": "Point", "coordinates": [9.4672873, 41.0467078]}, "properties": {"climb_slug": "san-pantaleo", "climb_name": "San Pantaleo", "country": "IT", "region": "Sardinia", "side": "from Sarrabalestra", "category": "3", "length_km": 3.6, "elevation_gain_m": 166, "avg_grade_pct": 4.6, "max_grade_pct": 11.4, "summit_elevation_m": "", "summit_lat": 41.04671, "summit_lon": 9.46729, "start_lat": 41.07047, "start_lon": 9.4601, "wikidata_id": "", "cycletrip_url": "https://cycletrip.pro/climbs/san-pantaleo"}}, {"type": "Feature", "geometry": {"type": "Point", "coordinates": [5.6267394, 46.7570328]}, "properties": {"climb_slug": "montee-de-chateau-chalon", "climb_name": "Montée de Château-Chalon", "country": "FR", "region": "Jura", "side": "from Voiteur", "category": "3", "length_km": 4.1, "elevation_gain_m": 175, "avg_grade_pct": 4.3, "max_grade_pct": 11.1, "summit_elevation_m": "", "summit_lat": 46.75703, "summit_lon": 5.62674, "start_lat": 46.75807, "start_lon": 5.61575, "wikidata_id": "", "cycletrip_url": "https://cycletrip.pro/climbs/montee-de-chateau-chalon"}}, {"type": "Feature", "geometry": {"type": "Point", "coordinates": [6.2559842, 46.0449433]}, "properties": {"climb_slug": "col-d-vires", "climb_name": "Col d’Évires", "country": "FR", "region": "French Alps", "side": "from Groisy", "category": "3", "length_km": 9.0, "elevation_gain_m": 256, "avg_grade_pct": 2.9, "max_grade_pct": 8.5, "summit_elevation_m": 810, "summit_lat": 46.04494, "summit_lon": 6.25598, "start_lat": 45.99998, "start_lon": 6.18023, "wikidata_id": "Q106600905", "cycletrip_url": "https://cycletrip.pro/climbs/col-d-vires"}}, {"type": "Feature", "geometry": {"type": "Point", "coordinates": [14.19382, 37.28882]}, "properties": {"climb_slug": "portella-di-pitta", "climb_name": "Portella di Pitta", "country": "IT", "region": "Sicily", "side": "from Gela", "category": "3", "length_km": 22.9, "elevation_gain_m": 416, "avg_grade_pct": 1.8, "max_grade_pct": 8.9, "summit_elevation_m": 485, "summit_lat": 37.28882, "summit_lon": 14.19382, "start_lat": 37.15641, "start_lon": 14.29154, "wikidata_id": "", "cycletrip_url": "https://cycletrip.pro/climbs/portella-di-pitta"}}, {"type": "Feature", "geometry": {"type": "Point", "coordinates": [8.4735456, 44.4290836]}, "properties": {"climb_slug": "passo-del-giovo", "climb_name": "Passo del Giovo", "country": "IT", "region": "Liguria", "side": "from Melazzo", "category": "4", "length_km": 31.0, "elevation_gain_m": 327, "avg_grade_pct": 1.1, "max_grade_pct": 7.2, "summit_elevation_m": 516, "summit_lat": 44.42908, "summit_lon": 8.47355, "start_lat": 44.63766, "start_lon": 8.42058, "wikidata_id": "Q3682764", "cycletrip_url": "https://cycletrip.pro/climbs/passo-del-giovo"}}, {"type": "Feature", "geometry": {"type": "Point", "coordinates": [8.4735456, 44.4290836]}, "properties": {"climb_slug": "passo-del-giovo", "climb_name": "Passo del Giovo", "country": "IT", "region": "Liguria", "side": "from San Giovanni Battista", "category": "3", "length_km": 4.0, "elevation_gain_m": 172, "avg_grade_pct": 4.3, "max_grade_pct": 10.6, "summit_elevation_m": 516, "summit_lat": 44.42908, "summit_lon": 8.47355, "start_lat": 44.40733, "start_lon": 8.4889, "wikidata_id": "Q3682764", "cycletrip_url": "https://cycletrip.pro/climbs/passo-del-giovo"}}, {"type": "Feature", "geometry": {"type": "Point", "coordinates": [11.31508612434111, 43.21792775543842]}, "properties": {"climb_slug": "grotti", "climb_name": "Grotti", "country": "IT", "region": "Tuscany", "side": "from Monteroni d'Arbia", "category": "4", "length_km": 5.1, "elevation_gain_m": 180, "avg_grade_pct": 3.5, "max_grade_pct": 9.4, "summit_elevation_m": 371, "summit_lat": 43.21793, "summit_lon": 11.31509, "start_lat": 43.24699, "start_lon": 11.34109, "wikidata_id": "", "cycletrip_url": "https://cycletrip.pro/climbs/grotti"}}, {"type": "Feature", "geometry": {"type": "Point", "coordinates": [11.31508612434111, 43.21792775543842]}, "properties": {"climb_slug": "grotti", "climb_name": "Grotti", "country": "IT", "region": "Tuscany", "side": "from Orgia", "category": "3", "length_km": 4.6, "elevation_gain_m": 184, "avg_grade_pct": 4.0, "max_grade_pct": 7.9, "summit_elevation_m": 371, "summit_lat": 43.21793, "summit_lon": 11.31509, "start_lat": 43.22001, "start_lon": 11.27446, "wikidata_id": "", "cycletrip_url": "https://cycletrip.pro/climbs/grotti"}}, {"type": "Feature", "geometry": {"type": "Point", "coordinates": [6.319647665425172, 44.484625561801664]}, "properties": {"climb_slug": "cote-des-demoiselles-coiffees", "climb_name": "Côte des Demoiselles Coiffées", "country": "FR", "region": "French Alps", "side": "from Le Lauzet-Ubaye", "category": "3", "length_km": 6.0, "elevation_gain_m": 212, "avg_grade_pct": 3.5, "max_grade_pct": 10.7, "summit_elevation_m": "", "summit_lat": 44.48463, "summit_lon": 6.31965, "start_lat": 44.46746, "start_lon": 6.35085, "wikidata_id": "", "cycletrip_url": "https://cycletrip.pro/climbs/cote-des-demoiselles-coiffees"}}, {"type": "Feature", "geometry": {"type": "Point", "coordinates": [6.319647665425172, 44.484625561801664]}, "properties": {"climb_slug": "cote-des-demoiselles-coiffees", "climb_name": "Côte des Demoiselles Coiffées", "country": "FR", "region": "French Alps", "side": "from Savines-le-Lac", "category": "4", "length_km": 9.2, "elevation_gain_m": 219, "avg_grade_pct": 2.4, "max_grade_pct": 9.6, "summit_elevation_m": "", "summit_lat": 44.48463, "summit_lon": 6.31965, "start_lat": 44.52262, "start_lon": 6.39781, "wikidata_id": "", "cycletrip_url": "https://cycletrip.pro/climbs/cote-des-demoiselles-coiffees"}}, {"type": "Feature", "geometry": {"type": "Point", "coordinates": [5.2862, 43.99743]}, "properties": {"climb_slug": "col-de-la-ligne", "climb_name": "Col de la Ligne", "country": "FR", "region": "Provence", "side": "from Murs", "category": "3", "length_km": 8.7, "elevation_gain_m": 253, "avg_grade_pct": 2.9, "max_grade_pct": 7.9, "summit_elevation_m": 756, "summit_lat": 43.99743, "summit_lon": 5.2862, "start_lat": 43.95122, "start_lon": 5.24257, "wikidata_id": "", "cycletrip_url": "https://cycletrip.pro/climbs/col-de-la-ligne"}}, {"type": "Feature", "geometry": {"type": "Point", "coordinates": [-2.676, 42.77886]}, "properties": {"climb_slug": "gasteizko-mendatea", "climb_name": "Gasteizko mendatea", "country": "ES", "region": "Basque Country", "side": "from Ventas de Armentia", "category": "4", "length_km": 6.6, "elevation_gain_m": 205, "avg_grade_pct": 3.1, "max_grade_pct": 8.0, "summit_elevation_m": 758, "summit_lat": 42.77886, "summit_lon": -2.676, "start_lat": 42.72366, "start_lon": -2.69458, "wikidata_id": "", "cycletrip_url": "https://cycletrip.pro/climbs/gasteizko-mendatea"}}, {"type": "Feature", "geometry": {"type": "Point", "coordinates": [-2.676, 42.77886]}, "properties": {"climb_slug": "gasteizko-mendatea", "climb_name": "Gasteizko mendatea", "country": "ES", "region": "Basque Country", "side": "from Vitoria-Gasteiz", "category": "3", "length_km": 7.1, "elevation_gain_m": 227, "avg_grade_pct": 3.2, "max_grade_pct": 8.0, "summit_elevation_m": 758, "summit_lat": 42.77886, "summit_lon": -2.676, "start_lat": 42.83466, "start_lon": -2.66959, "wikidata_id": "", "cycletrip_url": "https://cycletrip.pro/climbs/gasteizko-mendatea"}}, {"type": "Feature", "geometry": {"type": "Point", "coordinates": [22.59194, 49.12522]}, "properties": {"climb_slug": "przelecz-wyznianska", "climb_name": "Przełęcz Wyżniańska", "country": "PL", "region": "Bieszczady", "side": "from Ustrzyki Górne", "category": "3", "length_km": 5.6, "elevation_gain_m": 202, "avg_grade_pct": 3.6, "max_grade_pct": 8.7, "summit_elevation_m": 855, "summit_lat": 49.12522, "summit_lon": 22.59194, "start_lat": 49.10433, "start_lon": 22.64617, "wikidata_id": "", "cycletrip_url": "https://cycletrip.pro/climbs/przelecz-wyznianska"}}, {"type": "Feature", "geometry": {"type": "Point", "coordinates": [6.9164092, 48.1651819]}, "properties": {"climb_slug": "col-du-plafond", "climb_name": "Col du Plafond", "country": "FR", "region": "Vosges", "side": "from Anould", "category": "3", "length_km": 3.9, "elevation_gain_m": 167, "avg_grade_pct": 4.3, "max_grade_pct": 8.8, "summit_elevation_m": 620, "summit_lat": 48.16518, "summit_lon": 6.91641, "start_lat": 48.18738, "start_lon": 6.95083, "wikidata_id": "Q2982306", "cycletrip_url": "https://cycletrip.pro/climbs/col-du-plafond"}}, {"type": "Feature", "geometry": {"type": "Point", "coordinates": [15.82802, 50.96758]}, "properties": {"climb_slug": "chrosnickie-rozdroze", "climb_name": "Chrośnickie Rozdroże", "country": "PL", "region": "Sudety", "side": "from Stara Kraśnica", "category": "3", "length_km": 7.8, "elevation_gain_m": 235, "avg_grade_pct": 3.0, "max_grade_pct": 9.7, "summit_elevation_m": 538, "summit_lat": 50.96758, "summit_lon": 15.82802, "start_lat": 51.00055, "start_lon": 15.90878, "wikidata_id": "", "cycletrip_url": "https://cycletrip.pro/climbs/chrosnickie-rozdroze"}}, {"type": "Feature", "geometry": {"type": "Point", "coordinates": [2.91725, 41.91989]}, "properties": {"climb_slug": "santa-pellaia", "climb_name": "Santa Pellaia", "country": "ES", "region": "Girona", "side": "from Cassà de la Selva", "category": "4", "length_km": 7.7, "elevation_gain_m": 230, "avg_grade_pct": 3.0, "max_grade_pct": 9.7, "summit_elevation_m": 346, "summit_lat": 41.91989, "summit_lon": 2.91725, "start_lat": 41.8947, "start_lon": 2.86354, "wikidata_id": "", "cycletrip_url": "https://cycletrip.pro/climbs/santa-pellaia"}}, {"type": "Feature", "geometry": {"type": "Point", "coordinates": [2.91725, 41.91989]}, "properties": {"climb_slug": "santa-pellaia", "climb_name": "Santa Pellaia", "country": "ES", "region": "Girona", "side": "from Cruïlles, Monells i Sant Sadurní de l'Heura", "category": "4", "length_km": 15.9, "elevation_gain_m": 318, "avg_grade_pct": 2.0, "max_grade_pct": 8.4, "summit_elevation_m": 346, "summit_lat": 41.91989, "summit_lon": 2.91725, "start_lat": 41.96011, "start_lon": 3.02736, "wikidata_id": "", "cycletrip_url": "https://cycletrip.pro/climbs/santa-pellaia"}}, {"type": "Feature", "geometry": {"type": "Point", "coordinates": [5.34604, 44.1928]}, "properties": {"climb_slug": "col-des-aires", "climb_name": "Col des Aires", "country": "FR", "region": "Provence", "side": "from Eygaliers", "category": "4", "length_km": 11.0, "elevation_gain_m": 271, "avg_grade_pct": 2.5, "max_grade_pct": 11.3, "summit_elevation_m": 640, "summit_lat": 44.1928, "summit_lon": 5.34604, "start_lat": 44.24078, "start_lon": 5.27831, "wikidata_id": "", "cycletrip_url": "https://cycletrip.pro/climbs/col-des-aires"}}, {"type": "Feature", "geometry": {"type": "Point", "coordinates": [6.4930855, 43.9614329]}, "properties": {"climb_slug": "col-des-robines", "climb_name": "Col des Robines", "country": "FR", "region": "French Alps", "side": "from Barrême", "category": "4", "length_km": 9.3, "elevation_gain_m": 254, "avg_grade_pct": 2.7, "max_grade_pct": 6.4, "summit_elevation_m": 988, "summit_lat": 43.96143, "summit_lon": 6.49309, "start_lat": 43.95741, "start_lon": 6.3893, "wikidata_id": "Q2982236", "cycletrip_url": "https://cycletrip.pro/climbs/col-des-robines"}}, {"type": "Feature", "geometry": {"type": "Point", "coordinates": [11.7502486784885, 46.05478915188937]}, "properties": {"climb_slug": "lamon", "climb_name": "Lamon", "country": "IT", "region": "Dolomites", "side": "from Lamon", "category": "4", "length_km": 5.5, "elevation_gain_m": 192, "avg_grade_pct": 3.5, "max_grade_pct": 10.1, "summit_elevation_m": "", "summit_lat": 46.05479, "summit_lon": 11.75025, "start_lat": 46.0327, "start_lon": 11.76163, "wikidata_id": "", "cycletrip_url": "https://cycletrip.pro/climbs/lamon"}}, {"type": "Feature", "geometry": {"type": "Point", "coordinates": [2.8206702, 45.6211138]}, "properties": {"climb_slug": "col-de-gu-ry", "climb_name": "Col de Guéry", "country": "FR", "region": "Massif Central", "side": "from Aurières", "category": "4", "length_km": 16.3, "elevation_gain_m": 298, "avg_grade_pct": 1.8, "max_grade_pct": 6.1, "summit_elevation_m": 1268, "summit_lat": 45.62111, "summit_lon": 2.82067, "start_lat": 45.68529, "start_lon": 2.93952, "wikidata_id": "Q49130762", "cycletrip_url": "https://cycletrip.pro/climbs/col-de-gu-ry"}}, {"type": "Feature", "geometry": {"type": "Point", "coordinates": [2.8206702, 45.6211138]}, "properties": {"climb_slug": "col-de-gu-ry", "climb_name": "Col de Guéry", "country": "FR", "region": "Massif Central", "side": "from Mont-Dore", "category": "4", "length_km": 9.1, "elevation_gain_m": 243, "avg_grade_pct": 2.7, "max_grade_pct": 8.2, "summit_elevation_m": 1268, "summit_lat": 45.62111, "summit_lon": 2.82067, "start_lat": 45.57594, "start_lon": 2.80663, "wikidata_id": "Q49130762", "cycletrip_url": "https://cycletrip.pro/climbs/col-de-gu-ry"}}, {"type": "Feature", "geometry": {"type": "Point", "coordinates": [-2.1486633, 43.2364978]}, "properties": {"climb_slug": "aia", "climb_name": "Aia", "country": "ES", "region": "Basque Country", "side": "from Aia", "category": "4", "length_km": 7.8, "elevation_gain_m": 223, "avg_grade_pct": 2.9, "max_grade_pct": 9.8, "summit_elevation_m": "", "summit_lat": 43.2365, "summit_lon": -2.14866, "start_lat": 43.27332, "start_lon": -2.13814, "wikidata_id": "", "cycletrip_url": "https://cycletrip.pro/climbs/aia"}}, {"type": "Feature", "geometry": {"type": "Point", "coordinates": [20.3193936, 49.4510705]}, "properties": {"climb_slug": "przelecz-snozka", "climb_name": "Przełęcz Snozka", "country": "PL", "region": "Podhale", "side": "from Krościenko nad Dunajcem", "category": "4", "length_km": 8.3, "elevation_gain_m": 228, "avg_grade_pct": 2.8, "max_grade_pct": 6.2, "summit_elevation_m": "", "summit_lat": 49.45107, "summit_lon": 20.31939, "start_lat": 49.44052, "start_lon": 20.42482, "wikidata_id": "", "cycletrip_url": "https://cycletrip.pro/climbs/przelecz-snozka"}}, {"type": "Feature", "geometry": {"type": "Point", "coordinates": [-4.2521067, 37.026595]}, "properties": {"climb_slug": "puerto-de-los-alazores", "climb_name": "Puerto de los Alazores", "country": "ES", "region": "Andalusia", "side": "from Alfarnate", "category": "4", "length_km": 5.2, "elevation_gain_m": 182, "avg_grade_pct": 3.5, "max_grade_pct": 9.1, "summit_elevation_m": 1045, "summit_lat": 37.0266, "summit_lon": -4.25211, "start_lat": 36.9945, "start_lon": -4.27883, "wikidata_id": "Q6092495", "cycletrip_url": "https://cycletrip.pro/climbs/puerto-de-los-alazores"}}, {"type": "Feature", "geometry": {"type": "Point", "coordinates": [-2.78813, 42.94745]}, "properties": {"climb_slug": "puerto-de-ayurdin", "climb_name": "Puerto de Ayurdín", "country": "ES", "region": "Basque Country", "side": "from Zigoitia", "category": "4", "length_km": 3.6, "elevation_gain_m": 149, "avg_grade_pct": 4.2, "max_grade_pct": 11.0, "summit_elevation_m": 680, "summit_lat": 42.94745, "summit_lon": -2.78813, "start_lat": 42.93808, "start_lon": -2.74962, "wikidata_id": "", "cycletrip_url": "https://cycletrip.pro/climbs/puerto-de-ayurdin"}}, {"type": "Feature", "geometry": {"type": "Point", "coordinates": [7.2001495, 48.3636753]}, "properties": {"climb_slug": "col-de-steige", "climb_name": "Col de Steige", "country": "FR", "region": null, "side": "from Steige", "category": "4", "length_km": 6.2, "elevation_gain_m": 197, "avg_grade_pct": 3.2, "max_grade_pct": 9.0, "summit_elevation_m": 534, "summit_lat": 48.36368, "summit_lon": 7.20015, "start_lat": 48.35618, "start_lon": 7.24379, "wikidata_id": "Q22491", "cycletrip_url": "https://cycletrip.pro/climbs/col-de-steige"}}, {"type": "Feature", "geometry": {"type": "Point", "coordinates": [2.4182822, 41.8044622]}, "properties": {"climb_slug": "coll-de-sant-mar-al", "climb_name": "Coll de Sant Marçal", "country": "ES", "region": "Girona", "side": "from Viladrau", "category": "4", "length_km": 6.6, "elevation_gain_m": 207, "avg_grade_pct": 3.1, "max_grade_pct": 11.0, "summit_elevation_m": 1107, "summit_lat": 41.80446, "summit_lon": 2.41828, "start_lat": 41.84835, "start_lon": 2.40887, "wikidata_id": "Q121361991", "cycletrip_url": "https://cycletrip.pro/climbs/coll-de-sant-mar-al"}}, {"type": "Feature", "geometry": {"type": "Point", "coordinates": [6.0877069, 46.4545966]}, "properties": {"climb_slug": "col-de-la-givrine", "climb_name": "Col de la Givrine", "country": "FR", "region": null, "side": "from Les Rousses", "category": "4", "length_km": 4.8, "elevation_gain_m": 159, "avg_grade_pct": 3.3, "max_grade_pct": 8.2, "summit_elevation_m": 1226, "summit_lat": 46.4546, "summit_lon": 6.08771, "start_lat": 46.48653, "start_lon": 6.08993, "wikidata_id": "Q391854", "cycletrip_url": "https://cycletrip.pro/climbs/col-de-la-givrine"}}, {"type": "Feature", "geometry": {"type": "Point", "coordinates": [6.0877069, 46.4545966]}, "properties": {"climb_slug": "col-de-la-givrine", "climb_name": "Col de la Givrine", "country": "FR", "region": null, "side": "from Saint-Cergue", "category": "4", "length_km": 5.8, "elevation_gain_m": 188, "avg_grade_pct": 3.3, "max_grade_pct": 8.7, "summit_elevation_m": 1226, "summit_lat": 46.4546, "summit_lon": 6.08771, "start_lat": 46.44649, "start_lon": 6.15746, "wikidata_id": "Q391854", "cycletrip_url": "https://cycletrip.pro/climbs/col-de-la-givrine"}}, {"type": "Feature", "geometry": {"type": "Point", "coordinates": [15.86206, 50.81461]}, "properties": {"climb_slug": "przelecz-pod-srednica", "climb_name": "Przełęcz pod Średnicą", "country": "PL", "region": "Sudety", "side": "from Karpniki", "category": "4", "length_km": 7.4, "elevation_gain_m": 217, "avg_grade_pct": 2.9, "max_grade_pct": 7.0, "summit_elevation_m": 595, "summit_lat": 50.81461, "summit_lon": 15.86206, "start_lat": 50.85111, "start_lon": 15.8561, "wikidata_id": "", "cycletrip_url": "https://cycletrip.pro/climbs/przelecz-pod-srednica"}}, {"type": "Feature", "geometry": {"type": "Point", "coordinates": [15.86206, 50.81461]}, "properties": {"climb_slug": "przelecz-pod-srednica", "climb_name": "Przełęcz pod Średnicą", "country": "PL", "region": "Sudety", "side": "from Kowary", "category": "4", "length_km": 3.4, "elevation_gain_m": 140, "avg_grade_pct": 4.1, "max_grade_pct": 10.6, "summit_elevation_m": 595, "summit_lat": 50.81461, "summit_lon": 15.86206, "start_lat": 50.80257, "start_lon": 15.83697, "wikidata_id": "", "cycletrip_url": "https://cycletrip.pro/climbs/przelecz-pod-srednica"}}, {"type": "Feature", "geometry": {"type": "Point", "coordinates": [-3.829997, 42.9373521]}, "properties": {"climb_slug": "puerto-de-carrales", "climb_name": "Puerto de Carrales", "country": "FR", "region": null, "side": "from Cilleruelo de Bezana", "category": "4", "length_km": 4.2, "elevation_gain_m": 158, "avg_grade_pct": 3.8, "max_grade_pct": 9.2, "summit_elevation_m": 1020, "summit_lat": 42.93735, "summit_lon": -3.83, "start_lat": 42.96916, "start_lon": -3.84911, "wikidata_id": "Q16623214", "cycletrip_url": "https://cycletrip.pro/climbs/puerto-de-carrales"}}, {"type": "Feature", "geometry": {"type": "Point", "coordinates": [-3.829997, 42.9373521]}, "properties": {"climb_slug": "puerto-de-carrales", "climb_name": "Puerto de Carrales", "country": "FR", "region": null, "side": "from Quintanilla-Escalada", "category": "4", "length_km": 19.1, "elevation_gain_m": 351, "avg_grade_pct": 1.8, "max_grade_pct": 10.9, "summit_elevation_m": 1020, "summit_lat": 42.93735, "summit_lon": -3.83, "start_lat": 42.80063, "start_lon": -3.76967, "wikidata_id": "Q16623214", "cycletrip_url": "https://cycletrip.pro/climbs/puerto-de-carrales"}}, {"type": "Feature", "geometry": {"type": "Point", "coordinates": [7.402990307543377, 43.74989123017351]}, "properties": {"climb_slug": "la-turbie", "climb_name": "La Turbie", "country": "FR", "region": "French Alps", "side": "from Roquebrune-Cap-Martin", "category": "4", "length_km": 4.5, "elevation_gain_m": 165, "avg_grade_pct": 3.7, "max_grade_pct": 11.6, "summit_elevation_m": 473, "summit_lat": 43.74989, "summit_lon": 7.40299, "start_lat": 43.75748, "start_lon": 7.44415, "wikidata_id": "", "cycletrip_url": "https://cycletrip.pro/climbs/la-turbie"}}, {"type": "Feature", "geometry": {"type": "Point", "coordinates": [6.62987, 43.74983]}, "properties": {"climb_slug": "col-de-clavel", "climb_name": "Col de Clavel", "country": "FR", "region": "Provence", "side": "from Comps-sur-Artuby", "category": "4", "length_km": 10.5, "elevation_gain_m": 250, "avg_grade_pct": 2.4, "max_grade_pct": 8.4, "summit_elevation_m": 1063, "summit_lat": 43.74983, "summit_lon": 6.62987, "start_lat": 43.71566, "start_lon": 6.53025, "wikidata_id": "", "cycletrip_url": "https://cycletrip.pro/climbs/col-de-clavel"}}, {"type": "Feature", "geometry": {"type": "Point", "coordinates": [6.9056651, 48.1033764]}, "properties": {"climb_slug": "col-de-martimpr", "climb_name": "Col de Martimpré", "country": "FR", "region": "Vosges", "side": "from Gerbépal", "category": "4", "length_km": 5.8, "elevation_gain_m": 183, "avg_grade_pct": 3.2, "max_grade_pct": 7.3, "summit_elevation_m": 796, "summit_lat": 48.10338, "summit_lon": 6.90567, "start_lat": 48.15323, "start_lon": 6.92133, "wikidata_id": "Q2982078", "cycletrip_url": "https://cycletrip.pro/climbs/col-de-martimpr"}}, {"type": "Feature", "geometry": {"type": "Point", "coordinates": [1.4019661, 42.0084835]}, "properties": {"climb_slug": "collet-de-sant-pere-q18007209", "climb_name": "Collet de Sant Pere", "country": "ES", "region": "Southern Pyrenees", "side": "from Bassella", "category": "4", "length_km": 11.1, "elevation_gain_m": 260, "avg_grade_pct": 2.3, "max_grade_pct": 12.7, "summit_elevation_m": 741, "summit_lat": 42.00848, "summit_lon": 1.40197, "start_lat": 41.99919, "start_lon": 1.29605, "wikidata_id": "Q18007209", "cycletrip_url": "https://cycletrip.pro/climbs/collet-de-sant-pere-q18007209"}}, {"type": "Feature", "geometry": {"type": "Point", "coordinates": [2.0153632, 42.4456768]}, "properties": {"climb_slug": "coll-de-llu", "climb_name": "coll de Lluç", "country": "FR", "region": "Pyrenees", "side": "from Bourg-Madame", "category": "4", "length_km": 6.3, "elevation_gain_m": 186, "avg_grade_pct": 3.0, "max_grade_pct": 5.6, "summit_elevation_m": 1333, "summit_lat": 42.44568, "summit_lon": 2.01536, "start_lat": 42.43407, "start_lon": 1.9441, "wikidata_id": "Q11914502", "cycletrip_url": "https://cycletrip.pro/climbs/coll-de-llu"}}, {"type": "Feature", "geometry": {"type": "Point", "coordinates": [13.2565673, 42.5602093]}, "properties": {"climb_slug": "passo-di-montereale", "climb_name": "Passo di Montereale", "country": "IT", "region": "Central Apennines", "side": "from Montereale", "category": "4", "length_km": 5.2, "elevation_gain_m": 172, "avg_grade_pct": 3.3, "max_grade_pct": 6.9, "summit_elevation_m": 1040, "summit_lat": 42.56021, "summit_lon": 13.25657, "start_lat": 42.53478, "start_lon": 13.24992, "wikidata_id": "Q60327376", "cycletrip_url": "https://cycletrip.pro/climbs/passo-di-montereale"}}, {"type": "Feature", "geometry": {"type": "Point", "coordinates": [16.01717, 50.91267]}, "properties": {"climb_slug": "przelecz-rochowicka", "climb_name": "Przełęcz Rochowicka", "country": "PL", "region": "Sudety", "side": "from Stare Rochowice", "category": "4", "length_km": 4.6, "elevation_gain_m": 161, "avg_grade_pct": 3.5, "max_grade_pct": 8.4, "summit_elevation_m": 504, "summit_lat": 50.91267, "summit_lon": 16.01717, "start_lat": 50.92589, "start_lon": 16.07408, "wikidata_id": "", "cycletrip_url": "https://cycletrip.pro/climbs/przelecz-rochowicka"}}, {"type": "Feature", "geometry": {"type": "Point", "coordinates": [13.2256103, 42.6191711]}, "properties": {"climb_slug": "passo-della-torrita", "climb_name": "Passo della Torrita", "country": "IT", "region": "Central Apennines", "side": "from Saletta", "category": "4", "length_km": 9.0, "elevation_gain_m": 222, "avg_grade_pct": 2.5, "max_grade_pct": 12.2, "summit_elevation_m": 1010, "summit_lat": 42.61917, "summit_lon": 13.22561, "start_lat": 42.67862, "start_lon": 13.26878, "wikidata_id": "Q3897408", "cycletrip_url": "https://cycletrip.pro/climbs/passo-della-torrita"}}, {"type": "Feature", "geometry": {"type": "Point", "coordinates": [13.2256103, 42.6191711]}, "properties": {"climb_slug": "passo-della-torrita", "climb_name": "Passo della Torrita", "country": "IT", "region": "Central Apennines", "side": "from Sigillo", "category": "4", "length_km": 18.5, "elevation_gain_m": 304, "avg_grade_pct": 1.6, "max_grade_pct": 14.0, "summit_elevation_m": 1010, "summit_lat": 42.61917, "summit_lon": 13.22561, "start_lat": 42.50547, "start_lon": 13.08138, "wikidata_id": "Q3897408", "cycletrip_url": "https://cycletrip.pro/climbs/passo-della-torrita"}}, {"type": "Feature", "geometry": {"type": "Point", "coordinates": [16.78005, 50.39738]}, "properties": {"climb_slug": "przelecz-droszkowska", "climb_name": "Przełęcz Droszkowska", "country": "PL", "region": "Kotlina Kłodzka", "side": "from Jaszkowa Górna", "category": "4", "length_km": 4.1, "elevation_gain_m": 153, "avg_grade_pct": 3.7, "max_grade_pct": 7.1, "summit_elevation_m": 510, "summit_lat": 50.39738, "summit_lon": 16.78005, "start_lat": 50.40777, "start_lon": 16.73306, "wikidata_id": "", "cycletrip_url": "https://cycletrip.pro/climbs/przelecz-droszkowska"}}, {"type": "Feature", "geometry": {"type": "Point", "coordinates": [14.32096, 37.4697]}, "properties": {"climb_slug": "portella-farina", "climb_name": "Portella Farina", "country": "IT", "region": "Sicily", "side": "from Enna", "category": "4", "length_km": 8.3, "elevation_gain_m": 219, "avg_grade_pct": 2.6, "max_grade_pct": 9.3, "summit_elevation_m": 746, "summit_lat": 37.4697, "summit_lon": 14.32096, "start_lat": 37.44609, "start_lon": 14.24562, "wikidata_id": "", "cycletrip_url": "https://cycletrip.pro/climbs/portella-farina"}}, {"type": "Feature", "geometry": {"type": "Point", "coordinates": [16.70443, 50.47776]}, "properties": {"climb_slug": "przelecz-bardzka", "climb_name": "Przełęcz Bardzka", "country": "PL", "region": "Kotlina Kłodzka", "side": "from Bardo", "category": "4", "length_km": 5.3, "elevation_gain_m": 163, "avg_grade_pct": 3.1, "max_grade_pct": 8.8, "summit_elevation_m": 442, "summit_lat": 50.47776, "summit_lon": 16.70443, "start_lat": 50.50782, "start_lon": 16.75381, "wikidata_id": "", "cycletrip_url": "https://cycletrip.pro/climbs/przelecz-bardzka"}}, {"type": "Feature", "geometry": {"type": "Point", "coordinates": [16.70443, 50.47776]}, "properties": {"climb_slug": "przelecz-bardzka", "climb_name": "Przełęcz Bardzka", "country": "PL", "region": "Kotlina Kłodzka", "side": "from Kłodzko", "category": "4", "length_km": 4.4, "elevation_gain_m": 154, "avg_grade_pct": 3.5, "max_grade_pct": 6.2, "summit_elevation_m": 442, "summit_lat": 50.47776, "summit_lon": 16.70443, "start_lat": 50.45748, "start_lon": 16.65684, "wikidata_id": "", "cycletrip_url": "https://cycletrip.pro/climbs/przelecz-bardzka"}}, {"type": "Feature", "geometry": {"type": "Point", "coordinates": [-2.31015, 43.08633]}, "properties": {"climb_slug": "alto-de-eizaga", "climb_name": "Alto de Eizaga", "country": "ES", "region": "Basque Country", "side": "from Anduaga", "category": "4", "length_km": 3.7, "elevation_gain_m": 142, "avg_grade_pct": 3.8, "max_grade_pct": 10.0, "summit_elevation_m": 375, "summit_lat": 43.08633, "summit_lon": -2.31015, "start_lat": 43.06587, "start_lon": -2.27773, "wikidata_id": "", "cycletrip_url": "https://cycletrip.pro/climbs/alto-de-eizaga"}}, {"type": "Feature", "geometry": {"type": "Point", "coordinates": [22.33016, 49.14429]}, "properties": {"climb_slug": "przelecz-nad-roztokami-gornymi", "climb_name": "Przełęcz nad Roztokami Górnymi", "country": "PL", "region": "Bieszczady", "side": "from Liszna", "category": "4", "length_km": 7.9, "elevation_gain_m": 203, "avg_grade_pct": 2.6, "max_grade_pct": 8.6, "summit_elevation_m": 801, "summit_lat": 49.14429, "summit_lon": 22.33016, "start_lat": 49.20519, "start_lon": 22.30611, "wikidata_id": "", "cycletrip_url": "https://cycletrip.pro/climbs/przelecz-nad-roztokami-gornymi"}}, {"type": "Feature", "geometry": {"type": "Point", "coordinates": [15.92742, 50.91034]}, "properties": {"climb_slug": "przelecz-radomierska", "climb_name": "Przełęcz Radomierska", "country": "PL", "region": "Sudety", "side": "from Radomierz", "category": "4", "length_km": 3.9, "elevation_gain_m": 142, "avg_grade_pct": 3.7, "max_grade_pct": 7.0, "summit_elevation_m": 523, "summit_lat": 50.91034, "summit_lon": 15.92742, "start_lat": 50.90057, "start_lon": 15.87772, "wikidata_id": "", "cycletrip_url": "https://cycletrip.pro/climbs/przelecz-radomierska"}}, {"type": "Feature", "geometry": {"type": "Point", "coordinates": [0.8493002, 42.1576915]}, "properties": {"climb_slug": "collada-de-les-cargolines", "climb_name": "Collada de les Cargolines", "country": "ES", "region": "Southern Pyrenees", "side": "from Talarn", "category": "4", "length_km": 4.9, "elevation_gain_m": 162, "avg_grade_pct": 3.3, "max_grade_pct": 8.7, "summit_elevation_m": 622, "summit_lat": 42.15769, "summit_lon": 0.8493, "start_lat": 42.15692, "start_lon": 0.89769, "wikidata_id": "Q17598373", "cycletrip_url": "https://cycletrip.pro/climbs/collada-de-les-cargolines"}}, {"type": "Feature", "geometry": {"type": "Point", "coordinates": [-2.6253022847325633, 43.243312473567336]}, "properties": {"climb_slug": "balcon-de-bizkaia", "climb_name": "Balcón de Bizkaia", "country": "ES", "region": "Basque Country", "side": "from Iurreta", "category": "4", "length_km": 11.6, "elevation_gain_m": 234, "avg_grade_pct": 2.0, "max_grade_pct": 9.1, "summit_elevation_m": 364, "summit_lat": 43.24331, "summit_lon": -2.6253, "start_lat": 43.19298, "start_lon": -2.67189, "wikidata_id": "", "cycletrip_url": "https://cycletrip.pro/climbs/balcon-de-bizkaia"}}, {"type": "Feature", "geometry": {"type": "Point", "coordinates": [-2.6253022847325633, 43.243312473567336]}, "properties": {"climb_slug": "balcon-de-bizkaia", "climb_name": "Balcón de Bizkaia", "country": "ES", "region": "Basque Country", "side": "from Munitibar", "category": "4", "length_km": 5.6, "elevation_gain_m": 168, "avg_grade_pct": 3.0, "max_grade_pct": 9.5, "summit_elevation_m": 364, "summit_lat": 43.24331, "summit_lon": -2.6253, "start_lat": 43.26473, "start_lon": -2.59276, "wikidata_id": "", "cycletrip_url": "https://cycletrip.pro/climbs/balcon-de-bizkaia"}}, {"type": "Feature", "geometry": {"type": "Point", "coordinates": [-0.26843, 38.68332]}, "properties": {"climb_slug": "puerto-de-confrides", "climb_name": "Puerto de Confrides", "country": "ES", "region": "Costa Blanca", "side": "from Benimantell", "category": "4", "length_km": 7.4, "elevation_gain_m": 189, "avg_grade_pct": 2.6, "max_grade_pct": 8.9, "summit_elevation_m": 788, "summit_lat": 38.68332, "summit_lon": -0.26843, "start_lat": 38.67497, "start_lon": -0.21537, "wikidata_id": "", "cycletrip_url": "https://cycletrip.pro/climbs/puerto-de-confrides"}}, {"type": "Feature", "geometry": {"type": "Point", "coordinates": [16.384376, 50.3385958]}, "properties": {"climb_slug": "zieleniec", "climb_name": "Zieleniec", "country": "PL", "region": "Kotlina Kłodzka", "side": "from Lasówka", "category": "4", "length_km": 5.7, "elevation_gain_m": 153, "avg_grade_pct": 2.7, "max_grade_pct": 9.4, "summit_elevation_m": "", "summit_lat": 50.3386, "summit_lon": 16.38438, "start_lat": 50.31828, "start_lon": 16.44086, "wikidata_id": "", "cycletrip_url": "https://cycletrip.pro/climbs/zieleniec"}}, {"type": "Feature", "geometry": {"type": "Point", "coordinates": [16.384376, 50.3385958]}, "properties": {"climb_slug": "zieleniec", "climb_name": "Zieleniec", "country": "PL", "region": "Kotlina Kłodzka", "side": "from Zielone Ludowe", "category": "4", "length_km": 8.6, "elevation_gain_m": 204, "avg_grade_pct": 2.4, "max_grade_pct": 9.7, "summit_elevation_m": "", "summit_lat": 50.3386, "summit_lon": 16.38438, "start_lat": 50.39725, "start_lon": 16.35182, "wikidata_id": "", "cycletrip_url": "https://cycletrip.pro/climbs/zieleniec"}}, {"type": "Feature", "geometry": {"type": "Point", "coordinates": [15.76239, 51.00426]}, "properties": {"climb_slug": "przelecz-rzasnicka", "climb_name": "Przełęcz Rząśnicka", "country": "PL", "region": "Sudety", "side": "from Czernica", "category": "4", "length_km": 5.3, "elevation_gain_m": 157, "avg_grade_pct": 3.0, "max_grade_pct": 8.0, "summit_elevation_m": 465, "summit_lat": 51.00426, "summit_lon": 15.76239, "start_lat": 50.97912, "start_lon": 15.72229, "wikidata_id": "", "cycletrip_url": "https://cycletrip.pro/climbs/przelecz-rzasnicka"}}, {"type": "Feature", "geometry": {"type": "Point", "coordinates": [16.05901, 50.86566]}, "properties": {"climb_slug": "przelecz-domanowska", "climb_name": "Przełęcz Domanowska", "country": "PL", "region": "Sudety", "side": "from Wierzchosławice", "category": "4", "length_km": 5.1, "elevation_gain_m": 152, "avg_grade_pct": 3.0, "max_grade_pct": 6.2, "summit_elevation_m": 492, "summit_lat": 50.86566, "summit_lon": 16.05901, "start_lat": 50.9046, "start_lon": 16.08983, "wikidata_id": "", "cycletrip_url": "https://cycletrip.pro/climbs/przelecz-domanowska"}}, {"type": "Feature", "geometry": {"type": "Point", "coordinates": [16.76483, 50.43137]}, "properties": {"climb_slug": "przelecz-klodzka", "climb_name": "Przełęcz Kłodzka", "country": "PL", "region": "Kotlina Kłodzka", "side": "from Jaszkowa Dolna", "category": "4", "length_km": 8.5, "elevation_gain_m": 194, "avg_grade_pct": 2.3, "max_grade_pct": 6.1, "summit_elevation_m": 483, "summit_lat": 50.43137, "summit_lon": 16.76483, "start_lat": 50.42101, "start_lon": 16.66173, "wikidata_id": "", "cycletrip_url": "https://cycletrip.pro/climbs/przelecz-klodzka"}}, {"type": "Feature", "geometry": {"type": "Point", "coordinates": [5.6940021, 46.7661276]}, "properties": {"climb_slug": "belvedere-du-cirque-de-ladoye", "climb_name": "Belvedère du cirque de Ladoye", "country": "FR", "region": "Jura", "side": "from Poligny", "category": "4", "length_km": 8.3, "elevation_gain_m": 189, "avg_grade_pct": 2.3, "max_grade_pct": 10.9, "summit_elevation_m": "", "summit_lat": 46.76613, "summit_lon": 5.694, "start_lat": 46.83178, "start_lon": 5.70801, "wikidata_id": "", "cycletrip_url": "https://cycletrip.pro/climbs/belvedere-du-cirque-de-ladoye"}}, {"type": "Feature", "geometry": {"type": "Point", "coordinates": [5.2982499, 44.0554091]}, "properties": {"climb_slug": "gorges-de-la-nesque", "climb_name": "Gorges de la Nesque", "country": "FR", "region": "Provence", "side": "from Villes-sur-Auzon", "category": "4", "length_km": 10.9, "elevation_gain_m": 217, "avg_grade_pct": 2.0, "max_grade_pct": 8.6, "summit_elevation_m": "", "summit_lat": 44.05541, "summit_lon": 5.29825, "start_lat": 44.05792, "start_lon": 5.23504, "wikidata_id": "", "cycletrip_url": "https://cycletrip.pro/climbs/gorges-de-la-nesque"}}, {"type": "Feature", "geometry": {"type": "Point", "coordinates": [14.34958, 37.46898]}, "properties": {"climb_slug": "portella-grottacalda", "climb_name": "Portella Grottacalda", "country": "IT", "region": "Sicily", "side": "from Enna", "category": "4", "length_km": 16.8, "elevation_gain_m": 272, "avg_grade_pct": 1.6, "max_grade_pct": 9.1, "summit_elevation_m": 744, "summit_lat": 37.46898, "summit_lon": 14.34958, "start_lat": 37.50579, "start_lon": 14.22829, "wikidata_id": "", "cycletrip_url": "https://cycletrip.pro/climbs/portella-grottacalda"}}, {"type": "Feature", "geometry": {"type": "Point", "coordinates": [8.481898984871755, 45.00000942117954]}, "properties": {"climb_slug": "lu", "climb_name": "Lu", "country": "IT", "region": "Piedmont", "side": "from Mirabello Monferrato", "category": "4", "length_km": 5.5, "elevation_gain_m": 142, "avg_grade_pct": 2.6, "max_grade_pct": 7.4, "summit_elevation_m": 267, "summit_lat": 45.00001, "summit_lon": 8.4819, "start_lat": 45.03195, "start_lon": 8.5212, "wikidata_id": "", "cycletrip_url": "https://cycletrip.pro/climbs/lu"}}, {"type": "Feature", "geometry": {"type": "Point", "coordinates": [16.10382, 50.66345]}, "properties": {"climb_slug": "straznicze-naroze", "climb_name": "Strażnicze Naroże", "country": "PL", "region": "Sudety", "side": "from Mieroszów", "category": "4", "length_km": 7.6, "elevation_gain_m": 169, "avg_grade_pct": 2.2, "max_grade_pct": 11.2, "summit_elevation_m": 649, "summit_lat": 50.66345, "summit_lon": 16.10382, "start_lat": 50.66011, "start_lon": 16.18802, "wikidata_id": "", "cycletrip_url": "https://cycletrip.pro/climbs/straznicze-naroze"}}, {"type": "Feature", "geometry": {"type": "Point", "coordinates": [5.12943, 44.14119]}, "properties": {"climb_slug": "col-de-la-madeleine-2", "climb_name": "Col de la Madeleine", "country": "FR", "region": "Provence", "side": "from Bédoin", "category": "4", "length_km": 8.2, "elevation_gain_m": 174, "avg_grade_pct": 2.1, "max_grade_pct": 8.3, "summit_elevation_m": 448, "summit_lat": 44.14119, "summit_lon": 5.12943, "start_lat": 44.1115, "start_lon": 5.17705, "wikidata_id": "", "cycletrip_url": "https://cycletrip.pro/climbs/col-de-la-madeleine-2"}}, {"type": "Feature", "geometry": {"type": "Point", "coordinates": [13.5300161, 46.5065323]}, "properties": {"climb_slug": "sella-di-camporosso", "climb_name": "Sella di Camporosso", "country": "IT", "region": "Friuli", "side": "from Villach", "category": "4", "length_km": 29.2, "elevation_gain_m": 309, "avg_grade_pct": 1.1, "max_grade_pct": 15.2, "summit_elevation_m": 816, "summit_lat": 46.50653, "summit_lon": 13.53002, "start_lat": 46.59014, "start_lon": 13.83374, "wikidata_id": "Q3954902", "cycletrip_url": "https://cycletrip.pro/climbs/sella-di-camporosso"}}, {"type": "Feature", "geometry": {"type": "Point", "coordinates": [12.2317282, 46.7249379]}, "properties": {"climb_slug": "toblacher-feld-sella-di-dobbiaco", "climb_name": "Toblacher Feld - Sella di Dobbiaco", "country": "IT", "region": "Dolomites", "side": "from Anras", "category": "4", "length_km": 28.2, "elevation_gain_m": 277, "avg_grade_pct": 1.0, "max_grade_pct": 7.4, "summit_elevation_m": 1219, "summit_lat": 46.72494, "summit_lon": 12.23173, "start_lat": 46.76024, "start_lon": 12.55541, "wikidata_id": "Q1730577", "cycletrip_url": "https://cycletrip.pro/climbs/toblacher-feld-sella-di-dobbiaco"}}, {"type": "Feature", "geometry": {"type": "Point", "coordinates": [18.29455, 50.06339]}, "properties": {"climb_slug": "pogrzebien", "climb_name": "Pogrzebień", "country": "PL", "region": "Śląsk", "side": "from Lubomia", "category": "4", "length_km": 2.9, "elevation_gain_m": 83, "avg_grade_pct": 2.9, "max_grade_pct": 7.2, "summit_elevation_m": 294, "summit_lat": 50.06339, "summit_lon": 18.29455, "start_lat": 50.04011, "start_lon": 18.30763, "wikidata_id": "", "cycletrip_url": "https://cycletrip.pro/climbs/pogrzebien"}}, {"type": "Feature", "geometry": {"type": "Point", "coordinates": [18.29455, 50.06339]}, "properties": {"climb_slug": "pogrzebien", "climb_name": "Pogrzebień", "country": "PL", "region": "Śląsk", "side": "from Racibórz", "category": "4", "length_km": 3.4, "elevation_gain_m": 86, "avg_grade_pct": 2.6, "max_grade_pct": 4.2, "summit_elevation_m": 294, "summit_lat": 50.06339, "summit_lon": 18.29455, "start_lat": 50.07272, "start_lon": 18.26208, "wikidata_id": "", "cycletrip_url": "https://cycletrip.pro/climbs/pogrzebien"}}, {"type": "Feature", "geometry": {"type": "Point", "coordinates": [5.3446903, 43.813633]}, "properties": {"climb_slug": "combe-de-lourmarin", "climb_name": "Combe de Lourmarin", "country": "FR", "region": "Provence", "side": "from Cadenet", "category": "4", "length_km": 11.2, "elevation_gain_m": 143, "avg_grade_pct": 1.3, "max_grade_pct": 5.7, "summit_elevation_m": "", "summit_lat": 43.81363, "summit_lon": 5.34469, "start_lat": 43.73419, "start_lon": 5.37453, "wikidata_id": "", "cycletrip_url": "https://cycletrip.pro/climbs/combe-de-lourmarin"}}]}