climb_slug,climb_name,country,region,side,category,length_km,elevation_gain_m,avg_grade_pct,max_grade_pct,summit_elevation_m,summit_lat,summit_lon,start_lat,start_lon,wikidata_id,cycletrip_url
el-teide,El Teide,ES,Canary Islands,from Los Cristianos,HC,41.8,2301,5.5,17.1,2311,28.25366,-16.62503,28.05121,-16.71618,,https://cycletrip.pro/climbs/el-teide
el-teide,El Teide,ES,Canary Islands,from Puerto de la Cruz,HC,38.3,2309,6.0,,2311,28.25366,-16.62503,28.41459,-16.54847,,https://cycletrip.pro/climbs/el-teide
monte-zoncolan-il-oncol-n,Monte Zoncolan / Il  Çoncolàn,IT,Friuli,from Ovaro / Davâr,HC,7.9,1039,13.2,20.9,1749,46.50247,12.92634,46.49004,12.87748,Q1468844,https://cycletrip.pro/climbs/monte-zoncolan-il-oncol-n
passo-dello-stelvio-stilfser-joch,Passo dello Stelvio - Stilfser Joch,IT,Dolomites,from Bormio,HC,21.9,1574,7.2,15.6,2758,46.52862,10.45321,46.46374,10.36546,Q1334855,https://cycletrip.pro/climbs/passo-dello-stelvio-stilfser-joch
passo-dello-stelvio-stilfser-joch,Passo dello Stelvio - Stilfser Joch,IT,Dolomites,from Prad am Stilfser Joch - Prato allo Stelvio,HC,25.3,1853,7.3,17.1,2758,46.52862,10.45321,46.61916,10.59667,Q1334855,https://cycletrip.pro/climbs/passo-dello-stelvio-stilfser-joch
colle-delle-finestre,Colle delle Finestre,IT,Piedmont,from Fenestrelle,1,15.7,1073,6.8,16.4,2176,45.07203,7.05334,45.02679,7.06848,Q1108944,https://cycletrip.pro/climbs/colle-delle-finestre
colle-delle-finestre,Colle delle Finestre,IT,Piedmont,from Meana di Susa,HC,15.8,1446,9.2,19.8,2176,45.07203,7.05334,45.11895,7.06498,Q1108944,https://cycletrip.pro/climbs/colle-delle-finestre
col-de-la-madeleine,Col de la Madeleine,FR,French Alps,from La Léchère,HC,25.6,1561,6.1,14.9,1993,45.43495,6.37552,45.53904,6.46948,Q1107475,https://cycletrip.pro/climbs/col-de-la-madeleine
col-de-la-madeleine,Col de la Madeleine,FR,French Alps,from Saint-Avre,HC,20.1,1539,7.7,13.7,1993,45.43495,6.37552,45.35352,6.30293,Q1107475,https://cycletrip.pro/climbs/col-de-la-madeleine
col-de-sommeiller-colle-del-sommeiller,Col de Sommeiller / Colle del Sommeiller,IT,Piedmont,from Bardonecchia,HC,24.9,1722,6.9,14.0,3009,45.13321,6.84585,45.08055,6.71036,Q525846,https://cycletrip.pro/climbs/col-de-sommeiller-colle-del-sommeiller
mont-ventoux,Mont Ventoux,FR,Provence,from Bédoin,HC,21.0,1569,7.5,16.3,1897,44.17298,5.27827,44.12519,5.18111,,https://cycletrip.pro/climbs/mont-ventoux
mont-ventoux,Mont Ventoux,FR,Provence,from Malaucène,HC,21.1,1540,7.3,13.6,1897,44.17298,5.27827,44.17311,5.13559,,https://cycletrip.pro/climbs/mont-ventoux
colle-valcavera,Colle Valcavera,IT,Piedmont,from Demonte,HC,22.7,1626,7.2,14.0,2416,44.38164,7.10124,44.31499,7.29491,Q3682752,https://cycletrip.pro/climbs/colle-valcavera
colle-fauniera,Colle Fauniera,IT,Piedmont,from Castelmagno,1,8.5,728,8.6,16.7,2481,44.38565,7.12181,44.39975,7.17089,Q1108936,https://cycletrip.pro/climbs/colle-fauniera
colle-fauniera,Colle Fauniera,IT,Piedmont,from Demonte,HC,24.5,1685,6.9,13.9,2481,44.38565,7.12181,44.31521,7.29537,Q1108936,https://cycletrip.pro/climbs/colle-fauniera
passo-dell-alpe-di-neggia,Passo dell'Alpe di Neggia,IT,,from Indemini,1,5.3,429,8.1,15.5,1395,46.11067,8.84545,46.0958,8.81879,Q666442,https://cycletrip.pro/climbs/passo-dell-alpe-di-neggia
passo-dell-alpe-di-neggia,Passo dell'Alpe di Neggia,IT,,from Vira (Gambarogno),HC,12.6,1193,9.5,22.3,1395,46.11067,8.84545,46.14407,8.84319,Q666442,https://cycletrip.pro/climbs/passo-dell-alpe-di-neggia
passo-san-marco,Passo San Marco,IT,Lombardy,from Morbegno,HC,26.0,1722,6.6,17.6,1991,46.04719,9.62278,46.13149,9.57513,Q176606,https://cycletrip.pro/climbs/passo-san-marco
passo-san-marco,Passo San Marco,IT,Lombardy,from Olmo al Brembo,HC,20.1,1428,7.1,16.7,1991,46.04719,9.62278,45.96502,9.6521,Q176606,https://cycletrip.pro/climbs/passo-san-marco
passo-di-crocedomini,Passo di Crocedomini,IT,Lombardy,from Anfo,1,31.1,1426,4.6,14.8,1892,45.90753,10.40951,45.79965,10.50362,Q353065,https://cycletrip.pro/climbs/passo-di-crocedomini
passo-di-crocedomini,Passo di Crocedomini,IT,Lombardy,from Prestine,HC,18.1,1435,7.9,17.5,1892,45.90753,10.40951,45.93567,10.29493,Q353065,https://cycletrip.pro/climbs/passo-di-crocedomini
angliru,Angliru,ES,Asturias,from Purció,HC,9.3,1021,11.0,24.2,1570,43.22569,-5.93803,43.24368,-5.90339,Q443610,https://cycletrip.pro/climbs/angliru
passo-manghen,Passo Manghen,IT,Dolomites,from Molina di Fiemme,HC,16.1,1224,7.6,14.1,2047,46.17325,11.44147,46.27176,11.42307,Q623236,https://cycletrip.pro/climbs/passo-manghen
passo-manghen,Passo Manghen,IT,Dolomites,from Telve,HC,21.0,1527,7.3,14.3,2047,46.17325,11.44147,46.06773,11.48175,Q623236,https://cycletrip.pro/climbs/passo-manghen
cime-de-la-bonette,Cime de la Bonette,FR,French Alps,from Jausiers,HC,23.1,1593,6.9,17.2,2860,44.32162,6.80689,44.42013,6.73848,Q2972421,https://cycletrip.pro/climbs/cime-de-la-bonette
cime-de-la-bonette,Cime de la Bonette,FR,French Alps,from Saint-Étienne-de-Tinée,HC,31.9,1769,5.5,19.3,2860,44.32162,6.80689,44.22175,6.96538,Q2972421,https://cycletrip.pro/climbs/cime-de-la-bonette
colle-di-sampeyre,Colle di Sampeyre,IT,Piedmont,from Elva,2,3.9,326,8.4,12.6,2284,44.55095,7.11958,44.52719,7.10425,Q1108948,https://cycletrip.pro/climbs/colle-di-sampeyre
colle-di-sampeyre,Colle di Sampeyre,IT,Piedmont,from Sampeyre,HC,15.5,1307,8.4,14.5,2284,44.55095,7.11958,44.57791,7.18486,Q1108948,https://cycletrip.pro/climbs/colle-di-sampeyre
passo-del-bernina,Passo del Bernina,IT,,from Pontresina,2,15.1,552,3.7,9.3,2330,46.41092,10.02762,46.49146,9.89871,Q204774,https://cycletrip.pro/climbs/passo-del-bernina
passo-del-bernina,Passo del Bernina,IT,,from Tirano,HC,33.3,1885,5.7,15.5,2330,46.41092,10.02762,46.21795,10.15598,Q204774,https://cycletrip.pro/climbs/passo-del-bernina
col-de-la-lombarde-colle-della-lombarda,Col de la Lombarde / Colle della Lombarda,FR,French Alps,from Isola,HC,20.6,1484,7.2,14.3,2351,44.20267,7.1501,44.18509,7.05467,Q779782,https://cycletrip.pro/climbs/col-de-la-lombarde-colle-della-lombarda
col-de-la-lombarde-colle-della-lombarda,Col de la Lombarde / Colle della Lombarda,FR,French Alps,from Vinadio,HC,20.9,1454,7.0,13.4,2351,44.20267,7.1501,44.30315,7.15991,Q779782,https://cycletrip.pro/climbs/col-de-la-lombarde-colle-della-lombarda
monte-bondone,Monte Bondone,IT,Lake Garda,from Padergnone,1,27.9,1305,4.7,11.8,,46.03965,11.0643,46.06052,10.99262,,https://cycletrip.pro/climbs/monte-bondone
monte-bondone,Monte Bondone,IT,Lake Garda,from Vela,HC,17.2,1339,7.8,12.5,,46.03965,11.0643,46.07988,11.09868,,https://cycletrip.pro/climbs/monte-bondone
col-du-tourmalet,Col du Tourmalet,FR,Pyrenees,from Campan,HC,17.1,1267,7.4,15.2,2115,42.90839,0.1453,42.98347,0.228,Q942322,https://cycletrip.pro/climbs/col-du-tourmalet
col-du-tourmalet,Col du Tourmalet,FR,Pyrenees,from Luz-Saint-Sauveur,HC,18.9,1406,7.4,14.9,2115,42.90839,0.1453,42.87347,-0.00326,Q942322,https://cycletrip.pro/climbs/col-du-tourmalet
col-du-glandon,Col du Glandon,FR,French Alps,from Saint-Étienne-de-Cuines,HC,21.0,1472,7.0,13.3,1924,45.23961,6.17554,45.35005,6.29992,Q1107488,https://cycletrip.pro/climbs/col-du-glandon
penser-joch-passo-di-pennes,Penser Joch - Passo di Pennes,IT,Dolomites,from Elzenbaum - Pruno,HC,15.1,1236,8.2,18.9,2211,46.81878,11.44125,46.88112,11.43206,Q1414399,https://cycletrip.pro/climbs/penser-joch-passo-di-pennes
penser-joch-passo-di-pennes,Penser Joch - Passo di Pennes,IT,Dolomites,from Sarntal - Sarentino,1,35.3,1440,4.1,14.6,2211,46.81878,11.44125,46.59683,11.38105,Q1414399,https://cycletrip.pro/climbs/penser-joch-passo-di-pennes
jaufenpass-passo-di-monte-giovo,Jaufenpass - Passo di Monte Giovo,IT,Dolomites,from St. Leonhard in Passeier - San Leonardo in Passiria,HC,19.5,1399,7.2,16.3,2094,46.8396,11.32147,46.81293,11.24587,Q533765,https://cycletrip.pro/climbs/jaufenpass-passo-di-monte-giovo
jaufenpass-passo-di-monte-giovo,Jaufenpass - Passo di Monte Giovo,IT,Dolomites,from Thuins - Tunes,1,16.5,1149,7.0,13.7,2094,46.8396,11.32147,46.88698,11.4219,Q533765,https://cycletrip.pro/climbs/jaufenpass-passo-di-monte-giovo
col-agnel-colle-dell-agnello,Col Agnel / Colle dell'Agnello,IT,Piedmont,from Casteldelfino,HC,20.4,1433,7.0,19.3,2744,44.68389,6.97959,44.59099,7.06817,Q511182,https://cycletrip.pro/climbs/col-agnel-colle-dell-agnello
col-agnel-colle-dell-agnello,Col Agnel / Colle dell'Agnello,IT,Piedmont,from Guillestre,1,35.0,1634,4.7,11.4,2744,44.68389,6.97959,44.69128,6.70212,Q511182,https://cycletrip.pro/climbs/col-agnel-colle-dell-agnello
faux-col-de-restefond,Faux col de Restefond,FR,French Alps,from Jausiers,HC,20.4,1426,7.0,12.1,2656,44.33682,6.80129,44.42023,6.73767,Q3067603,https://cycletrip.pro/climbs/faux-col-de-restefond
faux-col-de-restefond,Faux col de Restefond,FR,French Alps,from Saint-Étienne-de-Tinée,1,34.4,1637,4.8,13.1,2656,44.33682,6.80129,44.20945,6.9768,Q3067603,https://cycletrip.pro/climbs/faux-col-de-restefond
rifugio-sapienza,Rifugio Sapienza,IT,Sicily,from Ragala,1,18.8,1176,6.3,13.3,1910,37.70001,14.99882,37.61729,15.02426,,https://cycletrip.pro/climbs/rifugio-sapienza
rifugio-sapienza,Rifugio Sapienza,IT,Sicily,from Zafferana Etnea,HC,18.3,1334,7.3,13.7,1910,37.70001,14.99882,37.68993,15.10549,,https://cycletrip.pro/climbs/rifugio-sapienza
colle-san-carlo,Colle San Carlo,IT,Aosta Valley,from Cretaz Desot,HC,11.2,1046,9.3,15.9,1951,45.74282,6.98861,45.75342,7.04386,Q2691729,https://cycletrip.pro/climbs/colle-san-carlo
colle-san-carlo,Colle San Carlo,IT,Aosta Valley,from La Thuile,1,7.3,517,7.1,11.7,1951,45.74282,6.98861,45.71741,6.94813,Q2691729,https://cycletrip.pro/climbs/colle-san-carlo
passo-del-mortirolo,Passo del Mortirolo,IT,Lombardy,from Monno,1,12.6,957,7.6,14.7,1852,46.24786,10.29831,46.21481,10.35166,Q1633178,https://cycletrip.pro/climbs/passo-del-mortirolo
passo-del-mortirolo,Passo del Mortirolo,IT,Lombardy,from Tiolo,HC,13.8,1140,8.3,15.0,1852,46.24786,10.29831,46.30597,10.29462,Q1633178,https://cycletrip.pro/climbs/passo-del-mortirolo
pass-umbrail-giogo-di-santa-maria,Pass Umbrail - Giogo di Santa Maria,IT,Lombardy,from Sta. Maria Val Müstair,HC,13.3,1118,8.4,12.5,2501,46.54165,10.43318,46.6022,10.42503,Q665026,https://cycletrip.pro/climbs/pass-umbrail-giogo-di-santa-maria
col-de-granon,Col de Granon,FR,French Alps,from Saint-Chaffrey,HC,11.8,1050,8.9,13.1,2413,44.96278,6.61091,44.93071,6.59326,Q1107359,https://cycletrip.pro/climbs/col-de-granon
puerto-de-la-ragua,Puerto de la Ragua,ES,Andalusia,from Cherín,HC,24.9,1512,6.1,13.3,,37.11336,-3.02986,36.96604,-3.012,,https://cycletrip.pro/climbs/puerto-de-la-ragua
puerto-de-la-ragua,Puerto de la Ragua,ES,Andalusia,from Ferreira,1,15.7,910,5.8,13.4,,37.11336,-3.02986,37.20191,-3.04889,,https://cycletrip.pro/climbs/puerto-de-la-ragua
col-du-grand-saint-bernard,Col du Grand Saint-Bernard,IT,Aosta Valley,from Bourg-Saint-Pierre,1,6.7,564,8.4,14.6,2469,45.86905,7.17041,45.90311,7.19854,Q623424,https://cycletrip.pro/climbs/col-du-grand-saint-bernard
col-du-grand-saint-bernard,Col du Grand Saint-Bernard,IT,Aosta Valley,from Gignod,HC,30.6,1693,5.5,11.8,2469,45.86905,7.17041,45.76459,7.31209,Q623424,https://cycletrip.pro/climbs/col-du-grand-saint-bernard
sella-di-leonessa,Sella di Leonessa,IT,Central Apennines,from Leonessa,1,17.3,951,5.5,12.4,1900,42.47373,13.00618,42.56311,12.96881,Q1859988,https://cycletrip.pro/climbs/sella-di-leonessa
sella-di-leonessa,Sella di Leonessa,IT,Central Apennines,from Lisciano,HC,21.0,1384,6.6,13.9,1900,42.47373,13.00618,42.43569,12.9114,Q1859988,https://cycletrip.pro/climbs/sella-di-leonessa
plateau-de-beille,Plateau de Beille,FR,Pyrenees,from Aulos,HC,16.5,1220,7.4,19.7,1735,42.73122,1.68522,42.79452,1.67454,,https://cycletrip.pro/climbs/plateau-de-beille
passo-del-baremone,Passo del Baremone,IT,Lake Garda,from Anfo,1,11.3,1004,8.9,15.5,1406,45.79197,10.46527,45.76877,10.49516,Q2157217,https://cycletrip.pro/climbs/passo-del-baremone
mont-du-chat,Mont du Chat,FR,French Alps,from La Motte-Servolex,1,20.1,1212,6.0,14.6,1486,45.66095,5.82159,45.59707,5.87233,Q3322225,https://cycletrip.pro/climbs/mont-du-chat
mont-du-chat,Mont du Chat,FR,French Alps,from Saint-Paul-sur-Yenne,1,12.1,1045,8.6,16.4,1486,45.66095,5.82159,45.67611,5.78343,Q3322225,https://cycletrip.pro/climbs/mont-du-chat
col-du-grand-colombier,Col du Grand Colombier,FR,Jura,from Bordèze,1,12.9,887,6.9,15.8,1498,45.90346,5.76166,45.92943,5.72865,Q2049244,https://cycletrip.pro/climbs/col-du-grand-colombier
col-du-grand-colombier,Col du Grand Colombier,FR,Jura,from Culoz,1,17.7,1252,7.1,22.1,1498,45.90346,5.76166,45.84794,5.7831,Q2049244,https://cycletrip.pro/climbs/col-du-grand-colombier
passo-di-gavia,Passo di Gavia,IT,Lombardy,from Bormio,1,26.3,1435,5.5,14.7,2621,46.34348,10.48733,46.46361,10.36541,Q1008597,https://cycletrip.pro/climbs/passo-di-gavia
passo-di-gavia,Passo di Gavia,IT,Lombardy,from Ponte di Legno,1,17.9,1252,7.0,24.8,2621,46.34348,10.48733,46.25644,10.52359,Q1008597,https://cycletrip.pro/climbs/passo-di-gavia
sella-di-pian-de-le-femene,Sella di Pian de le Femene,IT,Dolomites,from Revine,1,9.3,895,9.6,14.5,1125,46.01334,12.22726,45.99768,12.2473,Q3901874,https://cycletrip.pro/climbs/sella-di-pian-de-le-femene
alpe-dhuez,Alpe d'Huez,FR,French Alps,from Le Bourg-d'Oisans,1,14.4,1103,7.7,15.5,1860,45.0925,6.0699,45.06275,6.03704,,https://cycletrip.pro/climbs/alpe-dhuez
passo-di-campogrosso,Passo di Campogrosso,IT,Veneto,from Recoaro Terme,1,11.0,969,8.8,15.4,1453,45.729,11.16886,45.70248,11.21566,Q3897429,https://cycletrip.pro/climbs/passo-di-campogrosso
col-de-la-charmette,Col de la Charmette,FR,French Alps,from Saint-Égrève,1,13.3,1067,8.0,16.3,1261,45.32186,5.73993,45.22844,5.68152,Q2982152,https://cycletrip.pro/climbs/col-de-la-charmette
coll-de-la-gallina,Coll de la Gallina,AD,Andorra,from Aubinyà,1,12.0,1005,8.4,17.3,,42.45936,1.44998,42.46126,1.48951,,https://cycletrip.pro/climbs/coll-de-la-gallina
coll-de-la-gallina,Coll de la Gallina,AD,Andorra,from Bixessarri,1,8.2,722,8.8,13.7,,42.45936,1.44998,42.4836,1.45847,,https://cycletrip.pro/climbs/coll-de-la-gallina
gampenpass-passo-delle-palade,Gampenpass - Passo delle Palade,IT,Dolomites,from Castelfondo,2,13.5,582,4.3,11.2,1518,46.52955,11.1118,46.44041,11.13308,Q1493265,https://cycletrip.pro/climbs/gampenpass-passo-delle-palade
gampenpass-passo-delle-palade,Gampenpass - Passo delle Palade,IT,Dolomites,from Lana,1,18.0,1223,6.8,14.4,1518,46.52955,11.1118,46.6165,11.14343,Q1493265,https://cycletrip.pro/climbs/gampenpass-passo-delle-palade
col-d-erro-mendi,Col d'Erroïmendi,FR,Pyrenees,from Menditte,1,11.5,974,8.5,18.6,1350,42.99743,-0.98607,43.02702,-0.92382,Q2981990,https://cycletrip.pro/climbs/col-d-erro-mendi
passo-di-giau,Passo di Giau,IT,Dolomites,from Cortina d'Ampezzo,1,9.1,710,7.8,13.4,2236,46.48252,12.05367,46.51706,12.09972,Q1975137,https://cycletrip.pro/climbs/passo-di-giau
passo-di-giau,Passo di Giau,IT,Dolomites,from Selva di Cadore,1,9.8,905,9.2,14.6,2236,46.48252,12.05367,46.45595,12.03188,Q1975137,https://cycletrip.pro/climbs/passo-di-giau
col-d-aubisque,Col d'Aubisque,FR,Pyrenees,from Béost,2,5.6,358,6.4,12.8,1709,42.97658,-0.33979,42.96266,-0.29981,Q1107555,https://cycletrip.pro/climbs/col-d-aubisque
col-d-aubisque,Col d'Aubisque,FR,Pyrenees,from Laruns,1,16.4,1168,7.1,13.4,1709,42.97658,-0.33979,42.97789,-0.42073,Q1107555,https://cycletrip.pro/climbs/col-d-aubisque
pila,Pila,IT,Aosta Valley,from Charvensod,1,18.3,1234,6.7,13.6,,45.68727,7.31082,45.72716,7.33534,,https://cycletrip.pro/climbs/pila
col-de-la-pierre-saint-martin,Col de la Pierre Saint-Martin,FR,Pyrenees,from Arette,1,24.4,1425,5.8,16.2,1765,42.96895,-0.76829,43.08702,-0.72124,Q1107451,https://cycletrip.pro/climbs/col-de-la-pierre-saint-martin
col-de-la-pierre-saint-martin,Col de la Pierre Saint-Martin,FR,Pyrenees,from Roncal / Erronkari,2,33.8,1058,3.1,11.3,1765,42.96895,-0.76829,42.80626,-0.9564,Q1107451,https://cycletrip.pro/climbs/col-de-la-pierre-saint-martin
col-de-la-forclaz-q670156,Col de la Forclaz,IT,,from Ravoire,1,13.1,1031,7.9,13.9,1527,46.05773,7.00135,46.08819,7.05552,Q670156,https://cycletrip.pro/climbs/col-de-la-forclaz-q670156
col-de-la-forclaz-q670156,Col de la Forclaz,IT,,from Trient,2,7.1,415,5.9,18.5,1527,46.05773,7.00135,46.05974,6.96178,Q670156,https://cycletrip.pro/climbs/col-de-la-forclaz-q670156
passo-di-valcava,Passo di Valcava,IT,Lombardy,from Almenno San Salvatore,1,25.5,1061,4.2,11.8,1340,45.7882,9.51421,45.74309,9.6005,Q4007964,https://cycletrip.pro/climbs/passo-di-valcava
passo-di-valcava,Passo di Valcava,IT,Lombardy,from Corte,1,14.5,1087,7.5,17.6,1340,45.7882,9.51421,45.79304,9.44365,Q4007964,https://cycletrip.pro/climbs/passo-di-valcava
hautacam,Hautacam,FR,Pyrenees,from Ayros-Arbouix,1,13.7,1060,7.7,15.0,1514,42.97451,-0.00985,43.00172,-0.06935,,https://cycletrip.pro/climbs/hautacam
col-du-galibier,Col du Galibier,FR,French Alps,from Le Monêtier-les-Bains,1,8.7,578,6.6,11.8,2642,45.06414,6.40786,45.03592,6.40577,Q732143,https://cycletrip.pro/climbs/col-du-galibier
col-du-galibier,Col du Galibier,FR,French Alps,from Valloire,1,17.0,1168,6.9,13.7,2642,45.06414,6.40786,45.16016,6.42143,Q732143,https://cycletrip.pro/climbs/col-du-galibier
izana,Izaña,ES,Canary Islands,from El Portillo,3,6.8,245,3.6,11.0,2278,28.30926,-16.50303,28.30614,-16.56318,,https://cycletrip.pro/climbs/izana
izana,Izaña,ES,Canary Islands,from La Cuesta,1,34.9,1673,4.8,13.7,2278,28.30926,-16.50303,28.47536,-16.32503,,https://cycletrip.pro/climbs/izana
foce-a-giovo,Foce a Giovo,IT,Tuscany,from Chifenti,1,30.8,1556,5.1,18.2,1664,44.11828,10.60955,43.99987,10.55875,Q3746946,https://cycletrip.pro/climbs/foce-a-giovo
foce-a-giovo,Foce a Giovo,IT,Tuscany,from Val di Luce,3,7.3,315,4.3,12.5,1664,44.11828,10.60955,44.14635,10.63381,Q3746946,https://cycletrip.pro/climbs/foce-a-giovo
col-du-mont-cenis,Col du Mont Cenis,FR,French Alps,from Modane,2,33.4,1021,3.1,14.6,2083,45.25983,6.90088,45.20234,6.67126,Q13411496,https://cycletrip.pro/climbs/col-du-mont-cenis
col-du-mont-cenis,Col du Mont Cenis,FR,French Alps,from Susa,1,31.8,1602,5.0,14.2,2083,45.25983,6.90088,45.13649,7.06702,Q13411496,https://cycletrip.pro/climbs/col-du-mont-cenis
col-de-turini,Col de Turini,FR,French Alps,from La Bollène-Vésubie,1,15.3,1098,7.2,19.4,1604,43.97757,7.3916,43.98909,7.32073,Q1107405,https://cycletrip.pro/climbs/col-de-turini
col-de-turini,Col de Turini,FR,French Alps,from Lucéram,1,20.6,929,4.5,17.1,1604,43.97757,7.3916,43.88363,7.35944,Q1107405,https://cycletrip.pro/climbs/col-de-turini
isola-2000,Isola 2000,FR,French Alps,from Isola,1,17.6,1174,6.7,14.0,2062,44.185,7.16078,44.18488,7.05483,,https://cycletrip.pro/climbs/isola-2000
alpe-san-pellegrino,Alpe San Pellegrino,IT,Tuscany,from Pieve Fosciana,1,11.4,945,8.3,17.2,1341,44.18218,10.47571,44.13715,10.41706,,https://cycletrip.pro/climbs/alpe-san-pellegrino
chamrousse,Chamrousse,FR,French Alps,from Vaulnaveys-le-Bas,1,25.7,1412,5.5,13.7,,45.11081,5.87484,45.10095,5.79763,,https://cycletrip.pro/climbs/chamrousse
monte-bisbino,Monte Bisbino,IT,Lombardy,from Olzino,1,15.4,1094,7.1,13.9,1325,45.87369,9.06666,45.84044,9.07533,Q3861242,https://cycletrip.pro/climbs/monte-bisbino
passo-duran,Passo Duran,IT,Dolomites,from Dozza,1,12.5,793,6.3,15.2,1605,46.32491,12.09606,46.34583,12.19234,Q634522,https://cycletrip.pro/climbs/passo-duran
passo-duran,Passo Duran,IT,Dolomites,from La Pief de Agort,1,13.2,997,7.6,15.8,1605,46.32491,12.09606,46.27132,12.03699,Q634522,https://cycletrip.pro/climbs/passo-duran
col-du-granier,Col du Granier,FR,French Alps,from Chapareillan,1,9.7,849,8.8,14.1,1134,45.48049,5.91498,45.46575,5.98593,Q2982282,https://cycletrip.pro/climbs/col-du-granier
col-du-granier,Col du Granier,FR,French Alps,from Jacob-Bellecombette,1,13.3,741,5.6,12.5,1134,45.48049,5.91498,45.55442,5.92168,Q2982282,https://cycletrip.pro/climbs/col-du-granier
col-du-granier,Col du Granier,FR,French Alps,from Saint-Pierre-d'Entremont,2,9.4,479,5.1,11.9,1134,45.48049,5.91498,45.41881,5.85641,Q2982282,https://cycletrip.pro/climbs/col-du-granier
le-semnoz,Le Semnoz,FR,French Alps,from Les Balmettes,1,17.7,1152,6.5,12.2,,45.79098,6.1019,45.89393,6.1301,,https://cycletrip.pro/climbs/le-semnoz
le-semnoz,Le Semnoz,FR,French Alps,from Sevrier,1,24.6,1173,4.8,9.7,,45.79098,6.1019,45.86216,6.14099,,https://cycletrip.pro/climbs/le-semnoz
col-de-la-colombi-re,Col de la Colombière,FR,French Alps,from Saint-Jean-de-Sixt,1,13.1,718,5.5,12.6,1613,45.99223,6.47569,45.93386,6.4155,Q868223,https://cycletrip.pro/climbs/col-de-la-colombi-re
col-de-la-colombi-re,Col de la Colombière,FR,French Alps,from Scionzier,1,17.1,1124,6.6,14.3,1613,45.99223,6.47569,46.05462,6.56028,Q868223,https://cycletrip.pro/climbs/col-de-la-colombi-re
cima-mammarosa,Cima Mammarosa,IT,Central Apennines,from Abbateggio,1,17.0,1120,6.6,13.9,1650,42.17112,14.11655,42.21761,13.99657,Q108137931,https://cycletrip.pro/climbs/cima-mammarosa
cima-mammarosa,Cima Mammarosa,IT,Central Apennines,from Pretoro,2,4.9,323,6.6,11.5,1650,42.17112,14.11655,42.18896,14.10455,Q108137931,https://cycletrip.pro/climbs/cima-mammarosa
col-de-la-cayolle,Col de la Cayolle,FR,French Alps,from Barcelonnette,1,27.5,1194,4.3,20.9,2326,44.25914,6.74397,44.37971,6.62897,Q1107430,https://cycletrip.pro/climbs/col-de-la-cayolle
col-de-la-cayolle,Col de la Cayolle,FR,French Alps,from Guillaumes,1,33.4,1566,4.7,17.8,2326,44.25914,6.74397,44.07921,6.85682,Q1107430,https://cycletrip.pro/climbs/col-de-la-cayolle
col-de-porte,Col de Porte,FR,French Alps,from Grenoble,1,16.8,1112,6.6,14.1,,45.28994,5.767,45.19385,5.72513,,https://cycletrip.pro/climbs/col-de-porte
col-de-porte,Col de Porte,FR,French Alps,from Saint-Pierre-de-Chartreuse,1,8.1,516,6.4,12.3,,45.28994,5.767,45.3383,5.80738,,https://cycletrip.pro/climbs/col-de-porte
col-bagargiak,Col Bagargiak,FR,Pyrenees,from Iholdy,3,11.0,394,3.6,11.9,1327,43.03813,-1.02672,43.01449,-1.08371,Q1107321,https://cycletrip.pro/climbs/col-bagargiak
col-bagargiak,Col Bagargiak,FR,Pyrenees,from Menditte,1,9.4,825,8.8,15.9,1327,43.03813,-1.02672,43.02554,-0.97343,Q1107321,https://cycletrip.pro/climbs/col-bagargiak
col-de-joux,Col de Joux,IT,Aosta Valley,from Saint-Vincent,1,15.7,1064,6.8,13.7,1639,45.75402,7.70287,45.75098,7.65027,Q2583852,https://cycletrip.pro/climbs/col-de-joux
col-de-joux,Col de Joux,IT,Aosta Valley,from Vollon,3,6.1,346,5.7,15.4,1639,45.75402,7.70287,45.76036,7.72275,Q2583852,https://cycletrip.pro/climbs/col-de-joux
passo-bordala,Passo Bordala,IT,Lake Garda,from Castellano,2,6.1,357,5.9,10.4,1250,45.90714,10.97714,45.93197,11.0072,Q2056116,https://cycletrip.pro/climbs/passo-bordala
passo-bordala,Passo Bordala,IT,Lake Garda,from Loppio,1,14.8,1040,7.0,15.7,1250,45.90714,10.97714,45.85496,10.93205,Q2056116,https://cycletrip.pro/climbs/passo-bordala
col-du-soudet,Col du Soudet,FR,Pyrenees,from Arette,1,20.6,1191,5.8,16.6,1533,42.9867,-0.75469,43.08764,-0.72086,Q954436,https://cycletrip.pro/climbs/col-du-soudet
col-du-soudet,Col du Soudet,FR,Pyrenees,from Menditte,1,18.8,1169,6.2,17.8,1533,42.9867,-0.75469,43.02863,-0.86959,Q954436,https://cycletrip.pro/climbs/col-du-soudet
larraineko-mendatea,Larraineko mendatea,FR,Pyrenees,from 9. fazeria,1,10.8,659,6.1,13.2,1573,42.97413,-0.99387,42.92883,-1.00556,Q1851165,https://cycletrip.pro/climbs/larraineko-mendatea
larraineko-mendatea,Larraineko mendatea,FR,Pyrenees,from Menditte,1,23.8,1310,5.5,19.6,1573,42.97413,-0.99387,43.07505,-0.87447,Q1851165,https://cycletrip.pro/climbs/larraineko-mendatea
la-rabassa,la Rabassa,AD,Andorra,from Nagol,1,17.0,1108,6.5,14.3,,42.43534,1.52072,42.46717,1.49152,,https://cycletrip.pro/climbs/la-rabassa
col-d-andrion,Col d'Andrion,FR,French Alps,from La Tour,1,17.4,1107,6.4,19.4,1680,43.99864,7.23608,43.94863,7.18598,Q1107520,https://cycletrip.pro/climbs/col-d-andrion
san-lorenzo,San Lorenzo,ES,Asturias,from Samartín,1,10.8,880,8.1,17.5,1348,43.14144,-6.19177,43.16156,-6.0973,,https://cycletrip.pro/climbs/san-lorenzo
san-lorenzo,San Lorenzo,ES,Asturias,from San Pedru,1,11.7,862,7.4,19.9,1348,43.14144,-6.19177,43.16563,-6.26927,,https://cycletrip.pro/climbs/san-lorenzo
passo-del-cuvignone,Passo del Cuvignone,IT,Lombardy,from Cittiglio,1,9.5,812,8.6,18.3,1036,45.92697,8.67053,45.89535,8.66477,Q2385332,https://cycletrip.pro/climbs/passo-del-cuvignone
passo-del-cuvignone,Passo del Cuvignone,IT,Lombardy,from Zuigno,1,11.2,765,6.8,19.2,1036,45.92697,8.67053,45.90666,8.71705,Q2385332,https://cycletrip.pro/climbs/passo-del-cuvignone
luchon-superbagneres,Luchon-Superbagnères,FR,Pyrenees,from Bagnères-de-Luchon,1,12.8,942,7.4,14.0,1781,42.76666,0.57658,42.7498,0.60956,,https://cycletrip.pro/climbs/luchon-superbagneres
passo-rolle,Passo Rolle,IT,Dolomites,from Mezzano,1,25.9,1348,5.2,14.2,1971,46.2963,11.78632,46.14991,11.80742,Q634939,https://cycletrip.pro/climbs/passo-rolle
passo-rolle,Passo Rolle,IT,Dolomites,from Paneveggio,2,9.4,512,5.5,10.1,1971,46.2963,11.78632,46.30042,11.72011,Q634939,https://cycletrip.pro/climbs/passo-rolle
port-de-bal-s,Port de Balès,FR,Pyrenees,from Cirès,1,7.4,498,6.7,12.0,1755,42.87417,0.50064,42.85225,0.517,Q2031519,https://cycletrip.pro/climbs/port-de-bal-s
port-de-bal-s,Port de Balès,FR,Pyrenees,from Troubat,1,20.7,1205,5.8,19.4,1755,42.87417,0.50064,42.97005,0.57633,Q2031519,https://cycletrip.pro/climbs/port-de-bal-s
cormet-de-roselend,Cormet de Roselend,FR,French Alps,from Bourg-Saint-Maurice,1,19.3,1156,6.0,14.3,1968,45.69133,6.69062,45.62036,6.77094,Q1133080,https://cycletrip.pro/climbs/cormet-de-roselend
cormet-de-roselend,Cormet de Roselend,FR,French Alps,from Queige,1,32.0,1432,4.5,19.5,1968,45.69133,6.69062,45.71562,6.44461,Q1133080,https://cycletrip.pro/climbs/cormet-de-roselend
kandel,Kandel,FR,,from Denzlingen,1,19.2,936,4.9,11.5,1204,48.065,8.01626,48.05726,7.91067,Q314746,https://cycletrip.pro/climbs/kandel
kandel,Kandel,FR,,from Waldkirch,1,12.0,909,7.6,14.6,1204,48.065,8.01626,48.10306,7.97914,Q314746,https://cycletrip.pro/climbs/kandel
passo-di-tremalzo,Passo di Tremalzo,IT,Lake Garda,from Tiarno di Sopra,1,12.9,941,7.3,14.0,1664,45.83669,10.69026,45.8644,10.64553,Q497266,https://cycletrip.pro/climbs/passo-di-tremalzo
saint-lary-soulan-pla-d-adet,Saint-Lary-Soulan - Pla d'Adet,FR,Pyrenees,from Vignec,1,10.4,847,8.1,16.7,1656,42.81268,0.29311,42.82379,0.32263,,https://cycletrip.pro/climbs/saint-lary-soulan-pla-d-adet
albulapass,Albulapass,IT,,from La Punt Chamues-ch,1,9.2,627,6.8,13.1,2312,46.58225,9.83768,46.57971,9.92605,Q685235,https://cycletrip.pro/climbs/albulapass
albulapass,Albulapass,IT,,from Surava,1,28.4,1404,4.9,19.8,2312,46.58225,9.83768,46.66122,9.60181,Q685235,https://cycletrip.pro/climbs/albulapass
col-de-labays,Col de Labays,FR,Pyrenees,from Arette,1,11.8,899,7.6,16.5,1354,43.0036,-0.73141,43.05643,-0.75911,Q2982065,https://cycletrip.pro/climbs/col-de-labays
col-de-labays,Col de Labays,FR,Pyrenees,from Osse-en-Aspe,1,6.1,474,7.8,14.2,1354,43.0036,-0.73141,43.00234,-0.70351,Q2982065,https://cycletrip.pro/climbs/col-de-labays
col-d-agnes,Col d'Agnes,FR,Pyrenees,from Aulus-les-Bains,1,10.1,825,8.2,13.8,1570,42.79399,1.37412,42.78938,1.33702,Q2749001,https://cycletrip.pro/climbs/col-d-agnes
col-d-agnes,Col d'Agnes,FR,Pyrenees,from Le Port,2,4.1,290,7.1,12.7,1570,42.79399,1.37412,42.8095,1.37516,Q2749001,https://cycletrip.pro/climbs/col-d-agnes
col-de-spandelles,Col de Spandelles,FR,Pyrenees,from Ferrières,1,10.1,831,8.2,14.3,1380,43.01133,-0.21862,43.02033,-0.25668,Q2982120,https://cycletrip.pro/climbs/col-de-spandelles
col-de-spandelles,Col de Spandelles,FR,Pyrenees,from Gez,1,12.8,750,5.9,12.1,1380,43.01133,-0.21862,43.01319,-0.113,Q2982120,https://cycletrip.pro/climbs/col-de-spandelles
coll-de-pradell-q17598206,Coll de Pradell,FR,,from Saldes,2,6.8,422,6.2,14.1,1727,42.20117,1.77069,42.2164,1.71807,Q17598206,https://cycletrip.pro/climbs/coll-de-pradell-q17598206
coll-de-pradell-q17598206,Coll de Pradell,FR,,from Vallcebre,1,5.8,626,10.8,18.6,1727,42.20117,1.77069,42.20535,1.81884,Q17598206,https://cycletrip.pro/climbs/coll-de-pradell-q17598206
colle-del-nivolet,Colle del Nivolet,IT,Piedmont,from Ceresole Reale,1,14.6,987,6.8,13.9,2612,45.47921,7.14232,45.44925,7.19992,Q1061556,https://cycletrip.pro/climbs/colle-del-nivolet
passo-di-lavaz,Passo di Lavazè,IT,Dolomites,from Cavalese,1,10.3,788,7.7,15.1,1807,46.35467,11.49274,46.29275,11.45613,Q680789,https://cycletrip.pro/climbs/passo-di-lavaz
passo-di-lavaz,Passo di Lavazè,IT,Dolomites,from Eggen - Ega,1,12.6,918,7.3,13.7,1807,46.35467,11.49274,46.42507,11.48086,Q680789,https://cycletrip.pro/climbs/passo-di-lavaz
col-de-la-ramaz,Col de la Ramaz,FR,French Alps,from Les Gets,1,8.9,649,7.3,14.3,1619,46.15932,6.58066,46.1359,6.62467,Q2982196,https://cycletrip.pro/climbs/col-de-la-ramaz
col-de-la-ramaz,Col de la Ramaz,FR,French Alps,from Mieussy,1,14.1,977,6.9,25.9,1619,46.15932,6.58066,46.13264,6.52741,Q2982196,https://cycletrip.pro/climbs/col-de-la-ramaz
col-de-peyresourde,Col de Peyresourde,FR,Pyrenees,from Arreau,1,18.5,881,4.8,13.2,1569,42.80231,0.46308,42.90647,0.35749,Q1107397,https://cycletrip.pro/climbs/col-de-peyresourde
col-de-peyresourde,Col de Peyresourde,FR,Pyrenees,from Bagnères-de-Luchon,1,13.7,953,7.0,13.3,1569,42.80231,0.46308,42.79497,0.59384,Q1107397,https://cycletrip.pro/climbs/col-de-peyresourde
col-d-izoard,Col d'Izoard,FR,French Alps,from Briançon,1,19.2,1141,5.9,12.3,2361,44.81966,6.73498,44.89489,6.63702,Q1107545,https://cycletrip.pro/climbs/col-d-izoard
col-d-izoard,Col d'Izoard,FR,French Alps,from Guillestre,1,26.4,1282,4.9,18.7,2361,44.81966,6.73498,44.67404,6.68698,Q1107545,https://cycletrip.pro/climbs/col-d-izoard
reiterjoch-passo-di-pampeago,Reiterjoch - Passo di Pampeago,IT,Dolomites,from Eggen - Ega,1,4.7,435,9.3,15.2,1983,46.35381,11.53983,46.38567,11.5244,Q303904,https://cycletrip.pro/climbs/reiterjoch-passo-di-pampeago
reiterjoch-passo-di-pampeago,Reiterjoch - Passo di Pampeago,IT,Dolomites,from Stava,1,7.4,704,9.5,15.4,1983,46.35381,11.53983,46.32018,11.50206,Q303904,https://cycletrip.pro/climbs/reiterjoch-passo-di-pampeago
passo-san-pellegrino,Passo San Pellegrino,IT,Dolomites,from Moena,1,10.9,683,6.3,11.9,1918,46.37836,11.79172,46.37443,11.6663,Q379948,https://cycletrip.pro/climbs/passo-san-pellegrino
passo-san-pellegrino,Passo San Pellegrino,IT,Dolomites,from Sachet,1,16.8,1061,6.3,15.0,1918,46.37836,11.79172,46.36192,11.95305,Q379948,https://cycletrip.pro/climbs/passo-san-pellegrino
fl-elapass,Flüelapass,IT,,from Davos,1,13.1,823,6.3,12.8,2383,46.7475,9.95028,46.81149,9.8449,Q372467,https://cycletrip.pro/climbs/fl-elapass
fl-elapass,Flüelapass,IT,,from Susch,1,14.1,961,6.8,13.4,2383,46.7475,9.95028,46.75905,10.08902,Q372467,https://cycletrip.pro/climbs/fl-elapass
passo-fedaia,Passo Fedaia,IT,Dolomites,from Canazei,2,10.5,585,5.6,15.0,2057,46.46402,11.86259,46.47026,11.77866,Q2056132,https://cycletrip.pro/climbs/passo-fedaia
passo-fedaia,Passo Fedaia,IT,Dolomites,from Caprile,1,16.4,1037,6.3,18.3,2057,46.46402,11.86259,46.43896,11.99267,Q2056132,https://cycletrip.pro/climbs/passo-fedaia
nigerpass-passo-nigra,Nigerpass - Passo Nigra,IT,Dolomites,from Völs am Schlern - Fiè allo Sciliar,1,22.3,1206,5.4,15.7,1690,46.45599,11.58589,46.50583,11.46828,Q505070,https://cycletrip.pro/climbs/nigerpass-passo-nigra
col-de-sevi,Col de Sevi,FR,Corsica,from Cristinacce,3,5.1,311,6.1,10.3,1103,42.2235,8.82989,42.23791,8.8447,Q16507516,https://cycletrip.pro/climbs/col-de-sevi
col-de-sevi,Col de Sevi,FR,Corsica,from Vico,1,18.0,1083,6.0,16.0,1103,42.2235,8.82989,42.13704,8.7118,Q16507516,https://cycletrip.pro/climbs/col-de-sevi
col-de-palaquit,Col de Palaquit,FR,French Alps,from Grenoble,1,14.3,962,6.7,14.3,1154,45.27288,5.76549,45.19398,5.72569,Q2982088,https://cycletrip.pro/climbs/col-de-palaquit
col-de-palaquit,Col de Palaquit,FR,French Alps,from Quaix-en-Chartreuse,1,7.5,607,8.1,16.4,1154,45.27288,5.76549,45.24699,5.73073,Q2982088,https://cycletrip.pro/climbs/col-de-palaquit
collada-llomena,Collada Llomena,ES,Asturias,from Rubriellos,1,7.2,676,9.4,20.2,1005,43.2008,-5.13717,43.21041,-5.09277,,https://cycletrip.pro/climbs/collada-llomena
collada-llomena,Collada Llomena,ES,Asturias,from San Xuan de Beleño / San Juan de Beleño,2,5.5,375,6.8,17.2,1005,43.2008,-5.13717,43.18991,-5.16375,,https://cycletrip.pro/climbs/collada-llomena
col-de-burdincurutcheta,Col de Burdincurutcheta,FR,Pyrenees,from Iholdy,1,10.7,824,7.7,16.9,1135,43.0626,-1.08711,43.11463,-1.13306,Q953084,https://cycletrip.pro/climbs/col-de-burdincurutcheta
colle-del-melogno,Colle del Melogno,IT,Liguria,from Calizzano,3,9.1,399,4.4,10.8,1028,44.23029,8.19696,44.23821,8.11457,Q3682770,https://cycletrip.pro/climbs/colle-del-melogno
colle-del-melogno,Colle del Melogno,IT,Liguria,from Calvisio,1,16.5,1018,6.2,13.4,1028,44.23029,8.19696,44.16846,8.33705,Q3682770,https://cycletrip.pro/climbs/colle-del-melogno
col-de-vergio,Col de Vergio,FR,Corsica,from Castirla,2,35.4,1012,2.9,9.4,1467,42.29032,8.8784,42.37275,9.10803,Q1107407,https://cycletrip.pro/climbs/col-de-vergio
col-de-vergio,Col de Vergio,FR,Corsica,from Porto,1,32.6,1446,4.4,14.1,1467,42.29032,8.8784,42.26132,8.70963,Q1107407,https://cycletrip.pro/climbs/col-de-vergio
col-du-petit-saint-bernard,Col du Petit-Saint-Bernard,IT,Aosta Valley,from Bourg-Saint-Maurice,1,29.8,1377,4.6,9.1,2188,45.67925,6.88294,45.6233,6.77849,Q1345705,https://cycletrip.pro/climbs/col-du-petit-saint-bernard
col-du-petit-saint-bernard,Col du Petit-Saint-Bernard,IT,Aosta Valley,from Morgex,1,26.3,1252,4.8,19.5,2188,45.67925,6.88294,45.76031,7.02883,Q1345705,https://cycletrip.pro/climbs/col-du-petit-saint-bernard
passo-del-vivione,Passo del Vivione,IT,Lombardy,from Grumello,1,12.1,875,7.2,18.9,1828,46.03659,10.19927,46.07471,10.27882,Q2056139,https://cycletrip.pro/climbs/passo-del-vivione
passo-del-vivione,Passo del Vivione,IT,Lombardy,from Valle Richetti,1,22.0,1082,4.9,16.6,1828,46.03659,10.19927,45.96947,10.1087,Q2056139,https://cycletrip.pro/climbs/passo-del-vivione
port-de-cab-s,Port de Cabús,AD,Andorra,from Erts,1,17.8,1049,5.9,14.3,2306,42.54636,1.41974,42.54826,1.51328,Q7231065,https://cycletrip.pro/climbs/port-de-cab-s
col-de-la-couillole,Col de la Couillole,FR,French Alps,from Clans,1,30.9,1370,4.4,16.9,1678,44.10023,7.02293,43.97279,7.14301,Q2084625,https://cycletrip.pro/climbs/col-de-la-couillole
col-de-la-couillole,Col de la Couillole,FR,French Alps,from Rigaud,1,24.6,1218,5.0,18.1,1678,44.10023,7.02293,43.97883,7.0035,Q2084625,https://cycletrip.pro/climbs/col-de-la-couillole
col-de-vars,Col de Vars,FR,French Alps,from Guillestre,1,18.9,1073,5.7,13.8,2109,44.5388,6.70284,44.655,6.65209,Q265759,https://cycletrip.pro/climbs/col-de-vars
col-de-vars,Col de Vars,FR,French Alps,from Saint-Paul-sur-Ubaye,1,12.0,757,6.3,12.8,2109,44.5388,6.70284,44.49011,6.74318,Q265759,https://cycletrip.pro/climbs/col-de-vars
passo-della-mendola-mendelpass,Passo della Mendola - Mendelpass,IT,Dolomites,from Frangart - Frangarto,1,20.1,1104,5.5,17.6,1363,46.41676,11.20833,46.47858,11.28217,Q253818,https://cycletrip.pro/climbs/passo-della-mendola-mendelpass
passo-della-mendola-mendelpass,Passo della Mendola - Mendelpass,IT,Dolomites,from Revò,2,26.8,805,3.0,13.2,1363,46.41676,11.20833,46.39574,11.03568,Q253818,https://cycletrip.pro/climbs/passo-della-mendola-mendelpass
passo-cibiana,Passo Cibiana,IT,Dolomites,from Dozza,1,10.1,728,7.2,11.7,1530,46.37443,12.2598,46.34648,12.19261,Q634689,https://cycletrip.pro/climbs/passo-cibiana
passo-cibiana,Passo Cibiana,IT,Dolomites,from Venas di Cadore,1,9.5,758,8.0,17.0,1530,46.37443,12.2598,46.4064,12.27984,Q634689,https://cycletrip.pro/climbs/passo-cibiana
passo-pinei,Passo Pinei,IT,Dolomites,from Runcadic - Runggaditsch - Roncadizza,3,3.9,238,6.1,13.2,1450,46.57822,11.6251,46.57314,11.65992,,https://cycletrip.pro/climbs/passo-pinei
passo-pinei,Passo Pinei,IT,Dolomites,from Waidbruck - Ponte Gardena,1,15.2,962,6.3,24.1,1450,46.57822,11.6251,46.59561,11.5304,,https://cycletrip.pro/climbs/passo-pinei
bielerh-he,Bielerhöhe,IT,,from Galtür,3,6.0,279,4.7,13.6,2037,46.91804,10.09561,46.94777,10.14632,Q668326,https://cycletrip.pro/climbs/bielerh-he
bielerh-he,Bielerhöhe,IT,,from Partenen,1,13.3,893,6.7,13.9,2037,46.91804,10.09561,46.96102,10.07532,Q668326,https://cycletrip.pro/climbs/bielerh-he
passo-brocon,Passo Brocon,IT,Dolomites,from Canal San Bovo,1,13.7,906,6.6,19.5,1616,46.11861,11.68854,46.16182,11.7161,Q639308,https://cycletrip.pro/climbs/passo-brocon
passo-brocon,Passo Brocon,IT,Dolomites,from Castello Tesino,1,18.5,837,4.5,12.1,1616,46.11861,11.68854,46.06998,11.62262,Q639308,https://cycletrip.pro/climbs/passo-brocon
chipeque,Chipeque,ES,Canary Islands,from La Cuesta,1,24.8,1219,4.9,13.3,,28.38088,-16.45776,28.48043,-16.31837,,https://cycletrip.pro/climbs/chipeque
col-du-t-l-graphe,Col du Télégraphe,FR,French Alps,from Saint-Michel-de-Maurienne,1,12.1,841,7.0,12.5,1566,45.2027,6.44461,45.21578,6.47474,Q1107529,https://cycletrip.pro/climbs/col-du-t-l-graphe
col-du-t-l-graphe,Col du Télégraphe,FR,French Alps,from Valloire,4,4.7,150,3.2,8.5,1566,45.2027,6.44461,45.16527,6.43199,Q1107529,https://cycletrip.pro/climbs/col-du-t-l-graphe
passo-di-croce-arcana,Passo di Croce Arcana,IT,Tuscany,from Cutigliano,1,16.4,985,6.0,15.0,1669,44.13212,10.77784,44.10053,10.75461,Q3897388,https://cycletrip.pro/climbs/passo-di-croce-arcana
passo-di-croce-arcana,Passo di Croce Arcana,IT,Tuscany,from Ospitale,1,9.4,732,7.8,13.4,1669,44.13212,10.77784,44.16579,10.78933,Q3897388,https://cycletrip.pro/climbs/passo-di-croce-arcana
colma-di-sormano,Colma di Sormano,IT,Lombardy,from Asso,1,9.5,614,6.5,12.3,,45.88296,9.22901,45.87299,9.26043,,https://cycletrip.pro/climbs/colma-di-sormano
colma-di-sormano,Colma di Sormano,IT,Lombardy,from Nesso,1,13.1,872,6.7,12.7,,45.88296,9.22901,45.91185,9.15521,,https://cycletrip.pro/climbs/colma-di-sormano
alto-de-la-farrapona,Alto de La Farrapona,ES,Asturias,from Castru,1,18.0,1025,5.7,12.9,1703,43.05785,-6.09103,43.11635,-6.24666,,https://cycletrip.pro/climbs/alto-de-la-farrapona
passo-campo-carlo-magno,Passo Campo Carlo Magno,IT,Dolomites,from Dimaro,1,14.7,919,6.3,11.7,1682,46.24312,10.84023,46.32687,10.87277,Q1031398,https://cycletrip.pro/climbs/passo-campo-carlo-magno
antagnod,Antagnod,IT,Aosta Valley,from Verrès,1,31.3,1342,4.3,12.8,1745,45.81746,7.69253,45.66935,7.68668,,https://cycletrip.pro/climbs/antagnod
pian-delle-fugazze,Pian delle Fugazze,IT,Dolomites,from Enna,1,12.5,852,6.8,17.2,1163,45.7602,11.17332,45.73314,11.27295,Q3901892,https://cycletrip.pro/climbs/pian-delle-fugazze
pian-delle-fugazze,Pian delle Fugazze,IT,Dolomites,from Rovereto,1,26.0,967,3.7,17.7,1163,45.7602,11.17332,45.88725,11.04303,Q3901892,https://cycletrip.pro/climbs/pian-delle-fugazze
colle-di-caprauna,Colle di Caprauna,IT,Liguria,from Cenesi,1,28.5,1287,4.5,13.6,1376,44.10816,7.92972,44.09228,8.12873,Q3682799,https://cycletrip.pro/climbs/colle-di-caprauna
colle-di-caprauna,Colle di Caprauna,IT,Liguria,from Ormea,2,4.4,310,7.1,13.0,1376,44.10816,7.92972,44.12237,7.90334,Q3682799,https://cycletrip.pro/climbs/colle-di-caprauna
lacs-de-covadonga,Lagos de Covadonga,ES,Asturias,from Cuadonga / Covadonga,1,12.1,833,6.9,15.4,,43.2764,-4.9832,43.30744,-5.05048,,https://cycletrip.pro/climbs/lacs-de-covadonga
degollada-de-peraza,Degollada de Peraza,ES,Canary Islands,from San Sebastián de la Gomera,1,14.5,917,6.3,12.2,931,28.09868,-17.18026,28.09131,-17.11362,,https://cycletrip.pro/climbs/degollada-de-peraza
col-du-pourtalet,Col du Pourtalet,FR,Pyrenees,from Biescas,2,28.4,933,3.3,19.1,1794,42.8059,-0.41845,42.61732,-0.32752,Q2641320,https://cycletrip.pro/climbs/col-du-pourtalet
col-du-pourtalet,Col du Pourtalet,FR,Pyrenees,from Laruns,1,28.4,1278,4.5,16.3,1794,42.8059,-0.41845,42.9809,-0.42081,Q2641320,https://cycletrip.pro/climbs/col-du-pourtalet
col-de-la-croix-fry,Col de la Croix Fry,FR,French Alps,from La Clusaz,2,7.3,434,6.0,12.0,1467,45.87758,6.40602,45.90602,6.42196,Q2982162,https://cycletrip.pro/climbs/col-de-la-croix-fry
col-de-la-croix-fry,Col de la Croix Fry,FR,French Alps,from Thônes,1,11.7,817,7.0,12.0,1467,45.87758,6.40602,45.86956,6.32419,Q2982162,https://cycletrip.pro/climbs/col-de-la-croix-fry
estacion-de-montana-de-manzaneda,Estacion de Montaña de Manzaneda,ES,Galicia,from Manzaneda,1,13.5,875,6.5,13.4,1490,42.27463,-7.29367,42.31113,-7.24031,,https://cycletrip.pro/climbs/estacion-de-montana-de-manzaneda
estacion-de-montana-de-manzaneda,Estacion de Montaña de Manzaneda,ES,Galicia,from O Chao,2,10.0,498,5.0,9.9,1490,42.27463,-7.29367,42.29077,-7.3455,,https://cycletrip.pro/climbs/estacion-de-montana-de-manzaneda
col-d-azet,Col d'Azet,FR,Pyrenees,from Bourisp,1,10.7,776,7.3,14.2,1580,42.79188,0.38095,42.82754,0.33483,Q2981982,https://cycletrip.pro/climbs/col-d-azet
col-de-bavella,Col de Bavella,FR,Corsica,from Quenza,1,8.9,715,8.0,15.1,1218,41.79587,9.22496,41.82022,9.25885,Q1107323,https://cycletrip.pro/climbs/col-de-bavella
col-de-bavella,Col de Bavella,FR,Corsica,from Zonza,2,8.8,444,5.0,10.3,1218,41.79587,9.22496,41.75094,9.17182,Q1107323,https://cycletrip.pro/climbs/col-de-bavella
passo-dei-ghiffi,Passo dei Ghiffi,IT,Liguria,from Borzonasca,1,14.3,895,6.3,15.2,1067,44.43806,9.4456,44.42014,9.3896,Q41248266,https://cycletrip.pro/climbs/passo-dei-ghiffi
passo-dei-ghiffi,Passo dei Ghiffi,IT,Liguria,from Morgallo,3,4.9,299,6.1,14.2,1067,44.43806,9.4456,44.44118,9.48348,Q41248266,https://cycletrip.pro/climbs/passo-dei-ghiffi
luz-ardiden,Luz-Ardiden,FR,Pyrenees,from Villelongue,1,24.6,1187,4.8,13.7,,42.88509,-0.05882,42.94845,-0.06129,,https://cycletrip.pro/climbs/luz-ardiden
col-des-mosses,Col des Mosses,IT,,from Aigle,1,18.7,1026,5.5,13.4,1445,46.39898,7.10263,46.3189,6.97051,Q636165,https://cycletrip.pro/climbs/col-des-mosses
col-des-mosses,Col des Mosses,IT,,from Les Moulins,2,13.3,544,4.1,11.7,1445,46.39898,7.10263,46.46607,7.12588,Q636165,https://cycletrip.pro/climbs/col-des-mosses
passo-della-consuma,Passo della Consuma,IT,Tuscany,from Le Palaie,1,15.2,925,6.1,11.6,1055,43.78295,11.60165,43.77254,11.45638,Q3897386,https://cycletrip.pro/climbs/passo-della-consuma
passo-della-consuma,Passo della Consuma,IT,Tuscany,from Ponte a Poppi,2,17.1,703,4.1,11.1,1055,43.78295,11.60165,43.73808,11.74974,Q3897386,https://cycletrip.pro/climbs/passo-della-consuma
passo-di-costalunga-karerpass,Passo di Costalunga - Karerpass,IT,Dolomites,from Gummer - San Valentino in Campo,1,15.7,937,6.0,13.5,1745,46.40428,11.60899,46.43719,11.46753,Q361615,https://cycletrip.pro/climbs/passo-di-costalunga-karerpass
passo-di-costalunga-karerpass,Passo di Costalunga - Karerpass,IT,Dolomites,from Pera,3,10.5,443,4.2,12.9,1745,46.40428,11.60899,46.42895,11.68517,Q361615,https://cycletrip.pro/climbs/passo-di-costalunga-karerpass
passo-foscagno,Passo Foscagno,IT,Lombardy,from Semogo,1,15.1,926,6.1,13.3,2291,46.49636,10.20786,46.48901,10.29563,Q1502214,https://cycletrip.pro/climbs/passo-foscagno
passo-foscagno,Passo Foscagno,IT,Lombardy,from Trepalle,3,3.8,255,6.7,8.9,2291,46.49636,10.20786,46.51726,10.18198,Q1502214,https://cycletrip.pro/climbs/passo-foscagno
col-saint-martin,Col Saint-Martin,FR,French Alps,from Clans,1,26.5,1220,4.6,16.9,1500,44.07096,7.22137,43.97333,7.14109,Q2981961,https://cycletrip.pro/climbs/col-saint-martin
col-saint-martin,Col Saint-Martin,FR,French Alps,from Roquebillière,1,16.8,926,5.5,15.7,1500,44.07096,7.22137,44.01935,7.31097,Q2981961,https://cycletrip.pro/climbs/col-saint-martin
col-du-grand-cucheron,Col du Grand Cucheron,FR,French Alps,from Détrier,1,19.5,864,4.4,16.2,1183,45.48993,6.24811,45.45257,6.10308,Q2982283,https://cycletrip.pro/climbs/col-du-grand-cucheron
col-du-grand-cucheron,Col du Grand Cucheron,FR,French Alps,from Saint-Pierre-de-Belleville,1,12.8,848,6.6,12.8,1183,45.48993,6.24811,45.46717,6.28665,Q2982283,https://cycletrip.pro/climbs/col-du-grand-cucheron
port-de-la-bonaigua,Port de la Bonaigua,ES,Southern Pyrenees,from Baqueira,1,9.8,622,6.4,9.6,2075,42.66351,0.98245,42.70079,0.92772,Q1571977,https://cycletrip.pro/climbs/port-de-la-bonaigua
port-de-la-bonaigua,Port de la Bonaigua,ES,Southern Pyrenees,from la Guingueta d'Àneu,1,26.3,1199,4.6,12.5,2075,42.66351,0.98245,42.55449,1.15155,Q1571977,https://cycletrip.pro/climbs/port-de-la-bonaigua
forca-d-acero,Forca d'Acero,IT,Central Apennines,from Carnello,1,28.7,1252,4.4,11.9,1538,41.75176,13.81578,41.72255,13.62178,Q3747928,https://cycletrip.pro/climbs/forca-d-acero
forca-d-acero,Forca d'Acero,IT,Central Apennines,from Opi,3,9.5,396,4.2,12.2,1538,41.75176,13.81578,41.77514,13.82901,Q3747928,https://cycletrip.pro/climbs/forca-d-acero
col-de-jaman,Col de Jaman,IT,,from Les Avants,1,4.5,498,11.1,18.6,1512,46.45151,6.97726,46.45322,6.94759,Q5141841,https://cycletrip.pro/climbs/col-de-jaman
malojapass,Malojapass,IT,,from Bondo,1,18.3,1006,5.5,24.3,1815,46.39994,9.69581,46.33706,9.55298,Q664978,https://cycletrip.pro/climbs/malojapass
petit-ballon,Petit Ballon,FR,Vosges,from Luttenbach-près-Munster,1,9.8,737,7.5,13.1,,47.98063,7.12603,48.03277,7.11945,,https://cycletrip.pro/climbs/petit-ballon
petit-ballon,Petit Ballon,FR,Vosges,from Sondernach,2,9.6,549,5.7,11.8,,47.98063,7.12603,47.98958,7.06945,,https://cycletrip.pro/climbs/petit-ballon
el-miserat,El Miserat,ES,Costa Blanca,from Pego,1,8.0,661,8.3,17.6,757,38.83042,-0.17705,38.84373,-0.11799,,https://cycletrip.pro/climbs/el-miserat
col-de-romme,Col de Romme,FR,French Alps,from Le Reposoir,3,6.3,321,5.1,12.9,1297,46.03005,6.57458,46.01243,6.53847,Q2746513,https://cycletrip.pro/climbs/col-de-romme
col-de-romme,Col de Romme,FR,French Alps,from Nancy-sur-Cluses,1,6.6,597,9.1,17.2,1297,46.03005,6.57458,46.05295,6.57311,Q2746513,https://cycletrip.pro/climbs/col-de-romme
giogo-del-maniva,Giogo del Maniva,IT,Lake Garda,from Tavernole sul Mella,1,23.7,1140,4.8,15.6,1664,45.82263,10.4101,45.75206,10.24206,Q2108573,https://cycletrip.pro/climbs/giogo-del-maniva
pass-dal-fuorn,Pass dal Fuorn,IT,,from Laatsch - Laudes,1,25.8,1193,4.6,12.7,2150,46.63977,10.29217,46.66751,10.52576,Q662646,https://cycletrip.pro/climbs/pass-dal-fuorn
pass-dal-fuorn,Pass dal Fuorn,IT,,from Zernez,3,10.0,431,4.3,16.1,2150,46.63977,10.29217,46.65306,10.18376,Q662646,https://cycletrip.pro/climbs/pass-dal-fuorn
passo-staulanza,Passo Staulanza,IT,Dolomites,from Dozza,1,16.8,963,5.7,13.9,1766,46.4207,12.1045,46.34581,12.19339,Q1433749,https://cycletrip.pro/climbs/passo-staulanza
passo-staulanza,Passo Staulanza,IT,Dolomites,from Selva di Cadore,2,9.5,459,4.8,10.2,1766,46.4207,12.1045,46.45408,12.03294,Q1433749,https://cycletrip.pro/climbs/passo-staulanza
col-de-moissi-re,Col de Moissière,FR,French Alps,from Les Cesaris,1,9.6,716,7.5,14.8,1573,44.60106,6.22014,44.56469,6.19897,Q2982084,https://cycletrip.pro/climbs/col-de-moissi-re
col-de-moissi-re,Col de Moissière,FR,French Alps,from Saint-Léger-les-Mélèzes,3,8.9,323,3.6,9.7,1573,44.60106,6.22014,44.64455,6.20027,Q2982084,https://cycletrip.pro/climbs/col-de-moissi-re
passo-cereda,Passo Cereda,IT,Dolomites,from Primiero San Martino di Castrozza,1,8.0,655,8.2,16.1,1369,46.19305,11.90542,46.17897,11.83248,Q2056120,https://cycletrip.pro/climbs/passo-cereda
passo-cereda,Passo Cereda,IT,Dolomites,from Sagron,3,3.5,261,7.5,13.1,1369,46.19305,11.90542,46.20615,11.92749,Q2056120,https://cycletrip.pro/climbs/passo-cereda
passo-del-cason-di-lanza-lanzenpass-pas-di-lance,Passo del Cason di Lanza / Lanzenpass / Pas di Lance,IT,Friuli,from Moggio Udinese / Mueç,3,2.2,145,6.6,11.7,1555,46.56598,13.17097,46.55408,13.19145,Q3897364,https://cycletrip.pro/climbs/passo-del-cason-di-lanza-lanzenpass-pas-di-lance
passo-del-cason-di-lanza-lanzenpass-pas-di-lance,Passo del Cason di Lanza / Lanzenpass / Pas di Lance,IT,Friuli,from Rio / Rù,1,6.2,574,9.3,18.3,1555,46.56598,13.17097,46.57709,13.11387,Q3897364,https://cycletrip.pro/climbs/passo-del-cason-di-lanza-lanzenpass-pas-di-lance
col-d-aphanitze,Col d'Aphanitze,FR,Pyrenees,from Iholdy,1,11.2,775,6.9,13.6,1044,43.10248,-1.06206,43.13075,-1.13927,Q2981979,https://cycletrip.pro/climbs/col-d-aphanitze
col-d-aphanitze,Col d'Aphanitze,FR,Pyrenees,from Menditte,1,15.7,800,5.1,15.7,1044,43.10248,-1.06206,43.09323,-0.91014,Q2981979,https://cycletrip.pro/climbs/col-d-aphanitze
j-de-b-rz-w-rzjoch-passo-delle-erbe,Jü de Börz - Würzjoch - Passo delle Erbe,IT,Dolomites,from Antermëia - Untermoi - Antermoia,1,6.3,582,9.2,13.8,1987,46.67511,11.81431,46.68742,11.85538,Q489301,https://cycletrip.pro/climbs/j-de-b-rz-w-rzjoch-passo-delle-erbe
j-de-b-rz-w-rzjoch-passo-delle-erbe,Jü de Börz - Würzjoch - Passo delle Erbe,IT,Dolomites,from San Martin de Tor - San Martino in Badia - St. Martin in Thurn,3,3.1,192,6.2,10.4,1987,46.67511,11.81431,46.66423,11.79538,Q489301,https://cycletrip.pro/climbs/j-de-b-rz-w-rzjoch-passo-delle-erbe
col-de-l-iseran,Col de l'Iseran,FR,French Alps,from Bessans,1,23.7,1082,4.6,13.7,2764,45.41711,7.03085,45.30653,6.96716,Q547474,https://cycletrip.pro/climbs/col-de-l-iseran
col-de-l-iseran,Col de l'Iseran,FR,French Alps,from Val-d'Isère,1,16.4,935,5.7,12.1,2764,45.41711,7.03085,45.45012,6.97752,Q547474,https://cycletrip.pro/climbs/col-de-l-iseran
passo-valles,Passo Valles,IT,Dolomites,from Falcade,1,7.2,618,8.6,14.7,2032,46.33861,11.80026,46.36061,11.84408,Q2509338,https://cycletrip.pro/climbs/passo-valles
passo-valles,Passo Valles,IT,Dolomites,from San Martino di Castrozza,2,6.7,465,6.9,16.0,2032,46.33861,11.80026,46.3087,11.75193,Q2509338,https://cycletrip.pro/climbs/passo-valles
coll-de-la-creueta,Coll de la Creueta,FR,,from la Pobla de Lillet,1,21.2,1062,5.0,12.7,1921,42.30138,1.99327,42.24527,1.97943,Q47165969,https://cycletrip.pro/climbs/coll-de-la-creueta
coll-de-la-creueta,Coll de la Creueta,FR,,from Toses,3,2.6,166,6.4,11.6,1921,42.30138,1.99327,42.3089,1.97512,Q47165969,https://cycletrip.pro/climbs/coll-de-la-creueta
portell-de-cati,Portell de Catí,ES,Costa Blanca,from Castalla,1,3.8,448,11.8,18.8,1097,38.53192,-0.66888,38.55817,-0.6617,,https://cycletrip.pro/climbs/portell-de-cati
portell-de-cati,Portell de Catí,ES,Costa Blanca,from Petrer,2,14.3,666,4.7,14.1,1097,38.53192,-0.66888,38.48934,-0.78353,,https://cycletrip.pro/climbs/portell-de-cati
col-du-soulor,Col du Soulor,FR,Pyrenees,from Argelès-Gazost,1,20.3,1037,5.1,12.6,1474,42.96062,-0.26113,43.01181,-0.09753,Q1107511,https://cycletrip.pro/climbs/col-du-soulor
jouf-de-sela-passo-sella-sellajoch,Jouf de Sela - Passo Sella - Sellajoch,IT,Dolomites,from Santa Cristina Gherdëina - St. Christina in Gröden - Santa Cristina Valgardena,1,13.3,839,6.3,14.0,2240,46.50807,11.76733,46.55625,11.72507,Q595382,https://cycletrip.pro/climbs/jouf-de-sela-passo-sella-sellajoch
jouf-de-sela-passo-sella-sellajoch,Jouf de Sela - Passo Sella - Sellajoch,IT,Dolomites,from Soraga,1,25.9,1023,4.0,16.5,2240,46.50807,11.76733,46.39644,11.66927,Q595382,https://cycletrip.pro/climbs/jouf-de-sela-passo-sella-sellajoch
passo-del-praderadego,Passo del Praderadego,IT,Veneto,from Borgo Valbelluna,1,4.4,454,10.3,16.7,925,46.00233,12.10992,46.03195,12.10002,Q3897438,https://cycletrip.pro/climbs/passo-del-praderadego
passo-del-praderadego,Passo del Praderadego,IT,Veneto,from Cison di Valmarino,1,9.1,692,7.6,18.6,925,46.00233,12.10992,45.96583,12.1365,Q3897438,https://cycletrip.pro/climbs/passo-del-praderadego
col-de-plainpalais,Col de Plainpalais,FR,French Alps,from La Ravoire,1,14.6,875,6.0,12.5,1173,45.6475,6.01905,45.57214,5.95945,Q48753957,https://cycletrip.pro/climbs/col-de-plainpalais
col-de-plainpalais,Col de Plainpalais,FR,French Alps,from Lescheraines,2,12.5,586,4.7,9.9,1173,45.6475,6.01905,45.71394,6.10554,Q48753957,https://cycletrip.pro/climbs/col-de-plainpalais
coll-d-ares,Coll d'Ares,ES,Southern Pyrenees,from Àger,1,14.6,880,6.0,12.1,1493,42.05208,0.74342,42.00222,0.75925,Q11914463,https://cycletrip.pro/climbs/coll-d-ares
coll-d-ares,Coll d'Ares,ES,Southern Pyrenees,from Sant Esteve de la Sarga,2,13.7,652,4.8,10.9,1493,42.05208,0.74342,42.08229,0.78097,Q11914463,https://cycletrip.pro/climbs/coll-d-ares
les-agites,Les Agites,IT,,from Corbeyrier,1,5.7,548,9.6,25.5,1569,46.36433,6.95438,46.34858,6.96038,Q457937,https://cycletrip.pro/climbs/les-agites
col-de-portet,Col de Portet,FR,Pyrenees,from Saint-Lary-Soulan,1,8.0,646,8.1,12.3,2215,42.83311,0.2365,42.82608,0.26386,Q42178369,https://cycletrip.pro/climbs/col-de-portet
portillo-de-lunada,Portillo de Lunada,ES,Cantabria,from La Concha,1,14.1,858,6.1,14.1,1350,43.17098,-3.65455,43.22561,-3.70593,Q6083188,https://cycletrip.pro/climbs/portillo-de-lunada
portillo-de-lunada,Portillo de Lunada,ES,Cantabria,from Las Machorras,2,12.0,539,4.5,9.3,1350,43.17098,-3.65455,43.11095,-3.57819,Q6083188,https://cycletrip.pro/climbs/portillo-de-lunada
colle-di-san-zeno,Colle di San Zeno,IT,Lombardy,from Pezzaze,1,10.1,722,7.2,16.2,1418,45.7812,10.18737,45.77699,10.23873,Q3682809,https://cycletrip.pro/climbs/colle-di-san-zeno
colle-di-san-zeno,Colle di San Zeno,IT,Lombardy,from Pisogne,2,4.2,333,7.9,12.5,1418,45.7812,10.18737,45.79514,10.17657,Q3682809,https://cycletrip.pro/climbs/colle-di-san-zeno
passo-del-redebus-sontbisn,Passo del Redebus - Sontbisn,IT,Dolomites,from Centrale,1,4.5,411,9.1,16.8,1455,46.13598,11.32309,46.16002,11.29958,Q3897337,https://cycletrip.pro/climbs/passo-del-redebus-sontbisn
passo-del-redebus-sontbisn,Passo del Redebus - Sontbisn,IT,Dolomites,from Susà,1,19.3,994,5.2,15.8,1455,46.13598,11.32309,46.06325,11.23247,Q3897337,https://cycletrip.pro/climbs/passo-del-redebus-sontbisn
col-tzecore,Col Tzecore,IT,Aosta Valley,from Challand-Saint-Anselme,1,6.3,572,9.1,18.8,1615,45.72799,7.71925,45.71741,7.73787,,https://cycletrip.pro/climbs/col-tzecore
col-tzecore,Col Tzecore,IT,Aosta Valley,from Salirod,2,6.0,444,7.4,11.9,1615,45.72799,7.71925,45.74142,7.68265,,https://cycletrip.pro/climbs/col-tzecore
pl-tzwiese-prato-piazza,Plätzwiese - Prato Piazza,IT,Dolomites,from Niederdorf - Villabassa,1,14.0,849,6.1,12.7,1993,46.65639,12.17626,46.74167,12.13395,Q2099904,https://cycletrip.pro/climbs/pl-tzwiese-prato-piazza
pas-dels-pous-de-gla,Pas dels Pous de Glaç,ES,Southern Pyrenees,from Àger,1,12.7,816,6.4,11.2,1598,42.04419,0.75171,42.00235,0.75965,Q18005473,https://cycletrip.pro/climbs/pas-dels-pous-de-gla
col-de-la-biche,Col de la Biche,FR,Jura,from Arvière-en-Valromey,1,6.0,560,9.3,13.1,1310,45.95247,5.74901,45.95231,5.72669,Q3110139,https://cycletrip.pro/climbs/col-de-la-biche
camposauro,Camposauro,IT,Campania,from Solopaca,1,10.0,716,7.2,15.8,815,41.18197,14.62691,41.20655,14.59286,,https://cycletrip.pro/climbs/camposauro
camposauro,Camposauro,IT,Campania,from Vitulano,2,4.9,389,8.0,15.4,815,41.18197,14.62691,41.17238,14.65485,,https://cycletrip.pro/climbs/camposauro
passo-falzarego,Passo Falzarego,IT,Dolomites,from Cortina d'Ampezzo,1,15.8,896,5.7,16.3,2105,46.51875,12.00843,46.54,12.13004,Q660136,https://cycletrip.pro/climbs/passo-falzarego
passo-falzarego,Passo Falzarego,IT,Dolomites,from Larcionei - Larzonei,1,11.2,650,5.8,11.0,2105,46.51875,12.00843,46.48019,11.97684,Q660136,https://cycletrip.pro/climbs/passo-falzarego
col-du-pr,Col du Pré,FR,French Alps,from Beaufort,1,5.8,543,9.4,13.7,1703,45.6903,6.59797,45.68307,6.576,Q5141851,https://cycletrip.pro/climbs/col-du-pr
colla-di-casotto,Colla di Casotto,IT,Piedmont,from Garessio,1,12.5,797,6.4,11.8,1381,44.21614,7.94558,44.20356,8.01406,Q3682668,https://cycletrip.pro/climbs/colla-di-casotto
colla-di-casotto,Colla di Casotto,IT,Piedmont,from Pamparato,1,10.6,596,5.6,11.1,1381,44.21614,7.94558,44.27398,7.9104,Q3682668,https://cycletrip.pro/climbs/colla-di-casotto
col-d-aspin,Col d'Aspin,FR,Pyrenees,from Arreau,1,12.1,786,6.5,11.6,1489,42.94233,0.32738,42.90881,0.3593,Q1107533,https://cycletrip.pro/climbs/col-d-aspin
col-d-aspin,Col d'Aspin,FR,Pyrenees,from Campan,2,12.6,635,5.0,14.8,1489,42.94233,0.32738,42.98253,0.22812,Q1107533,https://cycletrip.pro/climbs/col-d-aspin
candriai,Candriai,IT,Dolomites,from Trento,2,8.6,453,5.3,10.6,967,46.06356,11.08757,46.08451,11.07107,,https://cycletrip.pro/climbs/candriai
candriai,Candriai,IT,Dolomites,from Vela,1,7.6,620,8.2,12.3,967,46.06356,11.08757,46.07975,11.09877,,https://cycletrip.pro/climbs/candriai
hourquette-d-ancizan,Hourquette d'Ancizan,FR,Pyrenees,from Campan,2,10.1,466,4.6,10.7,1564,42.89994,0.30577,42.94378,0.27736,Q2727827,https://cycletrip.pro/climbs/hourquette-d-ancizan
hourquette-d-ancizan,Hourquette d'Ancizan,FR,Pyrenees,from Guchen,1,9.0,673,7.5,15.2,1564,42.89994,0.30577,42.86681,0.33359,Q2727827,https://cycletrip.pro/climbs/hourquette-d-ancizan
passo-del-cerreto,Passo del Cerreto,IT,Northern Apennines,from Collagna,2,11.5,518,4.5,11.0,1243,44.30408,10.21713,44.35202,10.28186,Q1101601,https://cycletrip.pro/climbs/passo-del-cerreto
passo-del-cerreto,Passo del Cerreto,IT,Northern Apennines,from Fivizzano,1,23.9,1089,4.6,13.2,1243,44.30408,10.21713,44.20779,10.0831,Q1101601,https://cycletrip.pro/climbs/passo-del-cerreto
passo-di-sant-antonio,Passo di Sant'Antonio,IT,Dolomites,from Auronzo di Cadore,1,8.1,642,7.9,16.4,1476,46.572,12.48236,46.54296,12.46085,Q974769,https://cycletrip.pro/climbs/passo-di-sant-antonio
passo-di-sant-antonio,Passo di Sant'Antonio,IT,Dolomites,from Dosoledo,3,4.9,245,5.0,13.2,1476,46.572,12.48236,46.60343,12.48533,Q974769,https://cycletrip.pro/climbs/passo-di-sant-antonio
col-de-suscousse,Col de Suscousse,FR,Pyrenees,from Menditte,1,15.0,871,5.8,17.8,1216,42.99828,-0.75281,43.02906,-0.86994,Q2982121,https://cycletrip.pro/climbs/col-de-suscousse
passo-del-portello,Passo del Portello,IT,Liguria,from Gattorna,1,15.0,867,5.8,13.2,1051,44.49542,9.17866,44.42961,9.18269,Q3897376,https://cycletrip.pro/climbs/passo-del-portello
passo-del-portello,Passo del Portello,IT,Liguria,from Torriglia,3,11.9,421,3.5,12.3,1051,44.49542,9.17866,44.49161,9.13186,Q3897376,https://cycletrip.pro/climbs/passo-del-portello
somport,Somport,ES,Southern Pyrenees,from Athas,1,28.6,1202,4.2,16.0,1632,42.79572,-0.52485,42.979,-0.61601,Q389859,https://cycletrip.pro/climbs/somport
somport,Somport,ES,Southern Pyrenees,from Canfranc-Estación,2,7.8,442,5.7,11.6,1632,42.79572,-0.52485,42.74801,-0.51584,Q389859,https://cycletrip.pro/climbs/somport
col-de-la-madone,Col de la Madone,FR,Provence,from Menton,1,11.9,775,6.5,15.1,925,43.8069,7.4386,43.7773,7.48695,,https://cycletrip.pro/climbs/col-de-la-madone
col-de-sarenne,Col de Sarenne,FR,French Alps,from Clavans-le-Haut,1,7.1,593,8.4,15.8,1999,45.08753,6.14906,45.08241,6.16145,Q2982115,https://cycletrip.pro/climbs/col-de-sarenne
col-de-sarenne,Col de Sarenne,FR,French Alps,from Le Freney-d'Oisans,3,3.1,217,7.0,11.1,1999,45.08753,6.14906,45.07884,6.11943,Q2982115,https://cycletrip.pro/climbs/col-de-sarenne
col-de-la-machine,Col de la Machine,FR,,from Saint-Jean-en-Royans,1,12.2,779,6.4,22.1,1011,44.97474,5.33477,45.01485,5.2913,Q2982180,https://cycletrip.pro/climbs/col-de-la-machine
pico-llen,Peña Cabarga,ES,Cantabria,from Santiago de Cudeyo,1,5.9,543,9.2,14.7,566,43.37908,-3.77862,43.39746,-3.78364,Q8537932,https://cycletrip.pro/climbs/pico-llen
col-burdin-olatze,Col Burdin Olatze,FR,Pyrenees,from Iholdy,1,15.1,743,4.9,13.9,892,43.09135,-1.02255,43.13096,-1.13887,Q2982022,https://cycletrip.pro/climbs/col-burdin-olatze
col-burdin-olatze,Col Burdin Olatze,FR,Pyrenees,from Menditte,1,11.8,768,6.5,15.4,892,43.09135,-1.02255,43.09293,-0.91041,Q2982022,https://cycletrip.pro/climbs/col-burdin-olatze
col-de-la-forclaz-q8559760,Col de la Forclaz,FR,French Alps,from Giez,1,9.1,669,7.4,15.6,1147,45.80846,6.24476,45.76259,6.25557,Q8559760,https://cycletrip.pro/climbs/col-de-la-forclaz-q8559760
col-de-la-forclaz-q8559760,Col de la Forclaz,FR,French Alps,from Talloires,1,8.3,596,7.2,15.4,1147,45.80846,6.24476,45.84705,6.21389,Q8559760,https://cycletrip.pro/climbs/col-de-la-forclaz-q8559760
alto-de-hazallanas,Alto de Hazallanas,ES,Andalusia,from Cenes de la Vega,1,17.0,911,5.4,12.2,1615,37.13453,-3.44066,37.15988,-3.55802,,https://cycletrip.pro/climbs/alto-de-hazallanas
passo-del-lagastrello,Passo del Lagastrello,IT,Tuscany,from Palanzano,2,19.0,632,3.3,13.2,1200,44.34026,10.12977,44.43347,10.17068,Q1032406,https://cycletrip.pro/climbs/passo-del-lagastrello
passo-del-lagastrello,Passo del Lagastrello,IT,Tuscany,from Terrarossa,1,26.6,1138,4.3,12.0,1200,44.34026,10.12977,44.22398,9.97253,Q1032406,https://cycletrip.pro/climbs/passo-del-lagastrello
colla-di-praglia,Colla di Praglia,IT,Liguria,from Bosio,3,15.1,361,2.4,12.7,880,44.51671,8.81782,44.57973,8.78696,Q2091880,https://cycletrip.pro/climbs/colla-di-praglia
colla-di-praglia,Colla di Praglia,IT,Liguria,from Gaiazza,1,12.0,773,6.4,15.6,880,44.51671,8.81782,44.50413,8.89398,Q2091880,https://cycletrip.pro/climbs/colla-di-praglia
col-du-platzerwasel,Col du Platzerwasel,FR,Vosges,from Metzeral,1,10.3,713,6.9,13.9,1183,47.9695,7.04289,48.01551,7.07298,Q2982307,https://cycletrip.pro/climbs/col-du-platzerwasel
passo-croce-d-aune,Passo Croce d'Aune,IT,Dolomites,from Foen,1,11.2,737,6.6,12.9,1011,46.0618,11.83008,46.02113,11.8996,Q1140701,https://cycletrip.pro/climbs/passo-croce-d-aune
passo-croce-d-aune,Passo Croce d'Aune,IT,Dolomites,from Sorriva,2,11.3,596,5.3,13.4,1011,46.0618,11.83008,46.06001,11.76386,Q1140701,https://cycletrip.pro/climbs/passo-croce-d-aune
passo-di-pradarena,Passo di Pradarena,IT,Northern Apennines,from Cinquecerri,1,20.3,994,4.9,14.2,1574,44.28577,10.30039,44.35494,10.31655,Q1101783,https://cycletrip.pro/climbs/passo-di-pradarena
passo-di-pradarena,Passo di Pradarena,IT,Northern Apennines,from Sillano,1,14.0,831,5.9,13.2,1574,44.28577,10.30039,44.2314,10.30238,Q1101783,https://cycletrip.pro/climbs/passo-di-pradarena
col-de-la-crouzette,Col de la Crouzette,FR,Pyrenees,from Biert,1,8.4,642,7.6,17.9,1244,42.9328,1.32505,42.89808,1.31481,Q67437550,https://cycletrip.pro/climbs/col-de-la-crouzette
col-de-la-crouzette,Col de la Crouzette,FR,Pyrenees,from Rimont,1,11.3,719,6.4,14.4,1244,42.9328,1.32505,42.99407,1.28831,Q67437550,https://cycletrip.pro/climbs/col-de-la-crouzette
col-du-lautaret,Col du Lautaret,FR,French Alps,from Le Monêtier-les-Bains,2,15.8,634,4.0,10.0,2058,45.03523,6.40511,44.9649,6.53515,Q1107509,https://cycletrip.pro/climbs/col-du-lautaret
col-du-lautaret,Col du Lautaret,FR,French Alps,from Mizoën,1,21.8,1026,4.7,18.5,2058,45.03523,6.40511,45.04076,6.17325,Q1107509,https://cycletrip.pro/climbs/col-du-lautaret
puerto-de-haza-del-lino,Puerto de Haza del Lino,ES,Andalusia,from Albuñol,1,18.5,948,5.1,13.2,1280,36.81324,-3.30635,36.79662,-3.21564,Q6092293,https://cycletrip.pro/climbs/puerto-de-haza-del-lino
puerto-de-haza-del-lino,Puerto de Haza del Lino,ES,Andalusia,from Órgiva,4,7.0,192,2.7,12.3,1280,36.81324,-3.30635,36.83321,-3.35293,Q6092293,https://cycletrip.pro/climbs/puerto-de-haza-del-lino
col-de-la-croix-de-fer,Col de la Croix-de-Fer,FR,French Alps,from Saint-Colomban-des-Villards,2,5.0,327,6.6,10.5,2067,45.22749,6.20333,45.22844,6.15363,Q581865,https://cycletrip.pro/climbs/col-de-la-croix-de-fer
col-de-la-croix-de-fer,Col de la Croix-de-Fer,FR,French Alps,from Saint-Jean-d'Arves,1,14.3,832,5.8,12.2,2067,45.22749,6.20333,45.19802,6.3026,Q581865,https://cycletrip.pro/climbs/col-de-la-croix-de-fer
port-del-cant,Port del Cantó,ES,Southern Pyrenees,from el Pla de Sant Tirs,1,24.7,1093,4.4,13.8,1718,42.37036,1.23777,42.32696,1.39091,Q11942406,https://cycletrip.pro/climbs/port-del-cant
port-del-cant,Port del Cantó,ES,Southern Pyrenees,from Gerri de la Sal,1,32.4,1119,3.5,12.7,1718,42.37036,1.23777,42.32128,1.06295,Q11942406,https://cycletrip.pro/climbs/port-del-cant
dori,Dori,IT,Veneto,from Primolano,1,17.0,904,5.3,11.7,1132,45.93273,11.68548,45.96171,11.70805,,https://cycletrip.pro/climbs/dori
dori,Dori,IT,Veneto,from Stoner,3,5.6,215,3.8,16.5,1132,45.93273,11.68548,45.91655,11.65572,,https://cycletrip.pro/climbs/dori
collada-de-bracons,Collada de Bracons,ES,Girona,from Sant Esteve d'en Bas,1,8.9,653,7.3,14.5,1132,42.10836,2.37632,42.12851,2.44653,Q11914632,https://cycletrip.pro/climbs/collada-de-bracons
collada-de-bracons,Collada de Bracons,ES,Girona,from Sant Pere de Torelló,2,10.9,514,4.7,13.9,1132,42.10836,2.37632,42.0735,2.31914,Q11914632,https://cycletrip.pro/climbs/collada-de-bracons
col-de-tende-colle-di-tenda,Col de Tende / Colle di Tenda,IT,Piedmont,from Tende,1,7.4,590,8.0,13.4,1871,44.14968,7.56188,44.13756,7.56691,Q1108953,https://cycletrip.pro/climbs/col-de-tende-colle-di-tenda
col-de-tende-colle-di-tenda,Col de Tende / Colle di Tenda,IT,Piedmont,from Tetti Mecci,1,8.5,609,7.2,11.7,1871,44.14968,7.56188,44.17913,7.56479,Q1108953,https://cycletrip.pro/climbs/col-de-tende-colle-di-tenda
passo-del-tonale,Passo del Tonale,IT,Dolomites,from Incudine,1,24.5,973,4.0,14.3,1883,46.25801,10.58185,46.21894,10.35603,Q944457,https://cycletrip.pro/climbs/passo-del-tonale
passo-del-tonale,Passo del Tonale,IT,Dolomites,from Monclassico,1,28.1,1146,4.1,13.1,1883,46.25801,10.58185,46.33338,10.88881,Q944457,https://cycletrip.pro/climbs/passo-del-tonale
passo-della-scoglina,Passo della Scoglina,IT,Liguria,from Prato,1,15.6,853,5.5,15.3,920,44.47254,9.25001,44.40308,9.24986,Q3897405,https://cycletrip.pro/climbs/passo-della-scoglina
coll-dels-reis,Coll dels Reis,ES,Mallorca,from Escorca,3,2.7,160,6.0,9.3,682,39.82754,2.81799,39.81608,2.82456,,https://cycletrip.pro/climbs/coll-dels-reis
coll-dels-reis,Coll dels Reis,ES,Mallorca,from Sa Calobra,1,9.9,680,6.9,19.6,682,39.82754,2.81799,39.84947,2.79951,,https://cycletrip.pro/climbs/coll-dels-reis
mare-de-deu-del-mont,Mare de Déu del Mont,ES,Girona,from Cabanelles,1,11.8,746,6.3,14.5,1111,42.25839,2.70716,42.26168,2.76818,,https://cycletrip.pro/climbs/mare-de-deu-del-mont
staller-sattel-passo-di-stalle,Staller Sattel - Passo di Stalle,IT,Dolomites,from Hopfgarten in Defereggen,2,27.2,927,3.4,21.3,2052,46.88772,12.19969,46.91866,12.49444,Q371791,https://cycletrip.pro/climbs/staller-sattel-passo-di-stalle
staller-sattel-passo-di-stalle,Staller Sattel - Passo di Stalle,IT,Dolomites,from Niederrasen - Rasun di Sotto,1,23.1,1042,4.5,14.1,2052,46.88772,12.19969,46.77304,12.04072,Q371791,https://cycletrip.pro/climbs/staller-sattel-passo-di-stalle
passo-del-bocco,Passo del Bocco,IT,Liguria,from Bedonia,3,27.6,461,1.7,9.3,956,44.41526,9.4434,44.49829,9.6393,Q1859877,https://cycletrip.pro/climbs/passo-del-bocco
passo-del-bocco,Passo del Bocco,IT,Liguria,from Prati di Mezzanego,1,15.4,852,5.5,13.9,956,44.41526,9.4434,44.39183,9.37858,Q1859877,https://cycletrip.pro/climbs/passo-del-bocco
ju-de-fur-ia-furkelpass-passo-furcia,Ju de Furćia - Furkelpass - Passo Furcia,IT,Dolomites,from Pflaurenz - Floronzo,1,19.4,945,4.9,18.4,1789,46.72291,11.96892,46.77622,11.87681,Q641595,https://cycletrip.pro/climbs/ju-de-fur-ia-furkelpass-passo-furcia
ju-de-fur-ia-furkelpass-passo-furcia,Ju de Furćia - Furkelpass - Passo Furcia,IT,Dolomites,from St. Lorenzen - San Lorenzo di Sebato,1,23.8,953,4.0,16.5,1789,46.72291,11.96892,46.78501,11.90086,Q641595,https://cycletrip.pro/climbs/ju-de-fur-ia-furkelpass-passo-furcia
passo-della-borcola,Passo della Borcola,IT,Dolomites,from Arsiero,1,20.4,910,4.5,18.8,1207,45.82916,11.20563,45.80326,11.3552,Q3897387,https://cycletrip.pro/climbs/passo-della-borcola
passo-della-borcola,Passo della Borcola,IT,Dolomites,from Rovereto,1,22.0,1019,4.6,16.2,1207,45.82916,11.20563,45.89081,11.04341,Q3897387,https://cycletrip.pro/climbs/passo-della-borcola
san-valentino,San Valentino,IT,Lake Garda,from Fontechel,1,9.5,664,7.0,14.3,,45.78278,10.90588,45.81623,10.94789,,https://cycletrip.pro/climbs/san-valentino
col-de-la-faucille,Col de la Faucille,FR,Jura,from Gex,1,12.1,748,6.2,12.7,1323,46.36926,6.01938,46.33155,6.06462,Q1107433,https://cycletrip.pro/climbs/col-de-la-faucille
col-de-la-faucille,Col de la Faucille,FR,Jura,from Hauts de Bienne,3,26.1,571,2.2,11.2,1323,46.36926,6.01938,46.51815,6.02718,Q1107433,https://cycletrip.pro/climbs/col-de-la-faucille
croce-di-salven,Croce di Salven,IT,Lombardy,from Colere,3,8.9,363,4.1,14.5,1108,45.94739,10.15126,45.97478,10.10433,Q3698108,https://cycletrip.pro/climbs/croce-di-salven
croce-di-salven,Croce di Salven,IT,Lombardy,from Malegno,1,14.8,826,5.6,14.2,1108,45.94739,10.15126,45.94786,10.27684,Q3698108,https://cycletrip.pro/climbs/croce-di-salven
passo-della-bocchetta,Passo della Bocchetta,IT,Liguria,from Campomorone,1,8.7,634,7.3,18.4,772,44.55068,8.8878,44.51029,8.88422,Q3897384,https://cycletrip.pro/climbs/passo-della-bocchetta
passo-della-bocchetta,Passo della Bocchetta,IT,Liguria,from Carrosio,3,15.7,521,3.3,10.6,772,44.55068,8.8878,44.6604,8.83059,Q3897384,https://cycletrip.pro/climbs/passo-della-bocchetta
passo-dei-due-santi,Passo dei Due Santi,IT,Tuscany,from Adelano,1,7.4,582,7.9,19.5,1392,44.38862,9.75274,44.35585,9.74891,Q17638385,https://cycletrip.pro/climbs/passo-dei-due-santi
passo-di-ganda,Passo di Ganda,IT,Lombardy,from Fiorano al Serio,1,9.7,667,6.9,16.7,,45.79341,9.79326,45.797,9.83894,,https://cycletrip.pro/climbs/passo-di-ganda
passo-di-ganda,Passo di Ganda,IT,Lombardy,from Selvino,4,4.8,143,3.0,12.0,,45.79341,9.79326,45.78833,9.75127,,https://cycletrip.pro/climbs/passo-di-ganda
collada-de-beixal-s,Collada de Beixalís,AD,Andorra,from La Massana,1,8.6,589,6.9,15.3,1795,42.52775,1.54791,42.53279,1.51971,Q21330627,https://cycletrip.pro/climbs/collada-de-beixal-s
collada-de-beixal-s,Collada de Beixalís,AD,Andorra,from Vila,1,6.7,553,8.3,15.2,1795,42.52775,1.54791,42.53401,1.57531,Q21330627,https://cycletrip.pro/climbs/collada-de-beixal-s
tre-cime-di-lavaredo-drei-zinnen,Tre Cime di Lavaredo - Drei Zinnen,IT,Dolomites,from Auronzo di Cadore,1,9.6,659,6.9,18.1,,46.61775,12.29539,46.56547,12.24432,,https://cycletrip.pro/climbs/tre-cime-di-lavaredo-drei-zinnen
port-de-lers,Port de Lers,FR,Pyrenees,from Junac,1,19.4,926,4.8,17.4,1517,42.80641,1.41159,42.79282,1.58017,Q3398602,https://cycletrip.pro/climbs/port-de-lers
port-de-lers,Port de Lers,FR,Pyrenees,from Massat,1,16.9,883,5.2,10.8,1517,42.80641,1.41159,42.89125,1.34863,Q3398602,https://cycletrip.pro/climbs/port-de-lers
val-d-ese,Val d'Ese,FR,Corsica,from Bastelica,1,15.1,829,5.5,13.5,,41.99977,9.12315,42.00068,9.04949,,https://cycletrip.pro/climbs/val-d-ese
col-d-ares,Col d'Ares,ES,Girona,from Camprodon,3,16.5,557,3.4,9.8,1512,42.36701,2.4563,42.31492,2.37512,Q2981983,https://cycletrip.pro/climbs/col-d-ares
col-d-ares,Col d'Ares,ES,Girona,from Prats-de-Mollo-la-Preste,1,13.1,770,5.9,14.1,1512,42.36701,2.4563,42.40191,2.47947,Q2981983,https://cycletrip.pro/climbs/col-d-ares
colle-san-bernardo-di-mendatica,Colle San Bernardo di Mendatica,IT,Liguria,from Pieve di Teco,1,16.8,881,5.2,14.6,1263,44.08484,7.78432,44.05313,7.89168,Q21661608,https://cycletrip.pro/climbs/colle-san-bernardo-di-mendatica
forca-capistrello,Forca Capistrello,,,from Sant'Anatolia di Narco,1,15.0,831,5.5,16.5,,42.68282,12.90897,42.73597,12.83376,,https://cycletrip.pro/climbs/forca-capistrello
ordino-arcalis,Ordino-Arcalís,AD,Andorra,from la Cortinada,1,15.5,839,5.4,12.8,,42.62716,1.49126,42.56199,1.52943,,https://cycletrip.pro/climbs/ordino-arcalis
jouf-de-pordoi-passo-pordoi-pordoijoch,Jouf de Pordoi - Passo Pordoi - Pordoijoch,IT,Dolomites,from Ruaz,1,13.4,780,5.8,10.5,2239,46.48755,11.81219,46.49592,11.92158,Q1193166,https://cycletrip.pro/climbs/jouf-de-pordoi-passo-pordoi-pordoijoch
jouf-de-pordoi-passo-pordoi-pordoijoch,Jouf de Pordoi - Passo Pordoi - Pordoijoch,IT,Dolomites,from Soraga,1,27.3,1038,3.8,11.0,2239,46.48755,11.81219,46.39255,11.66672,Q1193166,https://cycletrip.pro/climbs/jouf-de-pordoi-passo-pordoi-pordoijoch
col-du-corbier,Col du Corbier,FR,French Alps,from Bonnevaux,2,5.5,415,7.6,11.7,1237,46.28414,6.64523,46.30115,6.67374,Q2982256,https://cycletrip.pro/climbs/col-du-corbier
col-du-corbier,Col du Corbier,FR,French Alps,from Le Biot,1,7.6,583,7.7,14.0,1237,46.28414,6.64523,46.28283,6.61714,Q2982256,https://cycletrip.pro/climbs/col-du-corbier
colle-del-lis,Colle del Lis,IT,Piedmont,from Rubiana,1,9.7,658,6.8,12.7,1311,45.17791,7.38257,45.13885,7.38236,Q1108941,https://cycletrip.pro/climbs/colle-del-lis
colle-del-lis,Colle del Lis,IT,Piedmont,from Viù,2,13.6,591,4.3,11.7,1311,45.17791,7.38257,45.23125,7.36819,Q1108941,https://cycletrip.pro/climbs/colle-del-lis
col-du-sapenay,Col du Sapenay,FR,French Alps,from Chindrieux,1,9.6,656,6.8,10.3,897,45.8247,5.86924,45.81004,5.85133,Q2982317,https://cycletrip.pro/climbs/col-du-sapenay
col-du-sapenay,Col du Sapenay,FR,French Alps,from Entrelacs,2,13.6,543,4.0,10.8,897,45.8247,5.86924,45.78689,5.94279,Q2982317,https://cycletrip.pro/climbs/col-du-sapenay
puerto-de-ordu-a,Puerto de Orduña,FR,,from Osma,3,6.7,309,4.6,10.0,900,42.949,-3.0305,42.90125,-3.06348,Q12268639,https://cycletrip.pro/climbs/puerto-de-ordu-a
puerto-de-ordu-a,Puerto de Orduña,FR,,from Urduña / Orduña,1,8.1,597,7.4,15.3,900,42.949,-3.0305,42.98249,-3.01377,Q12268639,https://cycletrip.pro/climbs/puerto-de-ordu-a
passo-di-cirone,Passo di Cirone,IT,Northern Apennines,from Bosco di Corniglio,3,7.1,367,5.2,13.4,1266,44.43881,10.0032,44.44166,10.03267,Q3897430,https://cycletrip.pro/climbs/passo-di-cirone
passo-di-cirone,Passo di Cirone,IT,Northern Apennines,from Pontremoli,1,18.4,898,4.9,14.7,1266,44.43881,10.0032,44.40079,9.88786,Q3897430,https://cycletrip.pro/climbs/passo-di-cirone
puerto-de-las-estacas-de-trueba,Puerto de las Estacas de Trueba,FR,,from Las Machorras,3,12.7,362,2.9,7.1,1166,43.11801,-3.70302,43.11107,-3.5783,Q16623246,https://cycletrip.pro/climbs/puerto-de-las-estacas-de-trueba
puerto-de-las-estacas-de-trueba,Puerto de las Estacas de Trueba,FR,,from Vega de Pas,1,15.7,831,5.3,14.2,1166,43.11801,-3.70302,43.15783,-3.80266,Q16623246,https://cycletrip.pro/climbs/puerto-de-las-estacas-de-trueba
urkiola,Urkiola,ES,Basque Country,from Mañaria,1,6.4,533,8.3,12.7,700,43.10092,-2.64621,43.13942,-2.65414,,https://cycletrip.pro/climbs/urkiola
urkiola,Urkiola,ES,Basque Country,from Otxandio,4,4.7,140,3.0,8.4,700,43.10092,-2.64621,43.06311,-2.66151,,https://cycletrip.pro/climbs/urkiola
col-de-notre-dame-des-abeilles,Col de Notre-Dame des Abeilles,FR,Provence,from Saint-Jaume,3,8.5,314,3.7,13.3,997,44.09312,5.32982,44.09316,5.38269,,https://cycletrip.pro/climbs/col-de-notre-dame-des-abeilles
col-de-notre-dame-des-abeilles,Col de Notre-Dame des Abeilles,FR,Provence,from Villes-sur-Auzon,1,11.1,699,6.3,9.1,997,44.09312,5.32982,44.0578,5.23521,,https://cycletrip.pro/climbs/col-de-notre-dame-des-abeilles
forcella-aurine,Forcella Aurine,IT,Dolomites,from Agordo,1,11.8,715,6.1,11.2,1299,46.23657,11.97605,46.2873,12.0237,Q3747942,https://cycletrip.pro/climbs/forcella-aurine
forcella-aurine,Forcella Aurine,IT,Dolomites,from Don di Gosaldo,3,3.6,161,4.5,10.8,1299,46.23657,11.97605,46.22091,11.95346,Q3747942,https://cycletrip.pro/climbs/forcella-aurine
col-du-fr-ne,Col du Frêne,FR,French Alps,from Sainte-Reine,3,4.1,177,4.3,9.8,950,45.58244,6.13558,45.61428,6.14313,Q49131435,https://cycletrip.pro/climbs/col-du-fr-ne
col-du-fr-ne,Col du Frêne,FR,French Alps,from Saint-Pierre-d'Albigny,1,10.7,683,6.4,11.8,950,45.58244,6.13558,45.55308,6.15904,Q49131435,https://cycletrip.pro/climbs/col-du-fr-ne
colle-di-nava,Colle di Nava,IT,Liguria,from Pieve di Teco,1,9.2,633,6.9,12.4,934,44.0849,7.87288,44.0504,7.90388,Q3682802,https://cycletrip.pro/climbs/colle-di-nava
colle-di-nava,Colle di Nava,IT,Liguria,from Trappa,4,19.5,333,1.7,9.1,934,44.0849,7.87288,44.18915,8.00242,Q3682802,https://cycletrip.pro/climbs/colle-di-nava
forcella-lavardet,Forcella Lavardet,IT,Dolomites,from Campolongo,2,11.0,598,5.4,12.0,1542,46.49978,12.62857,46.56505,12.57832,Q3747944,https://cycletrip.pro/climbs/forcella-lavardet
forcella-lavardet,Forcella Lavardet,IT,Dolomites,from Ovaro / Davâr,1,23.6,1022,4.3,13.6,1542,46.49978,12.62857,46.50896,12.86186,Q3747944,https://cycletrip.pro/climbs/forcella-lavardet
puerto-de-leitariegos,Puerto de Leitariegos,ES,Asturias,from Ponticieḷḷa,1,28.6,1101,3.9,10.4,1525,42.99816,-6.41747,43.14068,-6.52834,,https://cycletrip.pro/climbs/puerto-de-leitariegos
puerto-de-leitariegos,Puerto de Leitariegos,ES,Asturias,from Villablino,2,11.0,495,4.5,10.3,1525,42.99816,-6.41747,42.95183,-6.37173,,https://cycletrip.pro/climbs/puerto-de-leitariegos
colle-pra-martino,Colle Pra Martino,IT,Piedmont,from Abbadia Alpina,1,6.3,520,8.3,14.7,916,44.91414,7.27744,44.89214,7.31755,Q3682805,https://cycletrip.pro/climbs/colle-pra-martino
colle-pra-martino,Colle Pra Martino,IT,Piedmont,from Villar Perosa,2,6.5,409,6.3,13.2,916,44.91414,7.27744,44.9231,7.24491,Q3682805,https://cycletrip.pro/climbs/colle-pra-martino
col-de-vizzavona,Col de Vizzavona,FR,Corsica,from Bocognano,1,7.3,561,7.7,15.2,1183,42.11189,9.11215,42.08392,9.05964,Q2982142,https://cycletrip.pro/climbs/col-de-vizzavona
col-de-vizzavona,Col de Vizzavona,FR,Corsica,from Venaco,2,17.1,736,4.3,14.0,1183,42.11189,9.11215,42.20345,9.17368,Q2982142,https://cycletrip.pro/climbs/col-de-vizzavona
col-de-la-charbonni-re,Col de la Charbonnière,FR,,from Bourg-Bruche,3,13.9,471,3.4,11.3,961,48.38349,7.25743,48.35947,7.1353,Q2982153,https://cycletrip.pro/climbs/col-de-la-charbonni-re
col-de-la-charbonni-re,Col de la Charbonnière,FR,,from Plaine,1,8.6,548,6.4,12.5,961,48.38349,7.25743,48.4224,7.18389,Q2982153,https://cycletrip.pro/climbs/col-de-la-charbonni-re
col-de-la-charbonni-re,Col de la Charbonnière,FR,,from Villé,1,10.9,684,6.3,14.6,961,48.38349,7.25743,48.34719,7.29914,Q2982153,https://cycletrip.pro/climbs/col-de-la-charbonni-re
passo-tre-croci-son-zu-go,Passo Tre Croci - Son Zuógo,IT,Dolomites,from Cortina d'Ampezzo,1,8.1,589,7.3,12.3,1809,46.55702,12.20185,46.54092,12.13516,Q729190,https://cycletrip.pro/climbs/passo-tre-croci-son-zu-go
passo-tre-croci-son-zu-go,Passo Tre Croci - Son Zuógo,IT,Dolomites,from Pelos di Cadore,1,33.5,1079,3.2,10.7,1809,46.55702,12.20185,46.50006,12.45518,Q729190,https://cycletrip.pro/climbs/passo-tre-croci-son-zu-go
notschrei,Notschrei,FR,,from Kirchzarten (Kernort),1,12.4,726,5.9,15.3,1120,47.87626,7.90965,47.9539,7.95293,Q2002510,https://cycletrip.pro/climbs/notschrei
notschrei,Notschrei,FR,,from Todtnau (Kernstadt),2,7.5,474,6.3,12.5,1120,47.87626,7.90965,47.8267,7.94199,Q2002510,https://cycletrip.pro/climbs/notschrei
col-du-coq,Col du Coq,FR,French Alps,from Plateau-des-Petites-Roches,1,5.7,496,8.7,24.9,1434,45.30246,5.83677,45.28845,5.84969,Q2982257,https://cycletrip.pro/climbs/col-du-coq
col-du-coq,Col du Coq,FR,French Alps,from Saint-Pierre-de-Chartreuse,1,10.9,616,5.7,16.0,1434,45.30246,5.83677,45.33226,5.8073,Q2982257,https://cycletrip.pro/climbs/col-du-coq
monte-maddalena,Monte Maddalena,IT,Lake Garda,from Brescia,1,11.2,689,6.2,10.7,870,45.54941,10.28586,45.53912,10.23175,Q3861712,https://cycletrip.pro/climbs/monte-maddalena
passo-dell-abetone,Passo dell'Abetone,IT,Tuscany,from Montalecchio,2,6.2,387,6.2,13.5,1388,44.14564,10.66496,44.17628,10.65391,Q1245920,https://cycletrip.pro/climbs/passo-dell-abetone
passo-dell-abetone,Passo dell'Abetone,IT,Tuscany,from San Cassiano,1,31.4,1148,3.7,13.8,1388,44.14564,10.66496,44.03484,10.64743,Q1245920,https://cycletrip.pro/climbs/passo-dell-abetone
passo-dell-abetone,Passo dell'Abetone,IT,Tuscany,from Sant'Andreapelago,2,11.2,605,5.4,11.9,1388,44.14564,10.66496,44.20069,10.61705,Q1245920,https://cycletrip.pro/climbs/passo-dell-abetone
puerto-de-somiedo,Puerto de Somiedo,ES,Asturias,from Cabrillanes,4,8.5,225,2.7,6.3,1485,43.03035,-6.23124,42.96491,-6.20884,Q6092415,https://cycletrip.pro/climbs/puerto-de-somiedo
puerto-de-somiedo,Puerto de Somiedo,ES,Asturias,from La Ferreiría d'Augüera,1,33.1,1187,3.6,15.2,1485,43.03035,-6.23124,43.22785,-6.23753,Q6092415,https://cycletrip.pro/climbs/puerto-de-somiedo
col-du-garavel,Col du Garavel,FR,Pyrenees,from Axat,1,14.7,800,5.4,13.0,1256,42.73718,2.15241,42.77826,2.21869,Q2982268,https://cycletrip.pro/climbs/col-du-garavel
col-du-garavel,Col du Garavel,FR,Pyrenees,from Escouloubre,3,7.5,296,4.0,8.4,1256,42.73718,2.15241,42.71644,2.12919,Q2982268,https://cycletrip.pro/climbs/col-du-garavel
colle-del-sestriere,Colle del Sestriere,IT,Piedmont,from Cesana Torinese,1,11.5,697,6.1,13.3,2035,44.95909,6.88254,44.9531,6.79374,Q2685264,https://cycletrip.pro/climbs/colle-del-sestriere
punta-veleno,Punta Veleno,IT,Lake Garda,from Castion Veronese,1,20.2,922,4.6,13.1,,45.69465,10.7927,45.5869,10.74819,,https://cycletrip.pro/climbs/punta-veleno
col-des-limouches,Col des Limouches,FR,,from Beaufort-sur-Gervanne,2,18.8,702,3.7,9.4,1086,44.8868,5.15851,44.78082,5.14334,Q2982218,https://cycletrip.pro/climbs/col-des-limouches
col-des-limouches,Col des Limouches,FR,,from Chabeuil,1,16.4,837,5.1,11.9,1086,44.8868,5.15851,44.91145,5.04657,Q2982218,https://cycletrip.pro/climbs/col-des-limouches
col-de-nadieu,Col de Nadieu,FR,Pyrenees,from Axat,1,9.5,635,6.7,13.1,1055,42.80441,2.17347,42.80383,2.23089,Q109018711,https://cycletrip.pro/climbs/col-de-nadieu
col-des-pr-s,Col des Prés,FR,French Alps,from Le Châtelard,3,14.2,469,3.3,11.5,1134,45.59657,6.06012,45.67474,6.13689,Q2982233,https://cycletrip.pro/climbs/col-des-pr-s
col-des-pr-s,Col des Prés,FR,French Alps,from Thoiry,1,8.7,611,7.0,11.7,1134,45.59657,6.06012,45.59022,6.02199,Q2982233,https://cycletrip.pro/climbs/col-des-pr-s
passo-dei-casoni,Passo dei Casoni,IT,Liguria,from Bocchignola,1,8.7,610,7.0,14.5,992,44.27992,9.80875,44.2597,9.78252,Q63526477,https://cycletrip.pro/climbs/passo-dei-casoni
passo-delle-tre-strade,Passo delle Tre Strade,IT,Lombardy,from Bobbio,1,16.3,839,5.1,12.1,1101,44.80199,9.31327,44.78039,9.40075,Q3897418,https://cycletrip.pro/climbs/passo-delle-tre-strade
passo-delle-tre-strade,Passo delle Tre Strade,IT,Lombardy,from Menconico,2,4.1,353,8.6,14.0,1101,44.80199,9.31327,44.79958,9.28208,Q3897418,https://cycletrip.pro/climbs/passo-delle-tre-strade
passo-delle-tre-strade,Passo delle Tre Strade,IT,Lombardy,from Sagliano Crenna,1,14.4,698,4.8,14.0,1101,44.80199,9.31327,44.82399,9.19011,Q3897418,https://cycletrip.pro/climbs/passo-delle-tre-strade
col-de-vence,Col de Vence,FR,French Alps,from Vence,1,9.7,638,6.6,11.0,962,43.76062,7.07512,43.72457,7.10717,Q2982133,https://cycletrip.pro/climbs/col-de-vence
colle-di-zambla,Colle di Zambla,IT,Lombardy,from Ambria,1,23.0,931,4.1,12.9,1264,45.8871,9.79774,45.80788,9.68071,Q3682816,https://cycletrip.pro/climbs/colle-di-zambla
colle-di-zambla,Colle di Zambla,IT,Lombardy,from Ponte Nossa,1,16.1,813,5.1,13.7,1264,45.8871,9.79774,45.85825,9.87915,Q3682816,https://cycletrip.pro/climbs/colle-di-zambla
les-deux-alpes,Les Deux Alpes,FR,French Alps,from Mont-de-Lans,1,9.6,635,6.6,13.5,,45.00999,6.12376,45.04506,6.13656,,https://cycletrip.pro/climbs/les-deux-alpes
col-du-ballon-d-alsace,Col du Ballon d'Alsace,FR,Vosges,from Lepuix,2,14.3,668,4.7,10.6,1165,47.82087,6.83691,47.75954,6.82012,Q1334057,https://cycletrip.pro/climbs/col-du-ballon-d-alsace
col-du-ballon-d-alsace,Col du Ballon d'Alsace,FR,Vosges,from Saint-Maurice-sur-Moselle,1,9.3,624,6.7,11.2,1165,47.82087,6.83691,47.85483,6.81892,Q1334057,https://cycletrip.pro/climbs/col-du-ballon-d-alsace
col-de-bassachaux,Col de Bassachaux,FR,French Alps,from Châtel,1,10.4,659,6.3,12.4,1778,46.22252,6.77222,46.25629,6.82527,Q2982007,https://cycletrip.pro/climbs/col-de-bassachaux
col-du-grand-ballon,Col du Grand Ballon,FR,Vosges,from Goldbach-Altenbach,1,6.4,509,8.0,11.2,1343,47.90368,7.10326,47.87627,7.12665,Q1397720,https://cycletrip.pro/climbs/col-du-grand-ballon
col-du-grand-ballon,Col du Grand Ballon,FR,Vosges,from Oderen,4,12.8,164,1.3,8.6,1343,47.90368,7.10326,47.9571,7.00463,Q1397720,https://cycletrip.pro/climbs/col-du-grand-ballon
torri-di-fraele,Torri di Fraele,IT,Lombardy,from Premadio,1,8.6,594,6.9,11.9,,46.50184,10.30995,46.48556,10.34165,,https://cycletrip.pro/climbs/torri-di-fraele
col-de-larche-colle-della-maddalena,Col de Larche / Colle della Maddalena,IT,Piedmont,from Jausiers,2,24.0,778,3.2,9.8,1991,44.42183,6.89843,44.4169,6.72902,Q1107381,https://cycletrip.pro/climbs/col-de-larche-colle-della-maddalena
col-de-larche-colle-della-maddalena,Col de Larche / Colle della Maddalena,IT,Piedmont,from Vinadio,1,29.9,1091,3.7,29.3,1991,44.42183,6.89843,44.30301,7.15115,Q1107381,https://cycletrip.pro/climbs/col-de-larche-colle-della-maddalena
col-de-la-perche,Col de la Perche,FR,Pyrenees,from Bourg-Madame,3,18.0,438,2.4,6.9,1579,42.49647,2.09234,42.43373,1.94403,Q3682487,https://cycletrip.pro/climbs/col-de-la-perche
col-de-la-perche,Col de la Perche,FR,Pyrenees,from Corneilla-de-Conflent,1,31.5,1126,3.6,12.5,1579,42.49647,2.09234,42.58519,2.36344,Q3682487,https://cycletrip.pro/climbs/col-de-la-perche
col-de-la-perche,Col de la Perche,FR,Pyrenees,from Saillagouse,3,10.4,275,2.6,9.8,1579,42.49647,2.09234,42.45777,2.0401,Q3682487,https://cycletrip.pro/climbs/col-de-la-perche
planche-des-belles-filles,Planche des Belles Filles,FR,Vosges,from Plancher-les-Mines,1,4.6,432,9.4,14.4,1148,47.7672,6.77423,47.77261,6.75138,Q2098121,https://cycletrip.pro/climbs/planche-des-belles-filles
col-de-gleize,Col de Gleize,FR,French Alps,from Gap,1,4.8,442,9.2,12.7,1691,44.62261,6.04796,44.61719,6.08168,Q2982057,https://cycletrip.pro/climbs/col-de-gleize
cerler,Cerler,ES,Southern Pyrenees,from Benasque,1,12.0,696,5.8,13.2,1908,42.56244,0.56884,42.61788,0.53601,,https://cycletrip.pro/climbs/cerler
puerto-del-leon,Puerto del León,ES,Andalusia,from Málaga,1,16.8,826,4.9,13.1,,36.81716,-4.36029,36.73633,-4.41575,,https://cycletrip.pro/climbs/puerto-del-leon
passo-santa-caterina,Passo Santa Caterina,IT,Veneto,from San Pietro Mussolino,1,8.3,542,6.5,12.9,796,45.6171,11.26127,45.58684,11.2556,Q3897342,https://cycletrip.pro/climbs/passo-santa-caterina
passo-santa-caterina,Passo Santa Caterina,IT,Veneto,from Valdagno,1,6.8,521,7.7,12.8,796,45.6171,11.26127,45.64089,11.29266,Q3897342,https://cycletrip.pro/climbs/passo-santa-caterina
boquete-de-zafarraya,Boquete de Zafarraya,ES,Andalusia,from Los Martínez,1,12.8,722,5.6,10.2,,36.95261,-4.12329,36.87613,-4.15226,,https://cycletrip.pro/climbs/boquete-de-zafarraya
portella-mandrazzi,Portella Mandrazzi,IT,Sicily,from Terme Vigliatore,1,30.9,1109,3.6,12.1,1129,37.97578,15.13801,38.12881,15.14435,Q3909030,https://cycletrip.pro/climbs/portella-mandrazzi
portella-mandrazzi,Portella Mandrazzi,IT,Sicily,from Trappitello,1,33.3,1058,3.2,11.2,1129,37.97578,15.13801,37.84548,15.22817,Q3909030,https://cycletrip.pro/climbs/portella-mandrazzi
passo-predaia,Passo Predaia,IT,Dolomites,from Dermulo,1,11.5,680,5.9,13.5,1250,46.32653,11.14073,46.34274,11.06312,Q3897336,https://cycletrip.pro/climbs/passo-predaia
passo-predaia,Passo Predaia,IT,Dolomites,from Taio,1,13.2,726,5.5,14.3,1250,46.32653,11.14073,46.32492,11.06509,Q3897336,https://cycletrip.pro/climbs/passo-predaia
ju-de-frara-gr-dner-joch-passo-gardena,Ju de Frara - Grödner Joch - Passo Gardena,IT,Dolomites,from Calfosch - Kolfuschg - Colfosco,1,8.9,598,6.7,11.9,2121,46.54982,11.80839,46.55175,11.8714,Q1416427,https://cycletrip.pro/climbs/ju-de-frara-gr-dner-joch-passo-gardena
ju-de-frara-gr-dner-joch-passo-gardena,Ju de Frara - Grödner Joch - Passo Gardena,IT,Dolomites,from Sëlva - Wolkenstein - Selva di Val Gardena,3,5.6,241,4.3,11.6,2121,46.54982,11.80839,46.53329,11.77767,Q1416427,https://cycletrip.pro/climbs/ju-de-frara-gr-dner-joch-passo-gardena
col-du-berthiand,Col du Berthiand,FR,Jura,from Mornay,3,4.8,308,6.4,10.1,780,46.17291,5.49449,46.18735,5.52377,Q2982244,https://cycletrip.pro/climbs/col-du-berthiand
col-du-berthiand,Col du Berthiand,FR,Jura,from Serrières-sur-Ain,1,6.4,507,7.9,11.0,780,46.17291,5.49449,46.1505,5.44775,Q2982244,https://cycletrip.pro/climbs/col-du-berthiand
rocacorba,Rocacorba,ES,Girona,from Pujarnol,1,6.9,527,7.6,14.4,985,42.07261,2.6861,42.1029,2.70809,,https://cycletrip.pro/climbs/rocacorba
puerto-del-sol,Puerto del Sol,ES,Andalusia,from Alcaucín,1,18.0,837,4.7,10.6,,36.97001,-4.21908,36.88934,-4.1466,,https://cycletrip.pro/climbs/puerto-del-sol
puerto-del-sol,Puerto del Sol,ES,Andalusia,from Alfarnate,3,4.4,182,4.2,7.8,,36.97001,-4.21908,36.995,-4.24452,,https://cycletrip.pro/climbs/puerto-del-sol
col-de-la-liguiere,Col de la Liguière,FR,Provence,from Saint-Saturnin-lès-Apt,1,13.6,733,5.4,9.7,998,43.99353,5.38932,43.9155,5.38509,,https://cycletrip.pro/climbs/col-de-la-liguiere
col-de-la-liguiere,Col de la Liguière,FR,Provence,from Sault,3,11.0,280,2.6,6.9,998,43.99353,5.38932,44.0804,5.40197,,https://cycletrip.pro/climbs/col-de-la-liguiere
col-de-marie-blanque,Col de Marie-Blanque,FR,Pyrenees,from Bielle,2,11.6,600,5.2,14.9,1035,43.07047,-0.50751,43.06059,-0.42668,Q1107371,https://cycletrip.pro/climbs/col-de-marie-blanque
col-de-marie-blanque,Col de Marie-Blanque,FR,Pyrenees,from Lurbe-Saint-Christau,1,14.6,753,5.2,18.0,1035,43.07047,-0.50751,43.11892,-0.60329,Q1107371,https://cycletrip.pro/climbs/col-de-marie-blanque
puerto-de-los-tornos,Puerto de Los Tornos,ES,Cantabria,from Medina de Pomar,4,24.5,323,1.3,5.4,920,43.15145,-3.44187,42.94909,-3.48267,Q8558909,https://cycletrip.pro/climbs/puerto-de-los-tornos
puerto-de-los-tornos,Puerto de Los Tornos,ES,Cantabria,from Ramales de la Victoria,1,18.6,847,4.6,11.9,920,43.15145,-3.44187,43.26108,-3.46615,Q8558909,https://cycletrip.pro/climbs/puerto-de-los-tornos
passo-dei-ramari,Passo dei Ramari,IT,Lombardy,from Bobbio,1,9.6,611,6.4,16.7,1085,44.74543,9.31323,44.75977,9.36985,Q3747338,https://cycletrip.pro/climbs/passo-dei-ramari
passo-rest-pas-di-rest,Passo Rest / Pas di Rest,IT,Friuli,from Ampezzo / Dimpeç,1,8.0,562,7.0,16.4,1052,46.35593,12.78278,46.37694,12.78289,Q1436694,https://cycletrip.pro/climbs/passo-rest-pas-di-rest
passo-rest-pas-di-rest,Passo Rest / Pas di Rest,IT,Friuli,from Tramonti di Sotto / Tramonç Disot - Vildisot,2,19.1,764,4.0,14.3,1052,46.35593,12.78278,46.261,12.76382,Q1436694,https://cycletrip.pro/climbs/passo-rest-pas-di-rest
foce-di-rastello,Foce di Rastello,IT,Tuscany,from Coloretta,2,6.1,371,6.1,11.2,1047,44.3287,9.73343,44.34155,9.76081,Q3746951,https://cycletrip.pro/climbs/foce-di-rastello
foce-di-rastello,Foce di Rastello,IT,Tuscany,from Zignago,1,8.7,584,6.7,13.3,1047,44.3287,9.73343,44.30614,9.73846,Q3746951,https://cycletrip.pro/climbs/foce-di-rastello
valico-di-san-fermo,Valico di San Fermo,IT,Piedmont,from Cabella Ligure,2,9.1,533,5.9,12.0,1129,44.6106,9.10352,44.65679,9.11667,Q4007966,https://cycletrip.pro/climbs/valico-di-san-fermo
valico-di-san-fermo,Valico di San Fermo,IT,Piedmont,from Isola del Cantone,1,16.2,787,4.9,13.4,1129,44.6106,9.10352,44.62412,8.99185,Q4007966,https://cycletrip.pro/climbs/valico-di-san-fermo
collformic,Collformic,FR,,from Sant Esteve de Palautordera,1,20.8,900,4.3,12.2,1142,41.80097,2.34765,41.70541,2.43299,Q11914714,https://cycletrip.pro/climbs/collformic
collformic,Collformic,FR,,from Seva,2,9.3,468,5.0,12.0,1142,41.80097,2.34765,41.83653,2.28155,Q11914714,https://cycletrip.pro/climbs/collformic
col-saint-georges,Col Saint-Georges,FR,Corsica,from Ornasca,1,14.2,738,5.2,10.4,757,41.87969,8.93319,41.91249,8.84112,Q30739653,https://cycletrip.pro/climbs/col-saint-georges
col-saint-georges,Col Saint-Georges,FR,Corsica,from Zigliara,2,14.0,601,4.3,9.3,757,41.87969,8.93319,41.81182,8.95858,Q30739653,https://cycletrip.pro/climbs/col-saint-georges
puerto-de-navafr-a,Puerto de Navafría,ES,Sierra de Guadarrama,from Alameda del Valle,1,11.4,666,5.8,11.2,1774,40.98664,-3.81406,40.94995,-3.79316,Q3925447,https://cycletrip.pro/climbs/puerto-de-navafr-a
puerto-de-navafr-a,Puerto de Navafría,ES,Sierra de Guadarrama,from Aldealengua de Pedraza,2,11.5,586,5.1,10.5,1774,40.98664,-3.81406,41.06895,-3.8147,Q3925447,https://cycletrip.pro/climbs/puerto-de-navafr-a
coll-de-port,Coll de Port,ES,Southern Pyrenees,from la Coma,1,14.1,732,5.2,10.8,1665,42.20996,1.55151,42.15599,1.59524,Q11914514,https://cycletrip.pro/climbs/coll-de-port
coll-de-port,Coll de Port,ES,Southern Pyrenees,from Tuixent,2,12.6,611,4.9,10.1,1665,42.20996,1.55151,42.23921,1.53846,Q11914514,https://cycletrip.pro/climbs/coll-de-port
puerto-el-purche,Puerto El Purche,ES,Andalusia,from Cenes de la Vega,1,11.3,656,5.8,12.6,1376,37.14035,-3.47322,37.15681,-3.54757,,https://cycletrip.pro/climbs/puerto-el-purche
col-de-finiels,Col de Finiels,FR,Massif Central,from Frutgères,1,10.9,647,5.9,10.4,1541,44.4241,3.76853,44.3638,3.74532,Q2982049,https://cycletrip.pro/climbs/col-de-finiels
col-de-finiels,Col de Finiels,FR,Massif Central,from La Pouncho,3,11.1,470,4.2,10.0,1541,44.4241,3.76853,44.4903,3.74,Q2982049,https://cycletrip.pro/climbs/col-de-finiels
colle-d-esischie,Colle d'Esischie,IT,Piedmont,from Marmora,1,6.9,507,7.4,12.7,2370,44.39668,7.12388,44.41733,7.10458,Q3682753,https://cycletrip.pro/climbs/colle-d-esischie
colle-san-bernardo,Colle San Bernardo,IT,Piedmont,from Garessio,2,6.8,373,5.5,10.6,957,44.1773,8.04738,44.20571,8.02115,Q3682746,https://cycletrip.pro/climbs/colle-san-bernardo
colle-san-bernardo,Colle San Bernardo,IT,Piedmont,from Zuccarello,1,19.5,850,4.4,14.5,957,44.1773,8.04738,44.10284,8.12384,Q3682746,https://cycletrip.pro/climbs/colle-san-bernardo
portillo-de-la-s-a,Portillo de la Sía,ES,Cantabria,from Cañedo,1,8.4,558,6.7,11.6,1200,43.15289,-3.57311,43.19199,-3.58396,Q6083181,https://cycletrip.pro/climbs/portillo-de-la-s-a
portillo-de-la-s-a,Portillo de la Sía,ES,Cantabria,from Las Machorras,2,7.4,413,5.6,11.0,1200,43.15289,-3.57311,43.11802,-3.58474,Q6083181,https://cycletrip.pro/climbs/portillo-de-la-s-a
passo-del-biscia,Passo del Biscia,IT,Liguria,from Conscenti,1,18.6,835,4.5,11.7,885,44.3655,9.49007,44.34635,9.39104,Q178615,https://cycletrip.pro/climbs/passo-del-biscia
passo-del-biscia,Passo del Biscia,IT,Liguria,from Varese Ligure,3,16.5,542,3.3,12.1,885,44.3655,9.49007,44.37427,9.5939,Q178615,https://cycletrip.pro/climbs/passo-del-biscia
colle-braida,Colle Braida,IT,Piedmont,from Avigliana,1,10.8,637,5.9,14.3,1006,45.08325,7.33377,45.05955,7.38682,Q3682727,https://cycletrip.pro/climbs/colle-braida
colle-braida,Colle Braida,IT,Piedmont,from Giaveno,2,7.9,496,6.3,11.8,1006,45.08325,7.33377,45.04628,7.35434,Q3682727,https://cycletrip.pro/climbs/colle-braida
colle-braida,Colle Braida,IT,Piedmont,from Sant'Antonino di Susa,2,11.9,623,5.2,17.1,1006,45.08325,7.33377,45.10641,7.27233,Q3682727,https://cycletrip.pro/climbs/colle-braida
col-de-bonnecombe,Col de Bonnecombe,FR,Massif Central,from Saint-Germain-du-Teil,1,17.0,797,4.7,9.8,1340,44.55939,3.12594,44.45844,3.19683,Q2982015,https://cycletrip.pro/climbs/col-de-bonnecombe
passo-della-presolana,Passo della Presolana,IT,Lombardy,from Colere,1,8.1,552,6.8,16.5,1297,45.92921,10.09902,45.97415,10.10458,Q2920550,https://cycletrip.pro/climbs/passo-della-presolana
passo-della-presolana,Passo della Presolana,IT,Lombardy,from San Lorenzo di Rovetta,1,12.2,670,5.5,14.1,1297,45.92921,10.09902,45.88503,9.98142,Q2920550,https://cycletrip.pro/climbs/passo-della-presolana
port-de-tudons,Port de Tudons,ES,Costa Blanca,from Benasau,3,8.1,318,3.9,10.6,1024,38.65026,-0.32481,38.68824,-0.34033,,https://cycletrip.pro/climbs/port-de-tudons
port-de-tudons,Port de Tudons,ES,Costa Blanca,from la Vila Joiosa / Villajoyosa,1,24.6,958,3.9,10.4,1024,38.65026,-0.32481,38.52599,-0.24133,,https://cycletrip.pro/climbs/port-de-tudons
port-de-tudons,Port de Tudons,ES,Costa Blanca,from Penàguila,3,8.9,335,3.8,9.1,1024,38.65026,-0.32481,38.68035,-0.36755,,https://cycletrip.pro/climbs/port-de-tudons
collada-de-brenes,Collada de Brenes,ES,Asturias,from Arenas de Iguña,2,12.4,530,4.3,11.5,757,43.20702,-4.14174,43.19555,-4.05947,,https://cycletrip.pro/climbs/collada-de-brenes
collada-de-brenes,Collada de Brenes,ES,Asturias,from Villayuso,1,7.0,514,7.3,16.5,757,43.20702,-4.14174,43.22012,-4.10916,,https://cycletrip.pro/climbs/collada-de-brenes
colle-del-quasso,Colle del Quasso,IT,Piedmont,from Calizzano,2,8.2,453,5.5,13.6,1131,44.20163,8.0678,44.23671,8.11575,Q52084496,https://cycletrip.pro/climbs/colle-del-quasso
colle-del-quasso,Colle del Quasso,IT,Piedmont,from Garessio,1,7.0,514,7.3,12.1,1131,44.20163,8.0678,44.20579,8.02273,Q52084496,https://cycletrip.pro/climbs/colle-del-quasso
forca-canapine,Forca Canapine,IT,Central Apennines,from Norcia,1,13.4,677,5.1,14.5,1543,42.7487,13.19919,42.77258,13.1443,Q3747927,https://cycletrip.pro/climbs/forca-canapine
forca-canapine,Forca Canapine,IT,Central Apennines,from Piedilama,1,23.2,931,4.0,18.8,1543,42.7487,13.19919,42.77498,13.30976,Q3747927,https://cycletrip.pro/climbs/forca-canapine
passo-del-tomarlo,Passo del Tomarlo,IT,Northern Apennines,from Farini,2,34.5,1022,3.0,11.8,1482,44.53591,9.50116,44.70787,9.56773,Q3897377,https://cycletrip.pro/climbs/passo-del-tomarlo
passo-del-tomarlo,Passo del Tomarlo,IT,Northern Apennines,from Santo Stefano d'Aveto,1,13.7,705,5.2,11.0,1482,44.53591,9.50116,44.51978,9.45063,Q3897377,https://cycletrip.pro/climbs/passo-del-tomarlo
el-colladet-de-la-comba,el Colladet de la Comba,ES,Costa Blanca,from la Vall de Gallinera,3,4.9,258,5.3,26.1,696,38.84466,-0.25226,38.81689,-0.27047,,https://cycletrip.pro/climbs/el-colladet-de-la-comba
el-colladet-de-la-comba,el Colladet de la Comba,ES,Costa Blanca,from Vilallonga / Villalonga,1,9.3,581,6.3,15.9,696,38.84466,-0.25226,38.88431,-0.2087,,https://cycletrip.pro/climbs/el-colladet-de-la-comba
col-de-l-encrenaz,Col de l'Encrenaz,FR,French Alps,from Les Gets,2,8.5,474,5.6,14.2,1433,46.17271,6.63367,46.13593,6.62462,Q24935313,https://cycletrip.pro/climbs/col-de-l-encrenaz
col-de-l-encrenaz,Col de l'Encrenaz,FR,French Alps,from Saint-Jean-d'Aulps,1,9.0,577,6.4,12.1,1433,46.17271,6.63367,46.21718,6.66732,Q24935313,https://cycletrip.pro/climbs/col-de-l-encrenaz
passo-dei-mandrioli,Passo dei Mandrioli,IT,Tuscany,from Bagno di Romagna,1,12.6,674,5.4,22.3,1173,43.79751,11.91509,43.83727,11.96136,Q3897353,https://cycletrip.pro/climbs/passo-dei-mandrioli
passo-dei-mandrioli,Passo dei Mandrioli,IT,Tuscany,from Soci,1,17.4,791,4.6,12.6,1173,43.79751,11.91509,43.72481,11.81052,Q3897353,https://cycletrip.pro/climbs/passo-dei-mandrioli
col-d-ornon,Col d'Ornon,FR,French Alps,from Le Bourg-d'Oisans,1,11.3,645,5.7,15.8,1371,45.00828,5.96744,45.07216,6.01796,Q1107543,https://cycletrip.pro/climbs/col-d-ornon
col-d-ornon,Col d'Ornon,FR,French Alps,from Saint-Laurent-en-Beaumont,2,27.3,762,2.8,9.9,1371,45.00828,5.96744,44.90107,5.81877,Q1107543,https://cycletrip.pro/climbs/col-d-ornon
passo-del-giogo,Passo del Giogo,IT,Tuscany,from Casanuova,3,11.0,452,4.1,9.8,882,44.04684,11.38806,44.113,11.38029,Q180940,https://cycletrip.pro/climbs/passo-del-giogo
passo-del-giogo,Passo del Giogo,IT,Tuscany,from Scarperia,1,11.7,651,5.6,12.5,882,44.04684,11.38806,43.98588,11.34003,Q180940,https://cycletrip.pro/climbs/passo-del-giogo
santa-ageda-mendatea,Santa Ageda mendatea,ES,Basque Country,from Albiztur,3,3.3,231,7.0,13.7,700,43.12248,-2.18358,43.12151,-2.15275,,https://cycletrip.pro/climbs/santa-ageda-mendatea
santa-ageda-mendatea,Santa Ageda mendatea,ES,Basque Country,from Azpeitia,1,8.4,551,6.6,13.8,700,43.12248,-2.18358,43.13914,-2.23492,,https://cycletrip.pro/climbs/santa-ageda-mendatea
col-de-menthi-res,Col de Menthières,FR,Jura,from Confort,1,9.2,577,6.3,14.0,1136,46.18064,5.84971,46.15034,5.82261,Q14982092,https://cycletrip.pro/climbs/col-de-menthi-res
col-de-menthi-res,Col de Menthières,FR,Jura,from Forens,3,8.3,374,4.5,10.7,1136,46.18064,5.84971,46.22077,5.88102,Q14982092,https://cycletrip.pro/climbs/col-de-menthi-res
pont-d-espagne,Pont d'Espagne,FR,Pyrenees,from Cauterets,1,9.8,598,6.1,15.7,,42.85096,-0.13951,42.90305,-0.10572,,https://cycletrip.pro/climbs/pont-d-espagne
giogo-di-toirano,Giogo di Toirano,IT,Liguria,from Borghetto Santo Spirito,1,16.5,777,4.7,14.7,801,44.16884,8.15988,44.12089,8.2192,Q17631666,https://cycletrip.pro/climbs/giogo-di-toirano
puerto-de-palombera,Puerto de Palombera,ES,Cantabria,from Espinilla,3,6.1,332,5.4,9.7,1260,43.06371,-4.23246,43.02101,-4.22473,Q1942621,https://cycletrip.pro/climbs/puerto-de-palombera
puerto-de-palombera,Puerto de Palombera,ES,Cantabria,from Ruente,1,29.6,1042,3.5,12.1,1260,43.06371,-4.23246,43.23964,-4.286,Q1942621,https://cycletrip.pro/climbs/puerto-de-palombera
timmelsjoch-passo-rombo,Timmelsjoch - Passo Rombo,IT,,from Zwieselstein,1,4.9,419,8.6,12.3,2474,46.90535,11.09732,46.92094,11.0626,Q877334,https://cycletrip.pro/climbs/timmelsjoch-passo-rombo
le-markstein,Le Markstein,FR,Vosges,from Buhl,1,19.5,846,4.3,13.3,,47.92333,7.03181,47.92766,7.19219,,https://cycletrip.pro/climbs/le-markstein
col-de-portet-d-aspet,Col de Portet d'Aspet,FR,Pyrenees,from Aucazein,3,13.3,519,3.9,12.7,1069,42.94475,0.85371,42.93585,0.97336,Q1107409,https://cycletrip.pro/climbs/col-de-portet-d-aspet
col-de-portet-d-aspet,Col de Portet d'Aspet,FR,Pyrenees,from Sengouagnet,1,8.8,564,6.4,15.3,1069,42.94475,0.85371,42.97413,0.78887,Q1107409,https://cycletrip.pro/climbs/col-de-portet-d-aspet
col-de-men-e,Col de Menée,FR,,from Aix-en-Diois,1,29.4,1014,3.5,15.9,1457,44.75776,5.60377,44.70781,5.40147,Q2982080,https://cycletrip.pro/climbs/col-de-men-e
col-de-men-e,Col de Menée,FR,,from Clelles,2,13.0,627,4.8,12.5,1457,44.75776,5.60377,44.8301,5.60721,Q2982080,https://cycletrip.pro/climbs/col-de-men-e
iba-etako-lepoa,Ibañetako lepoa,ES,Southern Pyrenees,from Aurizberri,4,5.2,180,3.5,8.8,1057,43.01972,-1.324,42.98284,-1.3421,Q1305618,https://cycletrip.pro/climbs/iba-etako-lepoa
iba-etako-lepoa,Ibañetako lepoa,ES,Southern Pyrenees,from Iholdy,1,19.3,827,4.3,12.3,1057,43.01972,-1.324,43.1193,-1.26959,Q1305618,https://cycletrip.pro/climbs/iba-etako-lepoa
erlaitz,Erlaitz,ES,Basque Country,unnamed approach,1,5.7,453,7.9,18.6,,43.30543,-1.75931,43.33623,-1.77772,,https://cycletrip.pro/climbs/erlaitz
col-de-port,Col de Port,FR,Pyrenees,from Aleu,2,23.9,750,3.1,10.1,1249,42.89909,1.45276,42.90552,1.24814,Q2982100,https://cycletrip.pro/climbs/col-de-port
col-de-port,Col de Port,FR,Pyrenees,from Tarascon-sur-Ariège,1,16.1,761,4.7,10.1,1249,42.89909,1.45276,42.85286,1.59033,Q2982100,https://cycletrip.pro/climbs/col-de-port
coll-de-canes,Coll de Canes,ES,Girona,from Olot,1,14.7,722,4.9,12.7,1120,42.19715,2.34597,42.19684,2.4955,Q97013000,https://cycletrip.pro/climbs/coll-de-canes
coll-de-canes,Coll de Canes,ES,Girona,from Ripoll,3,15.7,436,2.8,8.7,1120,42.19715,2.34597,42.19872,2.19288,Q97013000,https://cycletrip.pro/climbs/coll-de-canes
collado-de-las-sabinas,Collado de las Sabinas,ES,Andalusia,from Güéjar Sierra,1,7.4,511,6.9,11.1,,37.11534,-3.42262,37.1327,-3.43501,,https://cycletrip.pro/climbs/collado-de-las-sabinas
passo-del-paretaio,Passo del Paretaio,IT,Tuscany,from Firenzuola,1,10.1,591,5.9,11.8,880,44.14376,11.50039,44.15344,11.45739,Q16587484,https://cycletrip.pro/climbs/passo-del-paretaio
passo-del-paretaio,Passo del Paretaio,IT,Tuscany,from Palazzuolo sul Senio,2,7.9,456,5.8,12.7,880,44.14376,11.50039,44.11343,11.54761,Q16587484,https://cycletrip.pro/climbs/passo-del-paretaio
pas-de-morgins,Pas de Morgins,FR,French Alps,from Châtel,3,3.2,209,6.5,9.9,1371,46.2497,6.84589,46.26916,6.84043,Q691297,https://cycletrip.pro/climbs/pas-de-morgins
pas-de-morgins,Pas de Morgins,FR,French Alps,from Troistorrents,1,11.6,636,5.5,15.3,1371,46.2497,6.84589,46.23081,6.91863,Q691297,https://cycletrip.pro/climbs/pas-de-morgins
puerto-de-navacerrada,Puerto de Navacerrada,ES,Sierra de Guadarrama,from Valsaín,1,10.8,619,5.7,13.0,1858,40.78891,-4.00358,40.85283,-4.02801,Q547949,https://cycletrip.pro/climbs/puerto-de-navacerrada
aldura,Aldura,ES,Basque Country,from Elizalde,1,3.5,349,10.0,16.9,391,43.26235,-1.88232,43.28605,-1.8862,,https://cycletrip.pro/climbs/aldura
passo-fangacci,Passo Fangacci,IT,Tuscany,from Badia Prataglia,1,4.7,399,8.5,14.7,1229,43.80929,11.84945,43.7944,11.87818,Q3897326,https://cycletrip.pro/climbs/passo-fangacci
passo-fangacci,Passo Fangacci,IT,Tuscany,from Ponte a Poppi,1,23.0,901,3.9,14.1,1229,43.80929,11.84945,43.72699,11.77214,Q3897326,https://cycletrip.pro/climbs/passo-fangacci
valdezcaray,Valdezcaray,ES,La Rioja,from Cilbarrena,1,12.9,671,5.2,12.0,1533,42.25992,-2.97347,42.3052,-3.02065,,https://cycletrip.pro/climbs/valdezcaray
col-de-la-l-be,Col de la Lèbe,FR,Jura,from Saint-Martin-de-Bavel,1,12.4,657,5.3,8.5,914,45.91905,5.61953,45.86112,5.66143,Q18537962,https://cycletrip.pro/climbs/col-de-la-l-be
feldbergpass,Feldbergpass,FR,,from Geschwend,1,12.8,666,5.2,12.9,1231,47.85631,8.02908,47.80495,7.93471,Q1402367,https://cycletrip.pro/climbs/feldbergpass
feldbergpass,Feldbergpass,FR,,from Titisee,3,13.7,397,2.9,13.0,1231,47.85631,8.02908,47.90698,8.16984,Q1402367,https://cycletrip.pro/climbs/feldbergpass
valico-di-chiunzi,Valico di Chiunzi,IT,Campania,from Sant'Egidio del Monte Albino,1,9.0,557,6.2,17.0,656,40.71875,14.61978,40.733,14.59378,Q3675234,https://cycletrip.pro/climbs/valico-di-chiunzi
col-de-vence-q2982135,Col de Vence,FR,French Alps,from Grenoble,1,9.6,578,6.0,11.7,782,45.23563,5.75096,45.19385,5.7192,Q2982135,https://cycletrip.pro/climbs/col-de-vence-q2982135
port-d-envalira,Port d'Envalira,AD,Andorra,from Pas de la Casa,3,4.8,304,6.3,9.0,2408,42.54018,1.71938,42.5446,1.73214,Q738592,https://cycletrip.pro/climbs/port-d-envalira
port-d-envalira,Port d'Envalira,AD,Andorra,from Soldeu,1,8.7,544,6.3,9.2,2408,42.54018,1.71938,42.5741,1.6739,Q738592,https://cycletrip.pro/climbs/port-d-envalira
civiglio,Civiglio,IT,Lombardy,from Como,1,5.0,416,8.3,15.4,,45.81207,9.11293,45.8044,9.08139,,https://cycletrip.pro/climbs/civiglio
col-de-portes,Col de Portes,FR,Jura,from Andert,2,22.2,780,3.5,9.8,1010,45.85886,5.48403,45.77683,5.6612,Q2982101,https://cycletrip.pro/climbs/col-de-portes
col-de-portes,Col de Portes,FR,Jura,from Sault-Brénaz,1,9.8,581,5.9,14.6,1010,45.85886,5.48403,45.87223,5.40843,Q2982101,https://cycletrip.pro/climbs/col-de-portes
passo-di-cento-croci,Passo di Cento Croci,IT,Liguria,from Albareto,2,13.6,622,4.6,9.6,1055,44.42162,9.62333,44.47783,9.71109,Q3897427,https://cycletrip.pro/climbs/passo-di-cento-croci
passo-di-cento-croci,Passo di Cento Croci,IT,Liguria,from Maissana,1,16.8,751,4.5,10.0,1055,44.42162,9.62333,44.34462,9.59187,Q3897427,https://cycletrip.pro/climbs/passo-di-cento-croci
degollada-de-hernia,Degollada de Hernia,ES,Canary Islands,from San Sebastián de la Gomera,1,6.2,458,7.4,17.2,517,28.06151,-17.2031,28.03466,-17.19624,,https://cycletrip.pro/climbs/degollada-de-hernia
lepoeder,Lepoeder,ES,Southern Pyrenees,from Orreaga / Roncesvalles,1,4.0,369,9.2,17.2,1429,43.02619,-1.29545,43.01964,-1.32393,Q2982068,https://cycletrip.pro/climbs/lepoeder
col-du-lys,Col du Lys,IT,Piedmont,from Rubiana,1,8.0,523,6.5,13.5,1168,45.17226,7.37715,45.1388,7.38263,,https://cycletrip.pro/climbs/col-du-lys
portella-spiria,Portella Spiria,IT,Sicily,from Itala Marina,1,12.5,646,5.2,12.8,675,38.04587,15.41755,38.0383,15.45438,,https://cycletrip.pro/climbs/portella-spiria
passo-della-scalucchia,Passo della Scalucchia,IT,Northern Apennines,from Collagna,2,11.9,561,4.7,12.5,1364,44.35824,10.22783,44.33946,10.26519,Q3897404,https://cycletrip.pro/climbs/passo-della-scalucchia
passo-della-scalucchia,Passo della Scalucchia,IT,Northern Apennines,from Pieve San Vincenzo,1,9.7,568,5.9,11.3,1364,44.35824,10.22783,44.3751,10.19546,Q3897404,https://cycletrip.pro/climbs/passo-della-scalucchia
portella-zilla,Portella Zilla,IT,Sicily,from Mazzarrà Sant'Andrea,1,35.0,1078,3.1,9.2,1165,37.98403,14.99856,38.08909,15.13121,,https://cycletrip.pro/climbs/portella-zilla
portella-zilla,Portella Zilla,IT,Sicily,from Moio Alcantara,2,15.4,622,4.0,12.2,1165,37.98403,14.99856,37.89782,15.03267,,https://cycletrip.pro/climbs/portella-zilla
passo-della-cisa,Passo della Cisa,IT,Northern Apennines,from Berceto,4,5.6,160,2.9,7.9,1041,44.47158,9.9285,44.49353,9.97058,Q1239141,https://cycletrip.pro/climbs/passo-della-cisa
passo-della-cisa,Passo della Cisa,IT,Northern Apennines,from Pontremoli,1,19.0,804,4.2,11.4,1041,44.47158,9.9285,44.36989,9.88634,Q1239141,https://cycletrip.pro/climbs/passo-della-cisa
col-de-la-quillane,Col de la Quillane,FR,Pyrenees,from Bessède-de-Sault,1,39.7,1163,2.9,11.1,1714,42.54877,2.1137,42.77645,2.15728,Q2269549,https://cycletrip.pro/climbs/col-de-la-quillane
col-de-la-quillane,Col de la Quillane,FR,Pyrenees,from Bourg-Madame,3,26.3,572,2.2,6.6,1714,42.54877,2.1137,42.43427,1.94435,Q2269549,https://cycletrip.pro/climbs/col-de-la-quillane
col-des-supeyres,Col des Supeyres,FR,Massif Central,from Ambert,1,20.7,836,4.0,10.4,1366,45.5924,3.846,45.55144,3.73955,Q26220950,https://cycletrip.pro/climbs/col-des-supeyres
col-des-supeyres,Col des Supeyres,FR,Massif Central,from Saint-Anthème,3,2.8,152,5.5,7.9,1366,45.5924,3.846,45.59019,3.87057,Q26220950,https://cycletrip.pro/climbs/col-des-supeyres
passo-della-crocetta-q3897389,Passo della Crocetta,IT,Liguria,from Borzonasca,1,13.2,658,5.0,15.1,927,44.45054,9.32304,44.40987,9.38818,Q3897389,https://cycletrip.pro/climbs/passo-della-crocetta-q3897389
forca-di-presta,Forca di Presta,IT,Central Apennines,from Norcia,3,5.4,237,4.4,11.9,1534,42.79,13.2607,42.8198,13.22201,Q3076825,https://cycletrip.pro/climbs/forca-di-presta
forca-di-presta,Forca di Presta,IT,Central Apennines,from Pretare,2,6.0,444,7.4,14.5,1534,42.79,13.2607,42.80739,13.30037,Q3076825,https://cycletrip.pro/climbs/forca-di-presta
bocca-della-selva,Bocca della Selva,IT,Campania,from Pietraroja,2,6.9,473,6.9,12.5,1400,41.37862,14.49959,41.37027,14.55435,,https://cycletrip.pro/climbs/bocca-della-selva
passo-della-colla-di-casaglia,Passo della Colla di Casaglia,IT,Tuscany,from Brisighella,3,31.5,742,2.4,10.9,913,44.03872,11.48387,44.17304,11.6927,Q3897383,https://cycletrip.pro/climbs/passo-della-colla-di-casaglia
passo-della-colla-di-casaglia,Passo della Colla di Casaglia,IT,Tuscany,from Ronta,2,9.1,548,6.0,13.9,913,44.03872,11.48387,44.00718,11.43423,Q3897383,https://cycletrip.pro/climbs/passo-della-colla-di-casaglia
passo-coe,Passo Coe,IT,Dolomites,from Folgaria,2,6.3,454,7.2,12.8,1610,45.87732,11.21206,45.91284,11.17822,Q1475217,https://cycletrip.pro/climbs/passo-coe
collada-de-toses,Collada de Toses,ES,Girona,from Alp,4,7.6,182,2.4,7.4,1790,42.33603,1.99112,42.33826,1.93141,Q17598430,https://cycletrip.pro/climbs/collada-de-toses
collada-de-toses,Collada de Toses,ES,Girona,from Campdevànol,2,33.8,1036,3.1,12.1,1790,42.33603,1.99112,42.23203,2.16842,Q17598430,https://cycletrip.pro/climbs/collada-de-toses
collada-de-toses,Collada de Toses,ES,Girona,from les Pereres,2,21.4,692,3.2,10.6,1790,42.33603,1.99112,42.40099,1.91566,Q17598430,https://cycletrip.pro/climbs/collada-de-toses
valico-della-fricca,Valico della Fricca,IT,Dolomites,from Trento,2,17.5,749,4.3,13.8,1110,45.94973,11.20725,46.03376,11.14641,Q4007962,https://cycletrip.pro/climbs/valico-della-fricca
portella-manghe,Portella Manghe,IT,Sicily,from Mazzarrà Sant'Andrea,2,33.6,1030,3.1,9.5,1059,37.99536,15.00789,38.09053,15.13234,,https://cycletrip.pro/climbs/portella-manghe
passo-culmine-di-san-pietro,Passo Culmine di San Pietro,IT,Lombardy,from Barzio,2,11.9,622,5.2,12.3,1258,45.90222,9.49392,45.93665,9.45671,Q3699261,https://cycletrip.pro/climbs/passo-culmine-di-san-pietro
passo-culmine-di-san-pietro,Passo Culmine di San Pietro,IT,Lombardy,from Peghera,2,16.4,683,4.2,14.6,1258,45.90222,9.49392,45.88586,9.59525,Q3699261,https://cycletrip.pro/climbs/passo-culmine-di-san-pietro
passo-del-giov,Passo del Giovà,IT,Lombardy,from Varzi,2,24.8,903,3.6,20.8,1366,44.68376,9.21694,44.81569,9.21397,Q3897372,https://cycletrip.pro/climbs/passo-del-giov
puerto-del-escudo,Puerto del Escudo,ES,Cantabria,from San Vicente de Toranzo,2,20.0,800,4.0,15.9,1011,43.04157,-3.87764,43.19665,-3.92243,Q7258846,https://cycletrip.pro/climbs/puerto-del-escudo
col-de-la-croix-de-la-serra,Col de la Croix de la Serra,FR,,from Chaumont,2,12.3,626,5.1,12.3,1049,46.28864,5.79954,46.37721,5.87274,Q2982170,https://cycletrip.pro/climbs/col-de-la-croix-de-la-serra
col-de-la-croix-de-la-serra,Col de la Croix de la Serra,FR,,from Saint-Germain-de-Joux,2,15.2,571,3.8,9.0,1049,46.28864,5.79954,46.17673,5.74176,Q2982170,https://cycletrip.pro/climbs/col-de-la-croix-de-la-serra
puerto-de-alisas,Puerto de Alisas,ES,Cantabria,from Arredondo,2,9.8,500,5.1,11.0,674,43.30032,-3.65149,43.27451,-3.59138,Q2883582,https://cycletrip.pro/climbs/puerto-de-alisas
puerto-de-alisas,Puerto de Alisas,ES,Cantabria,from Barrio de Arriba,2,10.2,572,5.6,11.5,674,43.30032,-3.65149,43.34426,-3.67999,Q2883582,https://cycletrip.pro/climbs/puerto-de-alisas
coll-de-boix,Coll de Boix,ES,Southern Pyrenees,from Cambrils,3,3.5,194,5.6,10.2,1257,42.15233,1.38574,42.13603,1.39134,Q11914478,https://cycletrip.pro/climbs/coll-de-boix
coll-de-boix,Coll de Boix,ES,Southern Pyrenees,from Coll de Nargó,2,16.5,728,4.4,17.8,1257,42.15233,1.38574,42.18666,1.33077,Q11914478,https://cycletrip.pro/climbs/coll-de-boix
mirador-del-fito,Mirador del Fito,ES,Asturias,from Colunga,2,5.5,419,7.6,14.5,437,43.44696,-5.1856,43.46933,-5.22671,,https://cycletrip.pro/climbs/mirador-del-fito
col-du-pertus,Col du Pertus,FR,Massif Central,from Saint-Jacques-des-Blats,3,5.8,299,5.2,12.2,1309,45.05809,2.67363,45.05488,2.71148,Q2982299,https://cycletrip.pro/climbs/col-du-pertus
col-du-pertus,Col du Pertus,FR,Massif Central,from Saint-Julien-de-Jordanne,2,4.5,377,8.4,14.2,1309,45.05809,2.67363,45.06738,2.65475,Q2982299,https://cycletrip.pro/climbs/col-du-pertus
bocchetto-sessera,Bocchetto Sessera,IT,Piedmont,from Sagliano Micca,2,19.8,792,4.0,13.3,1373,45.66415,8.0628,45.61813,8.04744,Q964498,https://cycletrip.pro/climbs/bocchetto-sessera
port-de-la-carrasqueta,Port de la Carrasqueta,ES,Costa Blanca,from Alcoi / Alcoy,3,5.5,229,4.2,7.1,1022,38.60426,-0.486,38.64763,-0.47601,Q2104795,https://cycletrip.pro/climbs/port-de-la-carrasqueta
port-de-la-carrasqueta,Port de la Carrasqueta,ES,Costa Blanca,from Xixona / Jijona,2,15.6,703,4.5,9.9,1022,38.60426,-0.486,38.52436,-0.49571,Q2104795,https://cycletrip.pro/climbs/port-de-la-carrasqueta
passo-della-forcella,Passo della Forcella,IT,Dolomites,from Agnedo,2,10.4,571,5.5,11.0,910,46.07087,11.59242,46.05092,11.51735,Q3897390,https://cycletrip.pro/climbs/passo-della-forcella
passo-della-forcella,Passo della Forcella,IT,Dolomites,from Pieve Tesino,4,2.9,142,4.9,11.9,910,46.07087,11.59242,46.0713,11.62074,Q3897390,https://cycletrip.pro/climbs/passo-della-forcella
col-de-la-schlucht,Col de la Schlucht,FR,Vosges,from Gérardmer,3,13.8,478,3.5,10.7,1139,48.06417,7.02266,48.07789,6.88834,Q1107460,https://cycletrip.pro/climbs/col-de-la-schlucht
col-de-la-schlucht,Col de la Schlucht,FR,Vosges,from Munster,2,17.8,754,4.2,9.7,1139,48.06417,7.02266,48.04075,7.13662,Q1107460,https://cycletrip.pro/climbs/col-de-la-schlucht
pas-de-peyrol,Pas de Peyrol,FR,Massif Central,from Cheylade,2,12.8,583,4.6,17.2,1588,45.1141,2.67175,45.17826,2.71925,Q3367147,https://cycletrip.pro/climbs/pas-de-peyrol
pas-de-peyrol,Pas de Peyrol,FR,Massif Central,from Lascelle,2,21.7,830,3.8,12.2,1588,45.1141,2.67175,45.01911,2.56416,Q3367147,https://cycletrip.pro/climbs/pas-de-peyrol
pas-de-peyrol,Pas de Peyrol,FR,Massif Central,from Le Falgoux,2,5.4,406,7.5,16.0,1588,45.1141,2.67175,45.12743,2.64097,Q3367147,https://cycletrip.pro/climbs/pas-de-peyrol
col-de-scalella,Col de Scalella,FR,Corsica,from Bastelica,2,14.2,541,3.8,10.1,1193,42.04191,9.03525,41.97836,9.01751,Q21294334,https://cycletrip.pro/climbs/col-de-scalella
col-de-scalella,Col de Scalella,FR,Corsica,from Bocognano,2,9.0,533,5.9,14.8,1193,42.04191,9.03525,42.06896,9.04626,Q21294334,https://cycletrip.pro/climbs/col-de-scalella
coll-d-arques,Coll d'Arques,ES,Southern Pyrenees,from Navès,2,12.0,613,5.1,13.0,1241,42.09088,1.61457,42.00145,1.60596,Q11914464,https://cycletrip.pro/climbs/coll-d-arques
col-de-braus,Col de Braus,FR,French Alps,from Sospel,2,10.7,574,5.4,13.6,928,43.87341,7.40795,43.87831,7.45273,,https://cycletrip.pro/climbs/col-de-braus
passo-della-forcella-q3897392,Passo della Forcella,IT,Liguria,from Prati di Mezzanego,2,20.5,798,3.9,12.7,875,44.46261,9.33545,44.38473,9.37836,Q3897392,https://cycletrip.pro/climbs/passo-della-forcella-q3897392
passo-della-forcella-q3897392,Passo della Forcella,IT,Liguria,from Rezzoaglio,4,9.3,140,1.5,11.1,875,44.46261,9.33545,44.52037,9.37445,Q3897392,https://cycletrip.pro/climbs/passo-della-forcella-q3897392
bocchetta-campiglia,Bocchetta Campiglia,IT,Veneto,from Schio,2,11.1,584,5.3,18.7,1216,45.77882,11.22806,45.74048,11.30779,Q3641495,https://cycletrip.pro/climbs/bocchetta-campiglia
passo-dell-aprica,Passo dell'Aprica,IT,Lombardy,from Mù,3,15.0,487,3.3,19.7,1172,46.15433,10.15418,46.18037,10.32946,Q774126,https://cycletrip.pro/climbs/passo-dell-aprica
passo-dell-aprica,Passo dell'Aprica,IT,Lombardy,from Poggiridenti Piano,2,25.4,884,3.5,14.9,1172,46.15433,10.15418,46.1667,9.93571,Q774126,https://cycletrip.pro/climbs/passo-dell-aprica
toano,Toano,IT,Northern Apennines,from Cerredolo,2,10.9,553,5.1,9.1,860,44.37646,10.5606,44.40412,10.61647,,https://cycletrip.pro/climbs/toano
toano,Toano,IT,Northern Apennines,from Toano,2,4.0,352,8.8,14.1,860,44.37646,10.5606,44.36249,10.56056,,https://cycletrip.pro/climbs/toano
col-du-pr-de-raves,Col du Pré de Raves,FR,Vosges,from Mandray,3,8.6,321,3.7,10.0,1005,48.19938,7.10706,48.20184,7.01185,Q2982312,https://cycletrip.pro/climbs/col-du-pr-de-raves
col-du-pr-de-raves,Col du Pré de Raves,FR,Vosges,from Sainte-Marie-aux-Mines,2,12.9,630,4.9,12.4,1005,48.19938,7.10706,48.24389,7.18011,Q2982312,https://cycletrip.pro/climbs/col-du-pr-de-raves
passo-del-cimirlo,Passo del Cimirlo,IT,Dolomites,from Madrano,2,2.7,288,10.7,17.2,730,46.0676,11.18465,46.06862,11.20831,Q3897368,https://cycletrip.pro/climbs/passo-del-cimirlo
passo-del-cimirlo,Passo del Cimirlo,IT,Dolomites,from Povo,2,3.0,267,8.9,12.7,730,46.0676,11.18465,46.07153,11.16208,Q3897368,https://cycletrip.pro/climbs/passo-del-cimirlo
col-d-hahnenbrunnen,Col d'Hahnenbrunnen,FR,Vosges,from Buhl,2,23.8,846,3.6,14.2,1186,47.95157,7.01951,47.92729,7.19271,Q17625028,https://cycletrip.pro/climbs/col-d-hahnenbrunnen
valico-delle-capannelle,Valico delle Capannelle,IT,Central Apennines,from Montorio al Vomano,2,34.1,1020,3.0,24.5,1300,42.45934,13.35144,42.5786,13.6155,Q2426888,https://cycletrip.pro/climbs/valico-delle-capannelle
valico-delle-capannelle,Valico delle Capannelle,IT,Central Apennines,from San Vittorino,2,14.9,638,4.3,10.8,1300,42.45934,13.35144,42.40059,13.31109,Q2426888,https://cycletrip.pro/climbs/valico-delle-capannelle
campo-imperatore,Campo Imperatore,IT,Central Apennines,from L'Aquila,2,7.6,482,6.3,12.3,,42.44305,13.55872,42.42773,13.62279,,https://cycletrip.pro/climbs/campo-imperatore
passo-san-leonardo,Passo San Leonardo,IT,Central Apennines,from Caramanico Terme,2,15.5,680,4.4,11.9,1282,42.07367,14.03031,42.1527,14.0043,Q3897339,https://cycletrip.pro/climbs/passo-san-leonardo
passo-san-leonardo,Passo San Leonardo,IT,Central Apennines,from Pacentro,2,14.2,587,4.1,12.0,1282,42.07367,14.03031,42.05172,13.99288,Q3897339,https://cycletrip.pro/climbs/passo-san-leonardo
col-de-prat-de-bouc,Col de Prat-de-Bouc,FR,Massif Central,from Murat,2,8.3,501,6.0,13.9,1396,45.05263,2.79387,45.10178,2.85556,Q2982103,https://cycletrip.pro/climbs/col-de-prat-de-bouc
col-de-prat-de-bouc,Col de Prat-de-Bouc,FR,Massif Central,from Paulhac,3,3.1,186,6.0,8.1,1396,45.05263,2.79387,45.03514,2.82303,Q2982103,https://cycletrip.pro/climbs/col-de-prat-de-bouc
ovindoli,Ovindoli,IT,Central Apennines,from Celano,2,15.4,682,4.4,10.6,,42.13703,13.5161,42.05845,13.55925,,https://cycletrip.pro/climbs/ovindoli
portella-gaggetto,Portella Gaggetto,IT,Sicily,from Novara di Sicilia,3,5.6,281,5.0,11.1,880,38.01773,15.15915,38.02092,15.1373,,https://cycletrip.pro/climbs/portella-gaggetto
portella-gaggetto,Portella Gaggetto,IT,Sicily,from Trepiraini,2,7.5,470,6.3,15.1,880,38.01773,15.15915,38.02753,15.18071,,https://cycletrip.pro/climbs/portella-gaggetto
bidania-mendatea,Bidania mendatea,ES,Basque Country,from Tolosa,2,6.6,440,6.7,12.0,510,43.12547,-2.15722,43.1259,-2.08751,,https://cycletrip.pro/climbs/bidania-mendatea
croce-abbio,Croce Abbio,IT,Central Apennines,from Montorio al Vomano,2,32.9,970,3.0,24.5,1256,42.47429,13.34861,42.57844,13.61615,,https://cycletrip.pro/climbs/croce-abbio
croce-abbio,Croce Abbio,IT,Central Apennines,from Rovagnano,3,10.3,440,4.3,11.5,1256,42.47429,13.34861,42.52372,13.26587,,https://cycletrip.pro/climbs/croce-abbio
col-de-san-colombano,Col de San Colombano,FR,Corsica,from Belgodère,2,16.0,683,4.3,10.2,692,42.57951,9.06996,42.63506,9.01264,Q8559763,https://cycletrip.pro/climbs/col-de-san-colombano
col-de-san-colombano,Col de San Colombano,FR,Corsica,from Castifao,3,19.0,444,2.3,9.8,692,42.57951,9.06996,42.50529,9.17705,Q8559763,https://cycletrip.pro/climbs/col-de-san-colombano
coll-de-fabregada,Coll de Fabregada,ES,Southern Pyrenees,from Sant Esteve de la Sarga,2,6.5,435,6.7,11.8,942,42.0783,0.74369,42.10303,0.69972,Q11914491,https://cycletrip.pro/climbs/coll-de-fabregada
puerto-de-guadarrama-o-alto-del-le-n,Puerto de Guadarrama o Alto del León,ES,Sierra de Guadarrama,from El Espinar,3,5.6,278,5.0,10.7,1511,40.71012,-4.1402,40.71329,-4.18804,Q3925445,https://cycletrip.pro/climbs/puerto-de-guadarrama-o-alto-del-le-n
puerto-de-guadarrama-o-alto-del-le-n,Puerto de Guadarrama o Alto del León,ES,Sierra de Guadarrama,from Guadarrama,2,4.9,375,7.7,11.9,1511,40.71012,-4.1402,40.69095,-4.11962,Q3925445,https://cycletrip.pro/climbs/puerto-de-guadarrama-o-alto-del-le-n
col-du-feu,Col du Feu,FR,French Alps,from Orcier,2,8.9,503,5.7,10.4,1120,46.2944,6.5093,46.32256,6.50173,Q2982265,https://cycletrip.pro/climbs/col-du-feu
col-du-feu,Col du Feu,FR,French Alps,from Vailly,2,8.1,440,5.4,15.7,1120,46.2944,6.5093,46.30852,6.5553,Q2982265,https://cycletrip.pro/climbs/col-du-feu
colle-di-creto,Colle di Creto,IT,Liguria,from Tre Coste,2,9.9,531,5.4,16.5,603,44.47212,9.00894,44.45265,8.99165,Q52634173,https://cycletrip.pro/climbs/colle-di-creto
cambasque,Cambasque,FR,Pyrenees,from Cauterets,2,4.5,358,8.0,17.1,,42.88488,-0.13758,42.88587,-0.11544,,https://cycletrip.pro/climbs/cambasque
passo-del-muraglione,Passo del Muraglione,IT,Tuscany,from Dicomano,2,18.9,745,3.9,13.6,907,43.9329,11.65478,43.8902,11.52344,Q3897374,https://cycletrip.pro/climbs/passo-del-muraglione
passo-del-muraglione,Passo del Muraglione,IT,Tuscany,from Portico e San Benedetto,3,21.8,616,2.8,12.4,907,43.9329,11.65478,44.03217,11.79315,Q3897374,https://cycletrip.pro/climbs/passo-del-muraglione
belateko-mendatea,Belateko mendatea,ES,Southern Pyrenees,from Berroeta,2,11.0,556,5.1,10.5,847,43.04907,-1.61453,43.10391,-1.59306,Q110463421,https://cycletrip.pro/climbs/belateko-mendatea
belateko-mendatea,Belateko mendatea,ES,Southern Pyrenees,from Ultzama,4,4.7,171,3.7,10.1,847,43.04907,-1.61453,43.02001,-1.63472,Q110463421,https://cycletrip.pro/climbs/belateko-mendatea
alto-de-mougas,Alto de Mougás,ES,Galicia,from Baiona,2,11.9,582,4.9,15.1,632,42.06431,-8.8316,42.1202,-8.85431,,https://cycletrip.pro/climbs/alto-de-mougas
alto-de-mougas,Alto de Mougás,ES,Galicia,from O Calvario,3,14.8,540,3.7,12.3,632,42.06431,-8.8316,41.96358,-8.82272,,https://cycletrip.pro/climbs/alto-de-mougas
passo-dei-tre-termini,Passo dei Tre Termini,IT,Lombardy,from Pilzone,2,8.2,479,5.9,10.0,681,45.66056,10.10603,45.66016,10.0546,Q18785538,https://cycletrip.pro/climbs/passo-dei-tre-termini
passo-dei-tre-termini,Passo dei Tre Termini,IT,Lombardy,from Zanano,3,8.8,390,4.4,10.5,681,45.66056,10.10603,45.66765,10.19221,Q18785538,https://cycletrip.pro/climbs/passo-dei-tre-termini
col-des-moises,Col des Moises,FR,French Alps,from Draillant,2,5.5,395,7.2,10.8,1121,46.27757,6.46696,46.30137,6.46395,Q2982228,https://cycletrip.pro/climbs/col-des-moises
col-des-moises,Col des Moises,FR,French Alps,from Villard,3,8.2,321,3.9,7.9,1121,46.27757,6.46696,46.21925,6.44149,Q2982228,https://cycletrip.pro/climbs/col-des-moises
col-de-ch-teauneuf,Col de Châteauneuf,FR,French Alps,from Contes,2,6.7,434,6.5,13.7,627,43.80038,7.29278,43.80789,7.31354,Q2982030,https://cycletrip.pro/climbs/col-de-ch-teauneuf
col-de-ch-teauneuf,Col de Châteauneuf,FR,French Alps,from Tourrette-Levens,3,5.5,243,4.4,10.4,627,43.80038,7.29278,43.80005,7.27371,Q2982030,https://cycletrip.pro/climbs/col-de-ch-teauneuf
col-des-arces,Col des Arces,FR,French Alps,from Lullin,2,3.0,291,9.7,13.7,1164,46.26853,6.49215,46.27796,6.51527,Q2982204,https://cycletrip.pro/climbs/col-des-arces
col-des-arces,Col des Arces,FR,French Alps,from Villard,3,7.6,378,5.0,13.0,1164,46.26853,6.49215,46.2189,6.44099,Q2982204,https://cycletrip.pro/climbs/col-des-arces
passo-duron,Passo Duron,IT,Friuli,from Paluzza / Paluce,2,7.5,458,6.1,13.0,1038,46.54101,13.07811,46.52405,13.00976,,https://cycletrip.pro/climbs/passo-duron
col-des-aravis,Col des Aravis,FR,French Alps,from Flumet,2,11.6,563,4.9,14.1,1487,45.87228,6.46487,45.81943,6.51627,Q533689,https://cycletrip.pro/climbs/col-des-aravis
col-des-aravis,Col des Aravis,FR,French Alps,from La Clusaz,2,7.7,444,5.8,9.0,1487,45.87228,6.46487,45.90605,6.42205,Q533689,https://cycletrip.pro/climbs/col-des-aravis
col-de-richemond,Col de Richemond,FR,Jura,from Billiat,2,9.9,523,5.3,10.4,1060,46.00827,5.74838,46.06953,5.78249,Q2644039,https://cycletrip.pro/climbs/col-de-richemond
col-de-richemond,Col de Richemond,FR,Jura,from Boirin,3,9.0,342,3.8,8.0,1060,46.00827,5.74838,45.94742,5.72342,Q2644039,https://cycletrip.pro/climbs/col-de-richemond
passo-della-sentinella-salerno,Passo della Sentinella (Salerno),IT,Campania,from Aquara,2,22.7,803,3.5,12.4,932,40.41952,15.41817,40.42112,15.2659,Q3897407,https://cycletrip.pro/climbs/passo-della-sentinella-salerno
passo-della-sentinella-salerno,Passo della Sentinella (Salerno),IT,Campania,from San Pietro al Tanagro,2,12.1,506,4.2,10.0,932,40.41952,15.41817,40.44344,15.50492,Q3897407,https://cycletrip.pro/climbs/passo-della-sentinella-salerno
larra-belagua,Larra-Belagua,FR,Pyrenees,from Roncal / Erronkari,2,28.8,883,3.1,11.4,1587,42.95693,-0.80351,42.80632,-0.95633,,https://cycletrip.pro/climbs/larra-belagua
puerto-de-la-matanela,Puerto de La Matanela,ES,Cantabria,from Vega de Pas,2,16.4,670,4.1,12.0,946,43.07227,-3.84762,43.16065,-3.82224,Q6092085,https://cycletrip.pro/climbs/puerto-de-la-matanela
passo-xomo,Passo Xomo,IT,Veneto,from Posina,2,4.2,340,8.1,15.1,1058,45.7771,11.23755,45.7852,11.24718,Q3897350,https://cycletrip.pro/climbs/passo-xomo
passo-xomo,Passo Xomo,IT,Veneto,from Schio,3,9.5,433,4.6,12.8,1058,45.7771,11.23755,45.74034,11.30709,Q3897350,https://cycletrip.pro/climbs/passo-xomo
passo-xomo,Passo Xomo,IT,Veneto,from Valli del Pasubio,4,5.3,142,2.7,11.5,1058,45.7771,11.23755,45.76375,11.19491,Q3897350,https://cycletrip.pro/climbs/passo-xomo
col-de-teghime,Col de Teghime,FR,Corsica,from Bastia,2,10.2,486,4.8,10.2,536,42.67712,9.38276,42.7034,9.44232,Q2982128,https://cycletrip.pro/climbs/col-de-teghime
col-de-teghime,Col de Teghime,FR,Corsica,from Oletta,3,9.3,347,3.7,10.2,536,42.67712,9.38276,42.63037,9.35329,Q2982128,https://cycletrip.pro/climbs/col-de-teghime
col-de-teghime,Col de Teghime,FR,Corsica,from Patrimonio,2,9.4,505,5.4,11.5,536,42.67712,9.38276,42.69553,9.33329,Q2982128,https://cycletrip.pro/climbs/col-de-teghime
alto-del-tenebreo,Alto del Tenebreo,ES,Asturias,from La Rienda,3,7.2,384,5.3,13.8,512,43.29258,-5.9647,43.32994,-5.93296,,https://cycletrip.pro/climbs/alto-del-tenebreo
alto-del-tenebreo,Alto del Tenebreo,ES,Asturias,from Villanueva,2,3.7,319,8.6,20.2,512,43.29258,-5.9647,43.27457,-5.99537,,https://cycletrip.pro/climbs/alto-del-tenebreo
passo-del-brattello,Passo del Brattello,IT,Tuscany,from Borgo Val di Taro,2,12.1,554,4.6,12.5,950,44.45826,9.82476,44.48423,9.76672,Q3897359,https://cycletrip.pro/climbs/passo-del-brattello
passo-del-brattello,Passo del Brattello,IT,Tuscany,from Pontremoli,2,17.7,686,3.9,9.3,950,44.45826,9.82476,44.38681,9.88406,Q3897359,https://cycletrip.pro/climbs/passo-del-brattello
portella-chiarino,Portella Chiarino,IT,Sicily,from Salice,2,4.3,340,7.9,14.5,830,38.18896,15.48107,38.21561,15.50608,,https://cycletrip.pro/climbs/portella-chiarino
sollube,Sollube,ES,Basque Country,from Bakio,2,6.4,370,5.8,13.9,430,43.40533,-2.76053,43.41902,-2.81138,,https://cycletrip.pro/climbs/sollube
sollube,Sollube,ES,Basque Country,from Bermeo,2,4.3,339,7.9,14.1,430,43.40533,-2.76053,43.4194,-2.73387,,https://cycletrip.pro/climbs/sollube
sollube,Sollube,ES,Basque Country,from Meñaka,3,7.5,302,4.0,11.9,430,43.40533,-2.76053,43.37335,-2.8015,,https://cycletrip.pro/climbs/sollube
alto-de-fonfria,Alto de Fonfría,ES,Galicia,from A Caniza,4,7.7,233,3.0,8.2,801,42.22823,-8.31925,42.21466,-8.27752,,https://cycletrip.pro/climbs/alto-de-fonfria
alto-de-fonfria,Alto de Fonfría,ES,Galicia,from Ponteareas,2,21.9,760,3.5,9.2,801,42.22823,-8.31925,42.1767,-8.50241,,https://cycletrip.pro/climbs/alto-de-fonfria
elurretxe,Elurretxe,ES,Basque Country,from Elizalde,3,8.0,350,4.4,11.7,502,43.29529,-1.78639,43.30644,-1.84718,,https://cycletrip.pro/climbs/elurretxe
elurretxe,Elurretxe,ES,Basque Country,from Irun,2,9.2,500,5.4,18.8,502,43.29529,-1.78639,43.33773,-1.77794,,https://cycletrip.pro/climbs/elurretxe
col-de-la-croix-des-moinats,Col de la Croix des Moinats,FR,Vosges,from Cornimont,2,5.3,375,7.1,11.0,891,47.98746,6.81698,47.96433,6.8358,Q2982171,https://cycletrip.pro/climbs/col-de-la-croix-des-moinats
col-de-la-croix-des-moinats,Col de la Croix des Moinats,FR,Vosges,from La Bresse,3,5.0,199,4.0,7.1,891,47.98746,6.81698,48.00479,6.87097,Q2982171,https://cycletrip.pro/climbs/col-de-la-croix-des-moinats
col-de-la-croix-des-moinats,Col de la Croix des Moinats,FR,Vosges,from Vagney,2,8.9,483,5.4,9.0,891,47.98746,6.81698,48.00679,6.7172,Q2982171,https://cycletrip.pro/climbs/col-de-la-croix-des-moinats
passo-della-mauria,Passo della Mauria,IT,Dolomites,from Forni di Sotto / For Disot,3,14.6,535,3.7,10.6,,46.45442,12.51334,46.39634,12.63257,Q1416769,https://cycletrip.pro/climbs/passo-della-mauria
passo-della-mauria,Passo della Mauria,IT,Dolomites,from Pelos di Cadore,2,12.6,581,4.6,10.8,,46.45442,12.51334,46.49874,12.45471,Q1416769,https://cycletrip.pro/climbs/passo-della-mauria
cote-de-saint-apollinaire,Côte de Saint-Apollinaire,FR,French Alps,from Savines-le-Lac,2,6.7,421,6.3,8.8,1208,44.56963,6.38031,44.53729,6.39227,,https://cycletrip.pro/climbs/cote-de-saint-apollinaire
col-de-cou,Col de Cou,FR,French Alps,from Allinges,2,13.1,589,4.5,10.1,1116,46.26241,6.454,46.34241,6.47694,Q2982041,https://cycletrip.pro/climbs/col-de-cou
col-de-cou,Col de Cou,FR,French Alps,from Villard,3,8.2,322,3.9,7.1,1116,46.26241,6.454,46.21917,6.44139,Q2982041,https://cycletrip.pro/climbs/col-de-cou
collado-de-xarquera,Collado de Xarquera,ES,Costa Blanca,from Alcoleja,2,4.9,359,7.3,11.6,1026,38.67885,-0.29715,38.6824,-0.33321,,https://cycletrip.pro/climbs/collado-de-xarquera
collado-de-xarquera,Collado de Xarquera,ES,Costa Blanca,from Confrides,3,2.6,204,7.9,11.8,1026,38.67885,-0.29715,38.68735,-0.28411,,https://cycletrip.pro/climbs/collado-de-xarquera
passo-zovo,Passo Zovo,IT,Veneto,from Schio,2,7.0,424,6.1,10.4,631,45.68397,11.30976,45.70803,11.35266,Q3897420,https://cycletrip.pro/climbs/passo-zovo
passo-zovo,Passo Zovo,IT,Veneto,from Valdagno,2,6.0,369,6.2,12.9,631,45.68397,11.30976,45.65506,11.29984,Q3897420,https://cycletrip.pro/climbs/passo-zovo
przelecz-okraj,Przełęcz Okraj,PL,Sudety,from Kostrzyca,2,16.2,641,4.0,10.3,1046,50.74688,15.82367,50.81785,15.80854,,https://cycletrip.pro/climbs/przelecz-okraj
przelecz-okraj,Przełęcz Okraj,PL,Sudety,from Svoboda nad Úpou,3,19.4,538,2.8,8.8,1046,50.74688,15.82367,50.62099,15.81861,,https://cycletrip.pro/climbs/przelecz-okraj
przelecz-pod-czolem,Przełęcz pod Czołem,PL,Sudety,from Karpacz,3,5.1,217,4.3,9.8,819,50.7867,15.72143,50.77582,15.75948,,https://cycletrip.pro/climbs/przelecz-pod-czolem
przelecz-pod-czolem,Przełęcz pod Czołem,PL,Sudety,from Sosnówka,2,7.7,447,5.8,10.1,819,50.7867,15.72143,50.8255,15.72338,,https://cycletrip.pro/climbs/przelecz-pod-czolem
col-du-bonhomme,Col du Bonhomme,FR,Vosges,from Fraize,3,10.2,452,4.4,9.0,949,48.16462,7.08,48.18392,7.00255,Q1107476,https://cycletrip.pro/climbs/col-du-bonhomme
col-du-bonhomme,Col du Bonhomme,FR,Vosges,from Kaysersberg-Vignoble,2,15.4,631,4.1,9.6,949,48.16462,7.08,48.15615,7.21785,Q1107476,https://cycletrip.pro/climbs/col-du-bonhomme
puerto-de-el-portill-n,Puerto de El Portillón,ES,Cantabria,from Arenas de Iguña,3,9.4,396,4.2,11.5,570,43.21308,-3.98439,43.18809,-4.0489,Q2877332,https://cycletrip.pro/climbs/puerto-de-el-portill-n
puerto-de-el-portill-n,Puerto de El Portillón,ES,Cantabria,from San Vicente de Toranzo,2,6.5,406,6.3,9.6,570,43.21308,-3.98439,43.21259,-3.93952,Q2877332,https://cycletrip.pro/climbs/puerto-de-el-portill-n
colletta-delle-salse,Colletta delle Salse,IT,Liguria,from Ormea,2,6.7,413,6.2,15.3,1623,44.11242,7.72585,44.13709,7.74855,Q3683014,https://cycletrip.pro/climbs/colletta-delle-salse
colletta-delle-salse,Colletta delle Salse,IT,Liguria,from Valcona Secae,2,5.5,372,6.8,12.6,1623,44.11242,7.72585,44.09769,7.74781,Q3683014,https://cycletrip.pro/climbs/colletta-delle-salse
karabieta,Karabieta,ES,Basque Country,from Eibar,2,6.7,418,6.2,12.7,565,43.14822,-2.48021,43.18379,-2.47454,,https://cycletrip.pro/climbs/karabieta
col-de-la-croix-morand,Col de la Croix-Morand,FR,Massif Central,from Chambon-sur-Lac,2,10.3,512,5.0,12.1,1401,45.59708,2.85082,45.57549,2.91649,Q2982165,https://cycletrip.pro/climbs/col-de-la-croix-morand
col-de-la-croix-morand,Col de la Croix-Morand,FR,Massif Central,from Mont-Dore,3,7.3,375,5.1,7.8,1401,45.59708,2.85082,45.57594,2.80663,Q2982165,https://cycletrip.pro/climbs/col-de-la-croix-morand
port-de-la-vall-debo,Port de la Vall d'Ebo,ES,Costa Blanca,from la Vall d'Ebo,3,3.3,162,4.9,9.1,540,38.81572,-0.13023,38.80836,-0.15645,,https://cycletrip.pro/climbs/port-de-la-vall-debo
port-de-la-vall-debo,Port de la Vall d'Ebo,ES,Costa Blanca,from Pego,2,8.2,458,5.6,13.0,540,38.81572,-0.13023,38.83239,-0.10568,,https://cycletrip.pro/climbs/port-de-la-vall-debo
portella-piano-verde,Portella Piano Verde,IT,Sicily,from Salice,2,7.1,428,6.0,13.2,902,38.1699,15.46652,38.21565,15.50635,,https://cycletrip.pro/climbs/portella-piano-verde
croce-serra,Croce Serra,IT,Piedmont,from Borgofranco d'Ivrea,2,11.5,538,4.7,11.8,854,45.53015,7.89023,45.51589,7.8622,,https://cycletrip.pro/climbs/croce-serra
croce-serra,Croce Serra,IT,Piedmont,from Netro,3,8.5,283,3.3,8.9,854,45.53015,7.89023,45.54518,7.95844,,https://cycletrip.pro/climbs/croce-serra
coll-de-la-creu-de-perv-s,Coll de la Creu de Pervés,ES,Southern Pyrenees,from Conca de Dalt,2,16.7,659,3.9,12.6,1334,42.35779,0.84215,42.29574,0.93575,Q11914551,https://cycletrip.pro/climbs/coll-de-la-creu-de-perv-s
coll-de-la-creu-de-perv-s,Coll de la Creu de Pervés,ES,Southern Pyrenees,from el Pont de Suert,3,13.0,504,3.9,13.0,1334,42.35779,0.84215,42.39082,0.74581,Q11914551,https://cycletrip.pro/climbs/coll-de-la-creu-de-perv-s
col-de-grimone,Col de Grimone,FR,,from Aix-en-Diois,2,30.2,877,2.9,15.2,1318,44.69145,5.65399,44.70776,5.40155,Q1107332,https://cycletrip.pro/climbs/col-de-grimone
col-de-grimone,Col de Grimone,FR,,from Lus-la-Croix-Haute,3,4.1,248,6.1,11.5,1318,44.69145,5.65399,44.6972,5.68272,Q1107332,https://cycletrip.pro/climbs/col-de-grimone
passo-eira,Passo Eira,IT,Lombardy,from Livigno,2,6.2,394,6.4,8.2,2208,46.53832,10.16642,46.53711,10.14129,Q1632095,https://cycletrip.pro/climbs/passo-eira
passo-eira,Passo Eira,IT,Lombardy,from Trepalle,3,2.8,191,6.9,10.5,2208,46.53832,10.16642,46.51644,10.17952,Q1632095,https://cycletrip.pro/climbs/passo-eira
portella-della-trovatura,Portella della Trovatura,IT,Sicily,from Lipari,2,6.2,393,6.4,12.4,416,38.38017,14.98791,38.36984,14.99394,,https://cycletrip.pro/climbs/portella-della-trovatura
portella-della-trovatura,Portella della Trovatura,IT,Sicily,from Vulcano Porto,2,7.9,418,5.3,11.2,416,38.38017,14.98791,38.41771,14.95804,,https://cycletrip.pro/climbs/portella-della-trovatura
przelecz-redzinki,Przełęcz Rędzinki,PL,Sudety,from Ciechanowice,2,6.0,391,6.5,14.9,800,50.82879,15.93853,50.85319,15.99833,,https://cycletrip.pro/climbs/przelecz-redzinki
przelecz-redzinki,Przełęcz Rędzinki,PL,Sudety,from Pisarzowice,3,6.5,309,4.8,12.4,800,50.82879,15.93853,50.77992,15.96517,,https://cycletrip.pro/climbs/przelecz-redzinki
coll-de-toralla,Coll de Toralla,ES,Southern Pyrenees,from la Pobla de Segur,2,5.3,365,6.9,14.3,944,42.26443,0.92015,42.25948,0.94986,Q17598231,https://cycletrip.pro/climbs/coll-de-toralla
colle-gallo,Colle Gallo,IT,Lombardy,from Casazza,2,7.5,435,5.8,12.0,754,45.75347,9.87387,45.73978,9.90668,Q3682734,https://cycletrip.pro/climbs/colle-gallo
colle-gallo,Colle Gallo,IT,Lombardy,from Vall'Alta,3,7.9,397,5.0,10.3,754,45.75347,9.87387,45.75778,9.82306,Q3682734,https://cycletrip.pro/climbs/colle-gallo
col-de-valorse,Col de Valorse,FR,Jura,from Haut Valromey,2,5.0,356,7.1,11.2,1099,45.99952,5.63843,45.99556,5.66163,Q137765876,https://cycletrip.pro/climbs/col-de-valorse
port-de-sa-creueta,Port de Sa Creueta,ES,Costa Blanca,from Alcalalí,3,23.3,558,2.4,10.7,780,38.71812,-0.14929,38.74802,-0.04629,,https://cycletrip.pro/climbs/port-de-sa-creueta
port-de-sa-creueta,Port de Sa Creueta,ES,Costa Blanca,from Bolulla,2,14.9,605,4.1,12.0,780,38.71812,-0.14929,38.66356,-0.10605,,https://cycletrip.pro/climbs/port-de-sa-creueta
monte-pana,Monte Pana,IT,Dolomites,from Santa Cristina Gherdëina - St. Christina in Gröden - Santa Cristina Valgardena,2,2.4,244,10.2,14.2,1619,46.55144,11.71758,46.55806,11.71716,,https://cycletrip.pro/climbs/monte-pana
rownica,Równica,PL,Beskidy,from Jaszowiec,2,5.9,382,6.5,13.6,880,49.7197,18.8522,49.69406,18.8312,,https://cycletrip.pro/climbs/rownica
col-du-chat,Col du Chat,FR,French Alps,from Bourdeau,2,4.1,312,7.6,11.9,638,45.69273,5.84745,45.67653,5.8523,Q2982251,https://cycletrip.pro/climbs/col-du-chat
col-du-chat,Col du Chat,FR,French Alps,from Saint-Jean-de-Chevelu,2,4.2,321,7.7,10.8,638,45.69273,5.84745,45.6892,5.81952,Q2982251,https://cycletrip.pro/climbs/col-du-chat
mont-poupet,Mont Poupet,FR,Jura,from Saint-Thiébaud,2,4.2,323,7.7,15.7,,46.97116,5.88598,46.96838,5.90401,,https://cycletrip.pro/climbs/mont-poupet
el-coll-de-la-garga,el Coll de la Garga,ES,Costa Blanca,from Castell de Castells,2,5.7,375,6.6,12.9,762,38.76843,-0.15157,38.75112,-0.15698,,https://cycletrip.pro/climbs/el-coll-de-la-garga
el-coll-de-la-garga,el Coll de la Garga,ES,Costa Blanca,from Fleix,3,3.0,237,7.9,10.5,762,38.76843,-0.15157,38.77317,-0.12556,,https://cycletrip.pro/climbs/el-coll-de-la-garga
col-amic,Col Amic,FR,Vosges,from Willer-sur-Thur,2,9.0,454,5.0,10.4,828,47.87549,7.12735,47.84443,7.07339,Q2981945,https://cycletrip.pro/climbs/col-amic
col-amic,Col Amic,FR,Vosges,from Wuenheim,2,11.2,531,4.7,13.2,828,47.87549,7.12735,47.87996,7.21272,Q2981945,https://cycletrip.pro/climbs/col-amic
col-du-pillon,Col du Pillon,IT,,from Le Sépey,2,11.2,529,4.7,12.5,1546,46.35343,7.2046,46.36064,7.07543,Q475548,https://cycletrip.pro/climbs/col-du-pillon
col-du-pillon,Col du Pillon,IT,,from Saanen,3,12.9,475,3.7,10.5,1546,46.35343,7.2046,46.43701,7.27287,Q475548,https://cycletrip.pro/climbs/col-du-pillon
passo-del-brallo,Passo del Brallo,IT,Lombardy,from Brallo di Pregola,2,12.2,549,4.5,9.9,951,44.73835,9.28088,44.68895,9.30529,Q3897356,https://cycletrip.pro/climbs/passo-del-brallo
passo-del-brallo,Passo del Brallo,IT,Lombardy,from Varzi,3,15.4,494,3.2,7.1,951,44.73835,9.28088,44.81571,9.21395,Q3897356,https://cycletrip.pro/climbs/passo-del-brallo
col-bayard,Col Bayard,FR,French Alps,from Gap,2,6.0,385,6.4,12.5,1246,44.61382,6.08114,44.57682,6.07409,Q1632966,https://cycletrip.pro/climbs/col-bayard
col-bayard,Col Bayard,FR,French Alps,from La Fare-en-Champsaur,3,7.0,275,3.9,10.7,1246,44.61382,6.08114,44.67364,6.07364,Q1632966,https://cycletrip.pro/climbs/col-bayard
puerto-de-malangosto,Puerto de Malangosto,ES,Sierra de Guadarrama,from Basardilla,2,6.0,381,6.4,16.1,1928,40.95653,-3.90445,40.9684,-3.96182,Q23995473,https://cycletrip.pro/climbs/puerto-de-malangosto
baratzar,Baratzar,ES,Basque Country,from Zeanuri,2,8.1,443,5.5,10.7,605,43.06593,-2.71181,43.10669,-2.75416,,https://cycletrip.pro/climbs/baratzar
col-du-bel-homme,Col du Bel Homme,FR,Provence,from Bargemon,2,7.8,437,5.6,9.6,915,43.63988,6.56879,43.62164,6.55261,,https://cycletrip.pro/climbs/col-du-bel-homme
puerto-de-la-fuenfr-a,Puerto de la Fuenfría,ES,Sierra de Guadarrama,from Cercedilla,3,10.1,449,4.4,11.3,1796,40.79222,-4.05985,40.76183,-4.07125,Q6092315,https://cycletrip.pro/climbs/puerto-de-la-fuenfr-a
puerto-de-la-fuenfr-a,Puerto de la Fuenfría,ES,Sierra de Guadarrama,from Valsaín,2,13.8,578,4.2,11.6,1796,40.79222,-4.05985,40.88107,-4.02881,Q6092315,https://cycletrip.pro/climbs/puerto-de-la-fuenfr-a
alto-de-la-comella,Alto de La Comella,AD,Andorra,from Andorra la Vella,2,3.9,307,7.9,16.8,1306,42.50044,1.52986,42.5038,1.51939,,https://cycletrip.pro/climbs/alto-de-la-comella
col-des-gets,Col des Gets,FR,French Alps,from Taninges,2,11.5,524,4.6,10.8,1172,46.16038,6.66908,46.10779,6.59116,Q2982216,https://cycletrip.pro/climbs/col-des-gets
alto-de-la-estranguada,Alto de la Estranguada,ES,Cantabria,from Saro,2,2.2,230,10.5,18.2,475,43.26521,-3.77271,43.26042,-3.7877,,https://cycletrip.pro/climbs/alto-de-la-estranguada
passo-di-viamaggio,Passo di Viamaggio,IT,Tuscany,from Novafeltria,3,34.6,699,2.0,12.6,983,43.68258,12.11641,43.86654,12.28415,Q3368399,https://cycletrip.pro/climbs/passo-di-viamaggio
passo-di-viamaggio,Passo di Viamaggio,IT,Tuscany,from Pieve Santo Stefano,2,13.3,543,4.1,10.3,983,43.68258,12.11641,43.6649,12.04642,Q3368399,https://cycletrip.pro/climbs/passo-di-viamaggio
passo-di-viamaggio,Passo di Viamaggio,IT,Tuscany,from Sansepolcro,2,17.7,646,3.7,8.3,983,43.68258,12.11641,43.58035,12.12527,Q3368399,https://cycletrip.pro/climbs/passo-di-viamaggio
col-du-hundsruck,Col du Hundsruck,FR,Vosges,from Bitschwiller-lès-Thann,2,6.3,393,6.2,14.7,748,47.80631,7.04246,47.82899,7.07976,Q1107479,https://cycletrip.pro/climbs/col-du-hundsruck
col-du-hundsruck,Col du Hundsruck,FR,Vosges,from Houppach,3,8.6,344,4.0,12.6,748,47.80631,7.04246,47.77511,6.99841,Q1107479,https://cycletrip.pro/climbs/col-du-hundsruck
gora-zar,Góra Żar,PL,Beskidy,from Międzybrodzie Żywieckie,2,8.0,437,5.5,11.6,761,49.7872,19.2238,49.76729,19.20757,,https://cycletrip.pro/climbs/gora-zar
colle-dei-giovetti,Colle dei Giovetti,IT,Liguria,from Bagnasco,2,8.6,451,5.3,10.8,913,44.27915,8.09635,44.30744,8.05363,Q3682757,https://cycletrip.pro/climbs/colle-dei-giovetti
colle-dei-giovetti,Colle dei Giovetti,IT,Liguria,from Calizzano,3,5.2,305,5.9,10.2,913,44.27915,8.09635,44.26658,8.11691,Q3682757,https://cycletrip.pro/climbs/colle-dei-giovetti
santuario-di-montecastello,Santuario di Montecastello,IT,Lombardy,from Muslone,2,7.7,433,5.6,17.0,,45.74215,10.73342,45.71426,10.70114,,https://cycletrip.pro/climbs/santuario-di-montecastello
portella-croce-di-cumia,Portella Croce di Cumia,IT,Sicily,from San Michele,2,5.7,368,6.5,15.3,850,38.17907,15.47569,38.21594,15.50657,,https://cycletrip.pro/climbs/portella-croce-di-cumia
col-des-bagenelles,Col des Bagenelles,FR,Vosges,from Le Bonhomme,3,4.4,215,4.9,10.6,905,48.19248,7.11394,48.17226,7.11485,Q2982208,https://cycletrip.pro/climbs/col-des-bagenelles
col-des-bagenelles,Col des Bagenelles,FR,Vosges,from Sainte-Marie-aux-Mines,2,11.3,524,4.6,12.3,905,48.19248,7.11394,48.2437,7.18093,Q2982208,https://cycletrip.pro/climbs/col-des-bagenelles
parlasco,Parlasco,IT,Lombardy,from Bellano,2,6.4,391,6.1,13.5,588,46.02017,9.33071,46.04407,9.30306,,https://cycletrip.pro/climbs/parlasco
col-de-la-croix-saint-robert,Col de la Croix Saint-Robert,FR,Massif Central,from Chambon-sur-Lac,3,9.1,330,3.6,9.7,1451,45.5641,2.83597,45.54509,2.87103,Q2982164,https://cycletrip.pro/climbs/col-de-la-croix-saint-robert
col-de-la-croix-saint-robert,Col de la Croix Saint-Robert,FR,Massif Central,from Mont-Dore,2,5.8,369,6.4,10.3,1451,45.5641,2.83597,45.56824,2.8131,Q2982164,https://cycletrip.pro/climbs/col-de-la-croix-saint-robert
przelecz-karkonoska,Przełęcz Karkonoska,PL,Sudety,from Labská,2,9.5,475,5.0,8.6,1198,50.76283,15.634,50.72531,15.60653,,https://cycletrip.pro/climbs/przelecz-karkonoska
kreuzbergpass-passo-monte-croce-di-comelico,Kreuzbergpass - Passo Monte Croce di Comelico,IT,Dolomites,from Santo Stefano di Cadore,2,24.7,774,3.1,11.5,1636,46.65594,12.42011,46.53919,12.52701,Q360740,https://cycletrip.pro/climbs/kreuzbergpass-passo-monte-croce-di-comelico
kreuzbergpass-passo-monte-croce-di-comelico,Kreuzbergpass - Passo Monte Croce di Comelico,IT,Dolomites,from Welsberg - Monguelfo,3,28.4,550,1.9,11.2,1636,46.65594,12.42011,46.7512,12.11195,Q360740,https://cycletrip.pro/climbs/kreuzbergpass-passo-monte-croce-di-comelico
raso-de-la-cruz,Raso de la Cruz,ES,Canary Islands,from Los Pedacitos,2,10.3,493,4.8,20.3,580,28.19368,-17.23347,28.17445,-17.18702,,https://cycletrip.pro/climbs/raso-de-la-cruz
raso-de-la-cruz,Raso de la Cruz,ES,Canary Islands,from Rosa de las Piedras,2,7.2,401,5.6,18.6,580,28.19368,-17.23347,28.18024,-17.26335,,https://cycletrip.pro/climbs/raso-de-la-cruz
passo-di-fregarolo,Passo di Fregarolo,IT,Liguria,from Fontanigorda,2,4.0,308,7.7,14.6,1203,44.51741,9.31924,44.52696,9.30868,Q3897434,https://cycletrip.pro/climbs/passo-di-fregarolo
passo-di-fregarolo,Passo di Fregarolo,IT,Liguria,from Rezzoaglio,2,6.3,380,6.0,12.0,1203,44.51741,9.31924,44.49488,9.34554,Q3897434,https://cycletrip.pro/climbs/passo-di-fregarolo
col-de-l-chelle,Col de l'Échelle,FR,French Alps,from Bardonecchia,2,10.7,500,4.7,10.7,1762,45.02648,6.65699,45.07185,6.69604,Q1107877,https://cycletrip.pro/climbs/col-de-l-chelle
col-de-l-chelle,Col de l'Échelle,FR,French Alps,from Roubion,3,2.7,191,7.1,10.2,1762,45.02648,6.65699,45.01679,6.63601,Q1107877,https://cycletrip.pro/climbs/col-de-l-chelle
collet-dels-estudis,Collet dels Estudis,ES,Southern Pyrenees,from la Molsosa,3,11.9,346,2.9,13.1,887,41.83938,1.54843,41.77708,1.50854,Q17598747,https://cycletrip.pro/climbs/collet-dels-estudis
collet-dels-estudis,Collet dels Estudis,ES,Southern Pyrenees,from Pinós,2,4.3,318,7.4,14.1,887,41.83938,1.54843,41.83113,1.58783,Q17598747,https://cycletrip.pro/climbs/collet-dels-estudis
passo-del-bracco,Passo del Bracco,IT,Liguria,from Carrodano,2,10.1,464,4.6,12.0,612,44.24948,9.56974,44.23955,9.6566,Q1726226,https://cycletrip.pro/climbs/passo-del-bracco
passo-del-bracco,Passo del Bracco,IT,Liguria,from Riva Trigoso,2,16.3,621,3.8,10.5,612,44.24948,9.56974,44.26881,9.41591,Q1726226,https://cycletrip.pro/climbs/passo-del-bracco
colle-del-ghisallo,Colle del Ghisallo,IT,Lombardy,from Asso,3,8.6,342,4.0,9.8,,45.92369,9.26715,45.86163,9.27014,,https://cycletrip.pro/climbs/colle-del-ghisallo
colle-del-ghisallo,Colle del Ghisallo,IT,Lombardy,from Limonta,2,14.0,575,4.1,14.7,,45.92369,9.26715,45.94667,9.27826,,https://cycletrip.pro/climbs/colle-del-ghisallo
wolfgangpass,Wolfgangpass,IT,,from Klosters,2,5.4,358,6.6,13.4,1630,46.83266,9.85374,46.8586,9.8814,Q385232,https://cycletrip.pro/climbs/wolfgangpass
col-davaye,Col d'Avaye,FR,Provence,from Fayence,2,10.6,497,4.7,9.3,720,43.66793,6.68022,43.62517,6.68275,,https://cycletrip.pro/climbs/col-davaye
azkarate-mendatea,Azkarate mendatea,ES,Basque Country,from Azkoitia,3,5.6,284,5.1,11.5,410,43.20311,-2.36216,43.17526,-2.32,,https://cycletrip.pro/climbs/azkarate-mendatea
azkarate-mendatea,Azkarate mendatea,ES,Basque Country,from Elgoibar,2,5.7,365,6.4,10.0,410,43.20311,-2.36216,43.21561,-2.41092,,https://cycletrip.pro/climbs/azkarate-mendatea
cote-de-longeville,Côte de Longeville,FR,Jura,from Lods,2,8.3,442,5.3,11.5,824,47.01477,6.23491,47.04325,6.25069,,https://cycletrip.pro/climbs/cote-de-longeville
passo-del-turchino,Passo del Turchino,IT,Liguria,from Genova,2,11.5,517,4.5,14.3,530,44.4879,8.73383,44.43101,8.75192,Q669026,https://cycletrip.pro/climbs/passo-del-turchino
passo-del-turchino,Passo del Turchino,IT,Liguria,from Gnocchetto,4,17.4,284,1.6,10.4,530,44.4879,8.73383,44.59655,8.66454,Q669026,https://cycletrip.pro/climbs/passo-del-turchino
col-de-la-frache,Col de La Frache,FR,Provence,from Saint-Jaume,2,16.1,614,3.8,9.5,1319,44.16017,5.34829,44.09245,5.38497,,https://cycletrip.pro/climbs/col-de-la-frache
la-portella-2,La Portella,IT,Sicily,from Vulcano Porto,2,7.4,413,5.6,11.7,423,38.37691,14.98334,38.41744,14.95831,,https://cycletrip.pro/climbs/la-portella-2
col-de-herrenfluh,Col de Herrenfluh,FR,Vosges,from Hartmannswiller,2,14.5,583,4.0,10.0,835,47.84554,7.14337,47.86307,7.21015,Q18005369,https://cycletrip.pro/climbs/col-de-herrenfluh
passo-sommo,Passo Sommo,IT,Dolomites,from Costa di Folgaria,3,2.9,200,6.9,11.7,1341,45.91955,11.20625,45.91257,11.17836,Q1488667,https://cycletrip.pro/climbs/passo-sommo
passo-sommo,Passo Sommo,IT,Dolomites,from San Sebastiano,2,3.7,291,7.9,11.8,1341,45.91955,11.20625,45.93588,11.22705,Q1488667,https://cycletrip.pro/climbs/passo-sommo
col-du-firstplan,Col du Firstplan,FR,Vosges,from Soultzmatt,2,10.2,479,4.7,12.3,722,47.99926,7.18512,47.95689,7.24912,Q2982267,https://cycletrip.pro/climbs/col-du-firstplan
col-du-firstplan,Col du Firstplan,FR,Vosges,from Wihr-au-Val,2,7.1,407,5.7,12.4,722,47.99926,7.18512,48.04452,7.2064,Q2982267,https://cycletrip.pro/climbs/col-du-firstplan
passo-del-carnaio,Passo del Carnaio,IT,Northern Apennines,from San Piero in Bagno,3,5.3,295,5.6,12.3,776,43.89505,11.95649,43.86479,11.97731,Q3897363,https://cycletrip.pro/climbs/passo-del-carnaio
passo-del-carnaio,Passo del Carnaio,IT,Northern Apennines,from Santa Sofia,2,10.9,505,4.6,11.7,776,43.89505,11.95649,43.94627,11.91009,Q3897363,https://cycletrip.pro/climbs/passo-del-carnaio
castelmola,Castelmola,IT,Sicily,from Taormina,2,7.9,426,5.4,15.7,,37.85835,15.27732,37.84658,15.29628,,https://cycletrip.pro/climbs/castelmola
col-d-gat,Col d'Égat,FR,Pyrenees,from Llívia,2,7.6,416,5.5,9.1,1614,42.49141,2.01042,42.46314,1.97984,Q11914473,https://cycletrip.pro/climbs/col-d-gat
piano-provenzana,Piano Provenzana,IT,Sicily,from Linguaglossa,2,2.9,257,8.9,13.8,,37.79814,15.03842,37.79714,15.06162,,https://cycletrip.pro/climbs/piano-provenzana
puig-de-sant-salvador,Puig de Sant Salvador,ES,Mallorca,from Felanitx,2,4.8,330,6.9,14.2,510,39.45554,3.18552,39.47112,3.16811,,https://cycletrip.pro/climbs/puig-de-sant-salvador
forca-caruso,Forca Caruso,IT,Central Apennines,from Aielli,3,13.8,421,3.1,8.3,1100,42.06388,13.70582,42.05629,13.58104,Q3747926,https://cycletrip.pro/climbs/forca-caruso
forca-caruso,Forca Caruso,IT,Central Apennines,from Raiano,2,20.9,695,3.3,10.1,1100,42.06388,13.70582,42.12617,13.77118,Q3747926,https://cycletrip.pro/climbs/forca-caruso
cote-de-la-baraque,Côte de La Baraque,FR,Massif Central,from Clermont-Ferrand,2,6.5,382,5.9,10.9,765,45.78064,3.02486,45.78966,3.08143,,https://cycletrip.pro/climbs/cote-de-la-baraque
portella-san-rizzo,Portella San Rizzo,IT,Sicily,from Calvaruso,3,10.5,466,4.4,12.7,465,38.21558,15.50595,38.24065,15.43973,,https://cycletrip.pro/climbs/portella-san-rizzo
portella-san-rizzo,Portella San Rizzo,IT,Sicily,from Messina,2,9.0,451,5.0,11.3,465,38.21558,15.50595,38.20452,15.55703,,https://cycletrip.pro/climbs/portella-san-rizzo
portella-san-rizzo,Portella San Rizzo,IT,Sicily,from Salice,3,14.0,377,2.7,12.3,465,38.21558,15.50595,38.29427,15.54105,,https://cycletrip.pro/climbs/portella-san-rizzo
passo-del-ginestro,Passo del Ginestro,IT,Liguria,from Andora,2,16.9,605,3.6,13.6,677,44.00709,7.99095,43.99757,8.11207,Q942012,https://cycletrip.pro/climbs/passo-del-ginestro
passo-del-ginestro,Passo del Ginestro,IT,Liguria,from Garlenda,2,16.4,608,3.7,10.1,677,44.00709,7.99095,44.03302,8.10469,Q942012,https://cycletrip.pro/climbs/passo-del-ginestro
przelecz-salmopolska,Przełęcz Salmopolska,PL,Beskidy,from Buczkowice,3,12.7,470,3.7,9.4,934,49.6648,18.96041,49.72796,19.06006,,https://cycletrip.pro/climbs/przelecz-salmopolska
przelecz-salmopolska,Przełęcz Salmopolska,PL,Beskidy,from Wisła,2,8.3,429,5.2,11.3,934,49.6648,18.96041,49.62976,18.91827,,https://cycletrip.pro/climbs/przelecz-salmopolska
comares,Comares,ES,Andalusia,from Benamargosa,2,7.1,395,5.6,18.4,,36.84944,-4.2481,36.83502,-4.20827,,https://cycletrip.pro/climbs/comares
genna-silana,Genna Silana,IT,Sardinia,from Orosei,2,35.6,890,2.5,12.3,1017,40.15854,9.50786,40.35592,9.65912,,https://cycletrip.pro/climbs/genna-silana
genna-silana,Genna Silana,IT,Sardinia,from Orthullè/Urzulei,3,10.2,311,3.0,10.1,1017,40.15854,9.50786,40.09716,9.5465,,https://cycletrip.pro/climbs/genna-silana
a-ga-idoira,A Gañidoira,ES,Galicia,from Muras,3,4.3,185,4.3,10.6,720,43.47877,-7.6839,43.45583,-7.72058,Q6092319,https://cycletrip.pro/climbs/a-ga-idoira
a-ga-idoira,A Gañidoira,ES,Galicia,from Viveiro,2,21.6,683,3.2,13.2,720,43.47877,-7.6839,43.6239,-7.60501,Q6092319,https://cycletrip.pro/climbs/a-ga-idoira
jaizkibel-mendatea,Jaizkibel Mendatea,ES,Basque Country,from Hondarribia,3,9.8,442,4.5,12.6,455,43.35075,-1.8514,43.35734,-1.794,,https://cycletrip.pro/climbs/jaizkibel-mendatea
jaizkibel-mendatea,Jaizkibel Mendatea,ES,Basque Country,from Pasaia,2,8.5,434,5.1,11.1,455,43.35075,-1.8514,43.32229,-1.91281,,https://cycletrip.pro/climbs/jaizkibel-mendatea
limone-piemonte,Limone Piemonte,IT,Piedmont,from Robilante,2,18.0,624,3.5,9.1,1380,44.16898,7.56903,44.28569,7.51923,,https://cycletrip.pro/climbs/limone-piemonte
v-p-e,Výpřež,DE,,from Liberec,2,5.9,359,6.1,9.8,770,50.74397,14.9787,50.74395,15.03615,Q15249808,https://cycletrip.pro/climbs/v-p-e
v-p-e,Výpřež,DE,,from Modlibohov,3,10.0,414,4.1,9.1,770,50.74397,14.9787,50.68231,14.98355,Q15249808,https://cycletrip.pro/climbs/v-p-e
barbaris,Barbaris,ES,Basque Country,from Segura,2,3.9,291,7.5,10.4,523,42.99964,-2.28124,43.00495,-2.26251,,https://cycletrip.pro/climbs/barbaris
barbaris,Barbaris,ES,Basque Country,from Zegama,3,4.1,242,5.9,8.9,523,42.99964,-2.28124,42.98408,-2.28831,,https://cycletrip.pro/climbs/barbaris
col-de-verde,Col de Verde,FR,Corsica,from Cozzano,3,16.2,545,3.4,10.6,1289,42.0282,9.19481,41.94258,9.16566,Q3682486,https://cycletrip.pro/climbs/col-de-verde
col-de-verde,Col de Verde,FR,Corsica,from Ghisoni,2,16.9,604,3.6,15.8,1289,42.0282,9.19481,42.10079,9.21057,Q3682486,https://cycletrip.pro/climbs/col-de-verde
forcella-franche,Forcella Franche,IT,Dolomites,from Rivamonte Agordino,2,8.1,419,5.2,12.2,991,46.23333,12.01318,46.26949,12.03509,Q3747943,https://cycletrip.pro/climbs/forcella-franche
kartitscher-sattel,Kartitscher Sattel,IT,,from Leisach-Gries,2,32.1,827,2.6,10.6,1525,46.71795,12.54104,46.80291,12.7451,Q1734610,https://cycletrip.pro/climbs/kartitscher-sattel
kartitscher-sattel,Kartitscher Sattel,IT,,from Liesing,3,23.6,521,2.2,11.0,1525,46.71795,12.54104,46.69083,12.82078,Q1734610,https://cycletrip.pro/climbs/kartitscher-sattel
cima-sappada,Cima Sappada,IT,Friuli,from Campolongo,3,13.2,339,2.6,15.2,1292,46.57018,12.72121,46.56513,12.5751,Q3676765,https://cycletrip.pro/climbs/cima-sappada
cima-sappada,Cima Sappada,IT,Friuli,from Sigilletto / Sighiet,2,10.7,478,4.5,13.6,1292,46.57018,12.72121,46.57031,12.81067,Q3676765,https://cycletrip.pro/climbs/cima-sappada
col-de-montmirat,Col de Montmirat,FR,Massif Central,from Ispagnac,2,10.7,486,4.5,10.3,1046,44.41876,3.54356,44.36727,3.5587,Q2982085,https://cycletrip.pro/climbs/col-de-montmirat
col-de-montmirat,Col de Montmirat,FR,Massif Central,from Saint-Étienne-du-Valdonnez,3,6.7,271,4.0,7.4,1046,44.41876,3.54356,44.45831,3.52449,Q2982085,https://cycletrip.pro/climbs/col-de-montmirat
iturburu-mendatea,Iturburu mendatea,ES,Basque Country,from Azpeitia,3,13.3,456,3.4,11.2,550,43.15098,-2.16229,43.17567,-2.25165,,https://cycletrip.pro/climbs/iturburu-mendatea
iturburu-mendatea,Iturburu mendatea,ES,Basque Country,from Tolosa,2,9.8,459,4.7,12.0,550,43.15098,-2.16229,43.12654,-2.08771,,https://cycletrip.pro/climbs/iturburu-mendatea
puerto-de-la-magdalena,Puerto de la Magdalena,ES,Cantabria,from Vega de Pas,2,21.1,681,3.2,12.8,1022,43.04225,-3.85073,43.16129,-3.82264,Q16623222,https://cycletrip.pro/climbs/puerto-de-la-magdalena
passo-gobbera,Passo Gobbera,IT,Dolomites,from Canal San Bovo,3,5.4,259,4.8,12.6,989,46.14761,11.75848,46.15468,11.73347,Q3897329,https://cycletrip.pro/climbs/passo-gobbera
passo-gobbera,Passo Gobbera,IT,Dolomites,from Imer,2,5.8,351,6.1,13.2,989,46.14761,11.75848,46.1508,11.79484,Q3897329,https://cycletrip.pro/climbs/passo-gobbera
forcella-di-bura,Forcella di Bura,IT,Lombardy,from Sant'Antonio Abbandonato,2,15.7,583,3.7,13.8,884,45.86023,9.58417,45.78686,9.62961,Q3747948,https://cycletrip.pro/climbs/forcella-di-bura
forcella-di-bura,Forcella di Bura,IT,Lombardy,from Vedeseta,4,7.0,219,3.1,13.5,884,45.86023,9.58417,45.88584,9.54121,Q3747948,https://cycletrip.pro/climbs/forcella-di-bura
col-de-morbieux,Col de Morbieux,FR,Vosges,from Ramonchamp,3,5.5,333,6.1,11.9,791,47.92503,6.76194,47.89474,6.7359,Q2982086,https://cycletrip.pro/climbs/col-de-morbieux
col-de-morbieux,Col de Morbieux,FR,Vosges,from Saulxures-sur-Moselotte,2,5.4,340,6.3,11.1,791,47.92503,6.76194,47.9462,6.76909,Q2982086,https://cycletrip.pro/climbs/col-de-morbieux
port-de-benifallim,Port de Benifallim,ES,Costa Blanca,from Benifallim,3,6.5,295,4.5,9.4,1015,38.64155,-0.40397,38.66654,-0.41675,,https://cycletrip.pro/climbs/port-de-benifallim
port-de-benifallim,Port de Benifallim,ES,Costa Blanca,from Xixona / Jijona,2,22.2,693,3.1,10.1,1015,38.64155,-0.40397,38.52487,-0.49574,,https://cycletrip.pro/climbs/port-de-benifallim
valico-del-pescino,Valico del Pescino,IT,Liguria,from Marsaglia,2,34.1,851,2.5,17.0,1179,44.58494,9.40618,44.70945,9.38236,Q4007959,https://cycletrip.pro/climbs/valico-del-pescino
valico-del-pescino,Valico del Pescino,IT,Liguria,from Ottone,4,8.1,189,2.3,10.4,1179,44.58494,9.40618,44.59834,9.37573,Q4007959,https://cycletrip.pro/climbs/valico-del-pescino
cruz-del-carmen,Cruz del Carmen,ES,Canary Islands,from La Cuesta,2,11.0,486,4.4,13.6,,28.53101,-16.27989,28.47763,-16.30714,,https://cycletrip.pro/climbs/cruz-del-carmen
cruz-del-carmen,Cruz del Carmen,ES,Canary Islands,from La Fortaleza,3,4.4,191,4.4,14.1,,28.53101,-16.27989,28.53346,-16.25151,,https://cycletrip.pro/climbs/cruz-del-carmen
cote-de-san-leo,Côte de San Leo,IT,Northern Apennines,from Novafeltria,2,5.0,325,6.5,12.4,531,43.89911,12.34927,43.91961,12.31372,,https://cycletrip.pro/climbs/cote-de-san-leo
passo-san-boldo,Passo San Boldo,IT,Dolomites,from Corbanese,2,16.2,579,3.6,38.7,706,46.006,12.16968,45.94553,12.23973,Q682359,https://cycletrip.pro/climbs/passo-san-boldo
passo-san-boldo,Passo San Boldo,IT,Dolomites,from Trichiana,3,10.9,381,3.5,8.8,706,46.006,12.16968,46.07797,12.1366,Q682359,https://cycletrip.pro/climbs/passo-san-boldo
coll-de-femenia,Coll de Femenia,ES,Mallorca,from Pollença,2,9.4,440,4.7,10.7,515,39.85559,2.90106,39.86775,2.97116,,https://cycletrip.pro/climbs/coll-de-femenia
col-du-tracol,Col du Tracol,FR,Massif Central,from Bourg-Argental,2,12.3,499,4.1,8.4,1030,45.25326,4.45729,45.29736,4.5661,Q2982323,https://cycletrip.pro/climbs/col-du-tracol
col-du-tracol,Col du Tracol,FR,Massif Central,from Dunières,4,9.1,222,2.4,8.8,1030,45.25326,4.45729,45.20991,4.37564,Q2982323,https://cycletrip.pro/climbs/col-du-tracol
puerto-de-las-munecas,Puerto de Las Muñecas,ES,Basque Country,from Castro-Urdiales,3,6.5,304,4.7,12.3,410,43.29999,-3.17061,43.33638,-3.20313,,https://cycletrip.pro/climbs/puerto-de-las-munecas
puerto-de-las-munecas,Puerto de Las Muñecas,ES,Basque Country,from La Baluga,2,4.1,289,7.1,12.2,410,43.29999,-3.17061,43.27572,-3.15774,,https://cycletrip.pro/climbs/puerto-de-las-munecas
col-du-page,Col du Page,FR,Vosges,from Bussang,4,4.5,154,3.4,12.2,957,47.91588,6.89091,47.89749,6.85937,Q2361562,https://cycletrip.pro/climbs/col-du-page
col-du-page,Col du Page,FR,Vosges,from Cornimont,2,10.2,462,4.5,11.1,957,47.91588,6.89091,47.95587,6.82607,Q2361562,https://cycletrip.pro/climbs/col-du-page
passo-forcola-di-livigno,Passo Forcola di Livigno,IT,Lombardy,from Livigno,2,8.6,421,4.9,10.0,2315,46.44094,10.05619,46.49218,10.11483,Q649544,https://cycletrip.pro/climbs/passo-forcola-di-livigno
passo-forcola-di-livigno,Passo Forcola di Livigno,IT,Lombardy,from Poschiavo,3,3.5,253,7.2,15.7,2315,46.44094,10.05619,46.41478,10.05013,Q649544,https://cycletrip.pro/climbs/passo-forcola-di-livigno
alto-del-caracol,Alto del Caracol,ES,Cantabria,from Liérganes,2,18.9,622,3.3,12.2,727,43.22539,-3.71689,43.32341,-3.74163,,https://cycletrip.pro/climbs/alto-del-caracol
coll-dhonor,Coll d'Honor,ES,Mallorca,from Palmanyola,2,7.3,389,5.3,8.8,550,39.72723,2.73134,39.69475,2.68675,,https://cycletrip.pro/climbs/coll-dhonor
col-des-chevr-res,Col des Chevrères,FR,Vosges,from Belonchamp,3,16.6,583,3.5,12.2,916,47.79133,6.74241,47.76367,6.61156,Q17461950,https://cycletrip.pro/climbs/col-des-chevr-res
coll-de-comiols,Coll de Comiols,ES,Southern Pyrenees,from Artesa de Segre,3,7.4,374,5.1,11.7,1101,42.05444,1.09013,42.01358,1.11381,Q11914488,https://cycletrip.pro/climbs/coll-de-comiols
coll-de-comiols,Coll de Comiols,ES,Southern Pyrenees,from Tremp,3,21.1,646,3.1,10.1,1101,42.05444,1.09013,42.13428,0.95034,Q11914488,https://cycletrip.pro/climbs/coll-de-comiols
norbertsh-he,Norbertshöhe,IT,,from Martina,3,6.9,374,5.4,10.1,1405,46.8951,10.48499,46.87725,10.45791,Q1446398,https://cycletrip.pro/climbs/norbertsh-he
pe-a-angulo,Peña Angulo,FR,,from Artziniega,3,13.9,521,3.8,13.6,725,43.0242,-3.19207,43.11891,-3.13801,Q18092491,https://cycletrip.pro/climbs/pe-a-angulo
la-bragu-a,La Braguía,ES,Cantabria,from Vega de Pas,3,6.7,351,5.2,11.9,720,43.17732,-3.79713,43.15641,-3.78328,Q108623772,https://cycletrip.pro/climbs/la-bragu-a
la-bragu-a,La Braguía,ES,Cantabria,from Villafufre,3,16.3,565,3.5,10.1,720,43.17732,-3.79713,43.26309,-3.8501,Q108623772,https://cycletrip.pro/climbs/la-bragu-a
col-des-l-ques,Col des Lèques,FR,French Alps,from Castellane,3,9.0,421,4.7,11.2,1148,43.86546,6.464,43.84648,6.51255,Q2982222,https://cycletrip.pro/climbs/col-des-l-ques
col-des-l-ques,Col des Lèques,FR,French Alps,from Senez,3,7.8,338,4.3,13.4,1148,43.86546,6.464,43.90177,6.41843,Q2982222,https://cycletrip.pro/climbs/col-des-l-ques
col-de-la-joux,Col de la Joux,FR,Jura,from Clairvaux-les-Lacs,3,11.8,487,4.1,12.7,,46.54262,5.85112,46.57349,5.75972,,https://cycletrip.pro/climbs/col-de-la-joux
passo-della-raticosa,Passo della Raticosa,IT,Tuscany,from Pian di Macina,3,34.1,805,2.4,15.3,968,44.17291,11.33842,44.38281,11.33618,Q3897403,https://cycletrip.pro/climbs/passo-della-raticosa
port-de-confrides,Port de Confrides,ES,Costa Blanca,from Benilloba,3,10.6,456,4.3,12.9,966,38.69734,-0.29883,38.6995,-0.3919,,https://cycletrip.pro/climbs/port-de-confrides
port-de-confrides,Port de Confrides,ES,Costa Blanca,from Benimantell,3,12.1,401,3.3,8.9,966,38.69734,-0.29883,38.67615,-0.21323,,https://cycletrip.pro/climbs/port-de-confrides
coll-de-l-espina,Coll de L'Espina,ES,Southern Pyrenees,from Montanuy / Montanui,3,11.1,466,4.2,10.1,1409,42.46561,0.61646,42.43964,0.7022,,https://cycletrip.pro/climbs/coll-de-l-espina
coll-de-montllobar,Coll de Montllobar,ES,Southern Pyrenees,from Talarn,3,12.8,500,3.9,16.2,962,42.15615,0.79803,42.15692,0.8977,Q11914507,https://cycletrip.pro/climbs/coll-de-montllobar
pitoniowka,Pitoniówka,PL,Podhale,from Bańska Niżna,3,2.3,210,9.2,14.4,877,49.39048,19.98061,49.40992,19.97969,,https://cycletrip.pro/climbs/pitoniowka
coll-de-rates,Coll de Rates,ES,Costa Blanca,from Orba,3,14.2,520,3.7,13.4,632,38.72361,-0.05948,38.79269,-0.06989,,https://cycletrip.pro/climbs/coll-de-rates
col-de-la-ventouse,Col de la Ventouse,FR,Massif Central,from Beaumont,3,15.7,553,3.5,8.1,964,45.68226,2.96661,45.74697,3.09236,Q2982203,https://cycletrip.pro/climbs/col-de-la-ventouse
col-de-la-ventouse,Col de la Ventouse,FR,Massif Central,from Nébouzat,4,8.9,155,1.8,6.7,964,45.68226,2.96661,45.72751,2.88974,Q2982203,https://cycletrip.pro/climbs/col-de-la-ventouse
portella-dello-zoppo,Portella dello Zoppo,IT,Sicily,from Murazzo Rotto,3,15.7,544,3.5,8.7,1263,37.9782,14.94377,37.88129,14.95038,,https://cycletrip.pro/climbs/portella-dello-zoppo
portella-dello-zoppo,Portella dello Zoppo,IT,Sicily,from San Giorgio,3,30.3,619,2.0,11.2,1263,37.9782,14.94377,38.0838,14.80739,,https://cycletrip.pro/climbs/portella-dello-zoppo
col-de-puymorens,Col de Puymorens,FR,Pyrenees,from L'Hospitalet-près-l'Andorre,3,8.0,390,4.9,7.6,1915,42.55962,1.81084,42.57901,1.79303,Q1607720,https://cycletrip.pro/climbs/col-de-puymorens
col-de-puymorens,Col de Puymorens,FR,Pyrenees,from Porta,3,7.7,358,4.7,8.2,1915,42.55962,1.81084,42.53774,1.82463,Q1607720,https://cycletrip.pro/climbs/col-de-puymorens
predel-passo-del-predil,Predel / Passo del Predil,IT,Friuli,from Kobarid,3,36.3,841,2.3,13.4,1156,46.41855,13.57817,46.25661,13.58323,Q1754407,https://cycletrip.pro/climbs/predel-passo-del-predil
predel-passo-del-predil,Predel / Passo del Predil,IT,Friuli,from Tarvisio / Tarvis / Trbiž,3,13.4,452,3.4,13.7,1156,46.41855,13.57817,46.50304,13.59432,Q1754407,https://cycletrip.pro/climbs/predel-passo-del-predil
puerto-de-cotos,Puerto de Cotos,ES,Sierra de Guadarrama,from Gargantilla del Lozoya y Pinilla de Buitrago,3,33.3,805,2.4,10.5,1830,40.82327,-3.96243,40.94353,-3.71733,Q3925446,https://cycletrip.pro/climbs/puerto-de-cotos
passo-di-fraele,Passo di Fraele,IT,Lombardy,from Premadio,3,18.7,589,3.2,12.9,1952,46.55271,10.25308,46.48569,10.34219,Q2056143,https://cycletrip.pro/climbs/passo-di-fraele
col-des-borderes,Col des Bordères,FR,Pyrenees,from Arrens-Marsous,3,3.9,274,7.0,13.3,1151,42.9527,-0.19763,42.95507,-0.21391,,https://cycletrip.pro/climbs/col-des-borderes
col-des-borderes,Col des Bordères,FR,Pyrenees,from Estaing,3,2.8,161,5.8,11.8,1151,42.9527,-0.19763,42.93974,-0.17858,,https://cycletrip.pro/climbs/col-des-borderes
colle-san-bartolomeo,Colle San Bartolomeo,IT,Liguria,from Calderara,3,4.6,292,6.4,10.1,625,44.01022,7.95205,44.03035,7.9395,Q3682745,https://cycletrip.pro/climbs/colle-san-bartolomeo
colle-san-bartolomeo,Colle San Bartolomeo,IT,Liguria,from Vessalico,3,9.8,427,4.4,14.0,625,44.01022,7.95205,44.04367,7.95817,Q3682745,https://cycletrip.pro/climbs/colle-san-bartolomeo
pas-de-finestres,Pas de Finestres,ES,Southern Pyrenees,from Isona,3,8.9,410,4.6,10.6,1045,42.13726,1.09847,42.115,1.05347,Q11940375,https://cycletrip.pro/climbs/pas-de-finestres
bocca-san-bastiano,Bocca San Bastiano,FR,Corsica,from Appietto,3,3.6,198,5.5,10.2,,42.02211,8.73438,42.00622,8.74508,,https://cycletrip.pro/climbs/bocca-san-bastiano
bocca-san-bastiano,Bocca San Bastiano,FR,Corsica,from Calcatoggio / Calcatoghju,3,8.1,390,4.8,8.5,,42.02211,8.73438,42.05413,8.74475,,https://cycletrip.pro/climbs/bocca-san-bastiano
mirador-del-ason,Mirador del Asón,ES,Cantabria,from Arredondo,3,6.9,358,5.2,12.4,,43.20549,-3.5851,43.25667,-3.60659,,https://cycletrip.pro/climbs/mirador-del-ason
col-du-fau,Col du Fau,FR,French Alps,from Saint-Martin-de-Clelles,4,9.3,154,1.7,10.0,899,44.90647,5.62606,44.85256,5.62017,Q2982263,https://cycletrip.pro/climbs/col-du-fau
col-du-fau,Col du Fau,FR,French Alps,from Vif,3,18.1,581,3.2,7.5,899,44.90647,5.62606,45.04876,5.66876,Q2982263,https://cycletrip.pro/climbs/col-du-fau
puchaczowka,Puchaczówka,PL,Kotlina Kłodzka,from Bystrzyca Kłodzka,3,14.0,476,3.4,12.7,862,50.26403,16.81359,50.29173,16.66301,,https://cycletrip.pro/climbs/puchaczowka
puchaczowka,Puchaczówka,PL,Kotlina Kłodzka,from Stronie Śląskie,3,7.7,374,4.9,10.5,862,50.26403,16.81359,50.30085,16.87454,,https://cycletrip.pro/climbs/puchaczowka
col-des-confins,Col des Confins,FR,French Alps,from La Clusaz,3,6.1,335,5.5,11.0,1425,45.92559,6.48254,45.90546,6.43379,Q106437095,https://cycletrip.pro/climbs/col-des-confins
gubalowka,Gubałówka,PL,Podhale,from Dzianisz,3,5.0,250,5.0,9.8,1130,49.30356,19.91149,49.3312,19.8674,,https://cycletrip.pro/climbs/gubalowka
gubalowka,Gubałówka,PL,Podhale,from Kościelisko,3,1.8,172,9.6,14.1,1130,49.30356,19.91149,49.29169,19.89894,,https://cycletrip.pro/climbs/gubalowka
gubalowka,Gubałówka,PL,Podhale,from Nowe Bystre,3,4.5,286,6.4,11.6,1130,49.30356,19.91149,49.33226,19.9232,,https://cycletrip.pro/climbs/gubalowka
mandubia,Mandubia,ES,Basque Country,from Azpeitia,3,12.1,396,3.3,11.2,532,43.08681,-2.24508,43.15063,-2.23803,,https://cycletrip.pro/climbs/mandubia
mandubia,Mandubia,ES,Basque Country,from Beasain,3,7.3,364,5.0,11.5,532,43.08681,-2.24508,43.04989,-2.21831,,https://cycletrip.pro/climbs/mandubia
vetta-le-croci,Vetta le Croci,IT,Tuscany,from Borgo San Lorenzo,3,8.3,286,3.5,11.8,518,43.86596,11.34183,43.92724,11.35123,Q4010503,https://cycletrip.pro/climbs/vetta-le-croci
vetta-le-croci,Vetta le Croci,IT,Tuscany,from Firenze,3,11.4,457,4.0,9.3,518,43.86596,11.34183,43.79377,11.27213,Q4010503,https://cycletrip.pro/climbs/vetta-le-croci
col-des-montets,Col des Montets,FR,French Alps,from Chamonix-Mont-Blanc,3,9.0,402,4.5,10.1,,46.00391,6.92363,45.94238,6.88873,,https://cycletrip.pro/climbs/col-des-montets
col-des-montets,Col des Montets,FR,French Alps,from Trient,3,7.9,350,4.4,9.7,,46.00391,6.92363,46.0599,6.96198,,https://cycletrip.pro/climbs/col-des-montets
przelecz-woliborska,Przełęcz Woliborska,PL,Kotlina Kłodzka,from Bielawa,3,7.9,375,4.8,10.3,711,50.62327,16.58809,50.67382,16.60409,,https://cycletrip.pro/climbs/przelecz-woliborska
przelecz-woliborska,Przełęcz Woliborska,PL,Kotlina Kłodzka,from Wolibórz,3,7.0,251,3.6,7.8,711,50.62327,16.58809,50.58935,16.55106,,https://cycletrip.pro/climbs/przelecz-woliborska
col-du-donon,Col du Donon,FR,,from Schirmeck,3,9.4,414,4.4,12.5,727,48.50725,7.14623,48.47777,7.21757,Q2982262,https://cycletrip.pro/climbs/col-du-donon
col-du-donon,Col du Donon,FR,,from Turquestein-Blancrupt,3,12.7,355,2.8,9.7,727,48.50725,7.14623,48.5692,7.09439,Q2982262,https://cycletrip.pro/climbs/col-du-donon
col-du-donon,Col du Donon,FR,,from Vexaincourt,3,8.0,338,4.2,11.0,727,48.50725,7.14623,48.49641,7.05629,Q2982262,https://cycletrip.pro/climbs/col-du-donon
col-de-murs,Col de Murs,FR,Provence,from Roussillon,3,12.3,413,3.4,9.0,627,43.97708,5.22591,43.92652,5.29664,,https://cycletrip.pro/climbs/col-de-murs
col-de-murs,Col de Murs,FR,Provence,from Venasque,3,11.9,465,3.9,8.4,627,43.97708,5.22591,44.01223,5.13846,,https://cycletrip.pro/climbs/col-de-murs
cumbre-de-masca,Cumbre de Masca,ES,Canary Islands,from Masca,3,2.0,190,9.5,14.8,,28.31563,-16.84108,28.30735,-16.84036,,https://cycletrip.pro/climbs/cumbre-de-masca
lisia-przelecz,Lisia Przełęcz,PL,Kotlina Kłodzka,from Kudowa-Zdrój,3,9.2,403,4.4,9.1,790,50.46215,16.34801,50.44237,16.24416,,https://cycletrip.pro/climbs/lisia-przelecz
lisia-przelecz,Lisia Przełęcz,PL,Kotlina Kłodzka,from Radków,3,12.6,417,3.3,10.6,790,50.46215,16.34801,50.49933,16.39825,,https://cycletrip.pro/climbs/lisia-przelecz
peyragudes,Peyragudes,FR,Pyrenees,from Loudervielle,3,2.3,202,8.8,13.5,1572,42.79662,0.43892,42.80077,0.42863,,https://cycletrip.pro/climbs/peyragudes
port-de-sant-miquel,Port de Sant Miquel,ES,Southern Pyrenees,from Tremp,3,6.1,332,5.4,10.7,867,42.15348,0.74032,42.14701,0.6959,Q11942398,https://cycletrip.pro/climbs/port-de-sant-miquel
col-des-auzines,Col des Auzines,FR,Pyrenees,from Arboussols,3,11.0,369,3.4,12.7,603,42.7097,2.51312,42.65068,2.51308,Q2982205,https://cycletrip.pro/climbs/col-des-auzines
col-des-auzines,Col des Auzines,FR,Pyrenees,from Ille-sur-Têt,3,12.3,463,3.8,8.0,603,42.7097,2.51312,42.67518,2.61574,Q2982205,https://cycletrip.pro/climbs/col-des-auzines
col-des-auzines,Col des Auzines,FR,Pyrenees,from Trévillach,3,4.9,206,4.2,11.9,603,42.7097,2.51312,42.71795,2.47228,Q2982205,https://cycletrip.pro/climbs/col-des-auzines
coll-de-sa-batalla,Coll de sa Batalla,ES,Mallorca,from Caimari,3,12.3,463,3.8,11.3,576,39.81247,2.88969,39.74032,2.90893,,https://cycletrip.pro/climbs/coll-de-sa-batalla
przelecz-kocierska,Przełęcz Kocierska,PL,Beskidy,from Kocierz Moszczanicki (ul. Widokowa),3,3.0,171,5.7,16.6,718,49.77599,19.3253,49.76282,19.32522,,https://cycletrip.pro/climbs/przelecz-kocierska
przelecz-kocierska,Przełęcz Kocierska,PL,Beskidy,from Sułkowice,3,6.3,331,5.3,14.3,718,49.77599,19.3253,49.82273,19.33665,,https://cycletrip.pro/climbs/przelecz-kocierska
przelecz-kocierska,Przełęcz Kocierska,PL,Beskidy,from Żywiec,3,11.5,347,3.0,11.1,718,49.77599,19.3253,49.72202,19.23217,,https://cycletrip.pro/climbs/przelecz-kocierska
col-de-bramont,Col de Bramont,FR,Vosges,from Kruth,3,12.9,473,3.7,11.3,956,48.00049,6.9454,47.92912,6.96626,Q2982017,https://cycletrip.pro/climbs/col-de-bramont
col-de-bramont,Col de Bramont,FR,Vosges,from La Bresse,3,7.2,313,4.4,11.0,956,48.00049,6.9454,48.00741,6.88213,Q2982017,https://cycletrip.pro/climbs/col-de-bramont
port-de-bernia,Port de Bèrnia,ES,Costa Blanca,from Llíber,3,20.0,424,2.1,24.3,620,38.67968,-0.05544,38.73042,0.00892,,https://cycletrip.pro/climbs/port-de-bernia
port-de-bernia,Port de Bèrnia,ES,Costa Blanca,from Xaló,3,10.5,430,4.1,9.1,620,38.67968,-0.05544,38.74245,-0.01376,,https://cycletrip.pro/climbs/port-de-bernia
col-de-valico-tre-faggi,Col de Valico Tre Faggi,IT,Tuscany,from Galeata,3,26.0,669,2.6,13.9,993,43.9307,11.68116,44.0293,11.89374,,https://cycletrip.pro/climbs/col-de-valico-tre-faggi
col-de-valico-tre-faggi,Col de Valico Tre Faggi,IT,Tuscany,from San Godenzo,3,6.4,219,3.4,10.0,993,43.9307,11.68116,43.93195,11.64206,,https://cycletrip.pro/climbs/col-de-valico-tre-faggi
col-de-ceyssat,Col de Ceyssat,FR,Massif Central,from Mazayes,3,13.7,391,2.9,8.1,1078,45.76388,2.95595,45.76625,2.83298,Q2982027,https://cycletrip.pro/climbs/col-de-ceyssat
col-de-ceyssat,Col de Ceyssat,FR,Massif Central,from Orcines,3,3.8,256,6.8,11.0,1078,45.76388,2.95595,45.76857,3.00094,Q2982027,https://cycletrip.pro/climbs/col-de-ceyssat
col-de-la-bataille,Col de la Bataille,FR,,from Léoncel,3,8.5,379,4.5,10.4,1313,44.89779,5.23379,44.91203,5.19269,Q17625020,https://cycletrip.pro/climbs/col-de-la-bataille
col-de-la-bataille,Col de la Bataille,FR,,from Omblèze,3,2.6,156,6.0,20.5,1313,44.89779,5.23379,44.89351,5.25334,Q17625020,https://cycletrip.pro/climbs/col-de-la-bataille
portella-di-merenda,Portella di Merenda,IT,Sicily,from Murazzo Rotto,3,17.9,556,3.1,8.3,1283,37.9937,14.93098,37.88126,14.94989,,https://cycletrip.pro/climbs/portella-di-merenda
portella-di-merenda,Portella di Merenda,IT,Sicily,from San Giorgio,3,28.1,642,2.3,11.1,1283,37.9937,14.93098,38.0834,14.8075,,https://cycletrip.pro/climbs/portella-di-merenda
puerto-de-fuente-las-varas,Puerto de Fuente las Varas,ES,Cantabria,from Matienzo,3,5.1,294,5.8,9.8,441,43.34018,-3.58252,43.32398,-3.58586,Q107467192,https://cycletrip.pro/climbs/puerto-de-fuente-las-varas
puerto-de-fuente-las-varas,Puerto de Fuente las Varas,ES,Cantabria,from Solórzano,3,8.1,367,4.5,8.9,441,43.34018,-3.58252,43.38436,-3.58808,Q107467192,https://cycletrip.pro/climbs/puerto-de-fuente-las-varas
passo-del-limbara,Passo del Limbara,IT,Sardinia,from Oscheri/Oschiri,3,14.8,509,3.4,8.2,674,40.84267,9.10311,40.76006,9.07397,,https://cycletrip.pro/climbs/passo-del-limbara
passo-del-limbara,Passo del Limbara,IT,Sardinia,from Tèmpiu/Tempio Pausania,4,6.4,155,2.4,11.1,674,40.84267,9.10311,40.8838,9.1245,,https://cycletrip.pro/climbs/passo-del-limbara
arrate,Arrate,ES,Basque Country,from Eibar,3,7.1,344,4.9,17.9,,43.19995,-2.44405,43.18787,-2.47158,,https://cycletrip.pro/climbs/arrate
col-du-labouret,Col du Labouret,FR,French Alps,from Marcoux,3,17.7,556,3.1,13.4,1240,44.24921,6.37053,44.13941,6.29158,Q2982286,https://cycletrip.pro/climbs/col-du-labouret
coll-de-soller,Coll de Sóller,ES,Mallorca,from Bunyola,3,5.2,256,4.9,7.7,497,39.73116,2.68624,39.71591,2.69041,,https://cycletrip.pro/climbs/coll-de-soller
coll-de-soller,Coll de Sóller,ES,Mallorca,from Sóller,3,5.6,308,5.5,13.4,497,39.73116,2.68624,39.7464,2.69799,,https://cycletrip.pro/climbs/coll-de-soller
collada-del-com,Collada del Comú,ES,Southern Pyrenees,from Sant Esteve de la Sarga,3,8.0,371,4.6,10.9,1214,42.06685,0.7358,42.08229,0.78097,Q11914657,https://cycletrip.pro/climbs/collada-del-com
passo-della-porretta,Passo della Porretta,IT,Tuscany,from Sammommè,3,5.8,312,5.4,9.8,932,44.02945,10.93152,44.00518,10.92137,Q3897399,https://cycletrip.pro/climbs/passo-della-porretta
passo-della-porretta,Passo della Porretta,IT,Tuscany,from Spedaletto,3,3.0,157,5.2,11.6,932,44.02945,10.93152,44.041,10.95077,Q3897399,https://cycletrip.pro/climbs/passo-della-porretta
col-d-ich-re,Col d'Ichère,FR,Pyrenees,from Issor,3,10.0,351,3.5,10.6,674,43.04158,-0.63651,43.09199,-0.66955,Q2981989,https://cycletrip.pro/climbs/col-d-ich-re
col-d-ich-re,Col d'Ichère,FR,Pyrenees,from Sarrance,3,5.2,297,5.7,14.3,674,43.04158,-0.63651,43.03689,-0.6063,Q2981989,https://cycletrip.pro/climbs/col-d-ich-re
passo-godi,Passo Godi,IT,Central Apennines,from Civitella Alfedena,3,14.6,490,3.4,10.8,1630,41.83495,13.93156,41.77234,13.95088,Q3897330,https://cycletrip.pro/climbs/passo-godi
col-de-grosse-pierre,Col de Grosse Pierre,FR,Vosges,from Cornimont,3,12.3,451,3.7,7.7,955,48.02639,6.88557,47.96166,6.83576,Q2982058,https://cycletrip.pro/climbs/col-de-grosse-pierre
col-de-grosse-pierre,Col de Grosse Pierre,FR,Vosges,from Gérardmer,3,7.2,290,4.0,11.2,955,48.02639,6.88557,48.0682,6.87242,Q2982058,https://cycletrip.pro/climbs/col-de-grosse-pierre
sant-grau-dardenya,Sant Grau d'Ardenya,ES,Girona,from Tossa de Mar,3,5.0,292,5.8,19.3,386,41.75935,2.94833,41.75098,2.96723,,https://cycletrip.pro/climbs/sant-grau-dardenya
andazarrate,Andazarrate,ES,Basque Country,from Aia,3,14.8,342,2.3,11.2,436,43.20254,-2.13524,43.27301,-2.13789,,https://cycletrip.pro/climbs/andazarrate
andazarrate,Andazarrate,ES,Basque Country,from Zizurkil,3,7.6,360,4.7,12.4,436,43.20254,-2.13524,43.19143,-2.0758,,https://cycletrip.pro/climbs/andazarrate
aztiria,Aztiria,ES,Basque Country,from Legazpi,3,2.9,157,5.4,9.3,595,43.03432,-2.31152,43.03799,-2.33694,,https://cycletrip.pro/climbs/aztiria
aztiria,Aztiria,ES,Basque Country,from Segura,3,7.9,367,4.6,11.3,595,43.03432,-2.31152,43.00552,-2.26231,,https://cycletrip.pro/climbs/aztiria
collada-de-clar,Collada de Clarà,ES,Southern Pyrenees,from Castellar de la Ribera,3,7.9,361,4.6,12.1,880,42.01659,1.46381,42.02719,1.38468,Q17597630,https://cycletrip.pro/climbs/collada-de-clar
collada-de-clar,Collada de Clarà,ES,Southern Pyrenees,from Solsona,3,5.3,210,4.0,9.1,880,42.01659,1.46381,41.99699,1.514,Q17597630,https://cycletrip.pro/climbs/collada-de-clar
coll-del-corral-nou,Coll del Corral Nou,ES,Costa Blanca,from Castell de Castells,3,6.4,324,5.1,11.7,770,38.76828,-0.14471,38.75115,-0.15716,,https://cycletrip.pro/climbs/coll-del-corral-nou
coll-del-corral-nou,Coll del Corral Nou,ES,Costa Blanca,from Fleix,3,2.3,187,8.2,9.9,770,38.76828,-0.14471,38.77297,-0.12555,,https://cycletrip.pro/climbs/coll-del-corral-nou
justoren-bordako-munoa,Justoren Bordako Munoa,ES,Basque Country,from Urdazubi / Urdax,3,5.3,296,5.6,16.5,,43.26066,-1.48623,43.28475,-1.50587,,https://cycletrip.pro/climbs/justoren-bordako-munoa
els-angels,Els Àngels,ES,Girona,from Quart,3,10.7,364,3.4,10.7,469,41.98477,2.9088,41.96104,2.84707,,https://cycletrip.pro/climbs/els-angels
els-angels,Els Àngels,ES,Girona,from Sant Martí Vell,3,9.3,390,4.2,12.7,469,41.98477,2.9088,42.01983,2.93607,,https://cycletrip.pro/climbs/els-angels
przelecz-szarcula,Przełęcz Szarcula,PL,Beskidy,from Wisła Malinka,3,5.2,290,5.6,12.2,800,49.60291,18.91469,49.62958,18.90552,,https://cycletrip.pro/climbs/przelecz-szarcula
sella-di-conza,Sella di Conza,IT,Campania,from Materdomini,3,10.7,417,3.9,9.4,697,40.83839,15.30299,40.79728,15.27086,Q3954903,https://cycletrip.pro/climbs/sella-di-conza
sella-di-conza,Sella di Conza,IT,Campania,from Pescopagano,4,15.0,319,2.1,6.1,697,40.83839,15.30299,40.87693,15.39626,Q3954903,https://cycletrip.pro/climbs/sella-di-conza
col-de-la-loze,Col de la Loze,FR,French Alps,from Courchevel Le Praz,3,3.4,235,6.9,10.7,2275,45.40508,6.6016,45.39963,6.61684,Q86666408,https://cycletrip.pro/climbs/col-de-la-loze
przelecz-przegibek,Przełęcz Przegibek,PL,Beskidy,from Bielsko-Biała,3,7.6,313,4.1,7.7,718,49.7932,19.1295,49.80081,19.06019,,https://cycletrip.pro/climbs/przelecz-przegibek
przelecz-przegibek,Przełęcz Przegibek,PL,Beskidy,from Międzybrodzie Bialskie,3,6.7,325,4.9,11.4,718,49.7932,19.1295,49.7873,19.19393,,https://cycletrip.pro/climbs/przelecz-przegibek
otsaurte,Otsaurte,ES,Basque Country,from Segura,3,12.9,450,3.5,8.6,652,42.93889,-2.26004,43.00836,-2.25725,,https://cycletrip.pro/climbs/otsaurte
przelecz-szklarska,Przełęcz Szklarska,PL,Sudety,from Harrachov,3,7.5,290,3.9,8.6,886,50.81739,15.43335,50.76411,15.39698,,https://cycletrip.pro/climbs/przelecz-szklarska
przelecz-szklarska,Przełęcz Szklarska,PL,Sudety,from Piechowice,3,15.4,494,3.2,7.9,886,50.81739,15.43335,50.85542,15.59404,,https://cycletrip.pro/climbs/przelecz-szklarska
przelecz-pod-krepcem,Przełęcz pod Krępcem,PL,Kotlina Kłodzka,from Nowa Ruda,4,4.3,146,3.4,12.0,612,50.56799,16.49812,50.5643,16.53551,,https://cycletrip.pro/climbs/przelecz-pod-krepcem
przelecz-pod-krepcem,Przełęcz pod Krępcem,PL,Kotlina Kłodzka,from Ścinawka Górna,3,5.0,280,5.6,13.6,612,50.56799,16.49812,50.529,16.48531,,https://cycletrip.pro/climbs/przelecz-pod-krepcem
przelecz-laszczowa,Przełęcz Łaszczowa,PL,Kotlina Kłodzka,from Dzbanów,3,7.7,343,4.5,11.3,592,50.4762,16.73633,50.50848,16.79204,,https://cycletrip.pro/climbs/przelecz-laszczowa
przelecz-laszczowa,Przełęcz Łaszczowa,PL,Kotlina Kłodzka,from Kłodzko,3,7.7,291,3.8,10.9,592,50.4762,16.73633,50.44215,16.67035,,https://cycletrip.pro/climbs/przelecz-laszczowa
col-de-cabre,Col de Cabre,FR,,from Aspres-sur-Buëch,3,16.9,421,2.5,10.3,1180,44.5496,5.59833,44.51631,5.74511,Q2982025,https://cycletrip.pro/climbs/col-de-cabre
col-de-cabre,Col de Cabre,FR,,from Luc-en-Diois,3,24.9,633,2.5,11.0,1180,44.5496,5.59833,44.618,5.44662,Q2982025,https://cycletrip.pro/climbs/col-de-cabre
portella-santa-maria,Portella Santa Maria,IT,Sicily,from Braidi,3,4.0,188,4.7,10.3,746,38.04414,14.99426,38.06046,15.0166,,https://cycletrip.pro/climbs/portella-santa-maria
portella-santa-maria,Portella Santa Maria,IT,Sicily,from San Piero Patti,3,7.0,328,4.7,11.1,746,38.04414,14.99426,38.0449,14.96566,,https://cycletrip.pro/climbs/portella-santa-maria
gliczarow-gorny,Gliczarów Górny,PL,Podhale,from Biały Dunajec,3,5.5,293,5.3,16.9,980,49.34963,20.05138,49.38311,20.01877,,https://cycletrip.pro/climbs/gliczarow-gorny
col-de-la-glaciere,Col de la Glacière,FR,Provence,from Mons,3,4.4,258,5.9,8.8,1069,43.68595,6.63334,43.67569,6.66687,,https://cycletrip.pro/climbs/col-de-la-glaciere
col-de-la-glaciere,Col de la Glacière,FR,Provence,from Seillans,3,4.7,221,4.7,7.6,1069,43.68595,6.63334,43.6828,6.58594,,https://cycletrip.pro/climbs/col-de-la-glaciere
passo-di-monte-oppio,Passo di Monte Oppio,IT,Tuscany,from Popiglio,3,7.9,350,4.4,10.3,821,44.04295,10.83625,44.06284,10.76634,Q3897436,https://cycletrip.pro/climbs/passo-di-monte-oppio
elgeta,Elgeta,ES,Basque Country,from Bergara,3,7.2,332,4.6,11.3,468,43.13663,-2.48769,43.13082,-2.42231,,https://cycletrip.pro/climbs/elgeta
lodrino,Lodrino,IT,Lake Garda,from Brozzo,3,6.6,318,4.8,9.7,,45.71853,10.27889,45.71938,10.23231,,https://cycletrip.pro/climbs/lodrino
lodrino,Lodrino,IT,Lake Garda,from Nozza,3,13.3,401,3.0,10.0,,45.71853,10.27889,45.70267,10.37835,,https://cycletrip.pro/climbs/lodrino
col-des-sept-fr-res,Col des Sept Frères,FR,Pyrenees,from Brenac,3,28.7,672,2.3,8.3,1258,42.7972,1.92424,42.88274,2.13514,Q86661923,https://cycletrip.pro/climbs/col-des-sept-fr-res
portella-del-giasso,Portella del Giasso,IT,Sicily,from Castelmola,3,3.7,235,6.4,15.7,671,37.87952,15.26633,37.86503,15.27752,,https://cycletrip.pro/climbs/portella-del-giasso
alto-de-los-heros,Alto de los Heros,ES,Basque Country,from Artziniega,3,2.0,174,8.7,14.2,372,43.13464,-3.14413,43.12238,-3.13172,,https://cycletrip.pro/climbs/alto-de-los-heros
alto-de-los-heros,Alto de los Heros,ES,Basque Country,from Valle de Mena,3,3.3,180,5.5,8.7,372,43.13464,-3.14413,43.15025,-3.16797,,https://cycletrip.pro/climbs/alto-de-los-heros
coll-de-manrella,Coll de Manrella,ES,Girona,from Maçanet de Cabrenys,3,9.0,372,4.1,15.6,715,42.4215,2.80113,42.39038,2.76657,Q17598259,https://cycletrip.pro/climbs/coll-de-manrella
alto-de-la-colladiella,Alto de la Colladiella,ES,Asturias,from Turón,3,9.4,374,4.0,13.5,669,43.21693,-5.65762,43.20858,-5.73884,,https://cycletrip.pro/climbs/alto-de-la-colladiella
przelecz-ladecka-landecke-sedlo,Przełęcz Lądecka / Landecké sedlo,PL,Kotlina Kłodzka,from Bílý Potok,3,9.3,370,4.0,8.6,665,50.37001,16.91904,50.39075,17.00564,,https://cycletrip.pro/climbs/przelecz-ladecka-landecke-sedlo
przelecz-ladecka-landecke-sedlo,Przełęcz Lądecka / Landecké sedlo,PL,Kotlina Kłodzka,from Lądek-Zdrój,3,4.8,225,4.7,9.2,665,50.37001,16.91904,50.34452,16.88148,,https://cycletrip.pro/climbs/przelecz-ladecka-landecke-sedlo
zab,Ząb,PL,Podhale,from Poronin,3,4.4,256,5.8,9.2,,49.33612,19.94819,49.33997,20.0031,,https://cycletrip.pro/climbs/zab
przelecz-jaworowa,Przełęcz Jaworowa,PL,Kotlina Kłodzka,from Mąkolno,3,8.8,364,4.1,14.1,707,50.39921,16.84222,50.44722,16.86578,,https://cycletrip.pro/climbs/przelecz-jaworowa
przelecz-jaworowa,Przełęcz Jaworowa,PL,Kotlina Kłodzka,from Radochów,3,6.6,286,4.3,9.3,707,50.39921,16.84222,50.36212,16.84871,,https://cycletrip.pro/climbs/przelecz-jaworowa
passo-dell-ampola,Passo dell'Ampola,IT,Lake Garda,from Biacesa di Ledro,3,17.6,378,2.2,12.1,747,45.8644,10.64545,45.86458,10.81515,Q3897349,https://cycletrip.pro/climbs/passo-dell-ampola
passo-dell-ampola,Passo dell'Ampola,IT,Lake Garda,from Storo,3,9.2,368,4.0,19.5,747,45.8644,10.64545,45.85206,10.57431,Q3897349,https://cycletrip.pro/climbs/passo-dell-ampola
collada-de-la-fusta,Collada de la Fusta,ES,Southern Pyrenees,from Bassella,4,10.0,242,2.4,12.7,737,42.00601,1.39135,41.99898,1.29622,Q11914649,https://cycletrip.pro/climbs/collada-de-la-fusta
collada-de-la-fusta,Collada de la Fusta,ES,Southern Pyrenees,from Castellar de la Ribera,3,3.7,234,6.3,15.5,737,42.00601,1.39135,42.02084,1.36734,Q11914649,https://cycletrip.pro/climbs/collada-de-la-fusta
garate,Garate,ES,Basque Country,from Getaria,3,2.9,205,7.1,10.7,242,43.29049,-2.20238,43.30262,-2.20394,,https://cycletrip.pro/climbs/garate
garate,Garate,ES,Basque Country,from Zumaia,3,4.7,218,4.6,9.8,242,43.29049,-2.20238,43.2735,-2.23032,,https://cycletrip.pro/climbs/garate
col-de-baracuchet,Col de Baracuchet,FR,Massif Central,from Roche-en-Forez,3,7.6,278,3.7,10.0,1267,45.57728,3.92426,45.60339,3.94817,Q50610083,https://cycletrip.pro/climbs/col-de-baracuchet
col-de-baracuchet,Col de Baracuchet,FR,Massif Central,from Saint-Anthème,3,6.6,309,4.7,7.8,1267,45.57728,3.92426,45.52938,3.91816,Q50610083,https://cycletrip.pro/climbs/col-de-baracuchet
puerto-mirador-de-las-palomas,Puerto Mirador de las Palomas,ES,Andalusia,from Cazorla,3,14.6,415,2.8,10.4,1250,37.9354,-2.9432,37.91319,-3.00283,,https://cycletrip.pro/climbs/puerto-mirador-de-las-palomas
puerto-mirador-de-las-palomas,Puerto Mirador de las Palomas,ES,Andalusia,from Loma de María Ángela,3,19.9,546,2.7,11.3,1250,37.9354,-2.9432,38.021,-2.87084,,https://cycletrip.pro/climbs/puerto-mirador-de-las-palomas
alto-de-las-coronas,Alto de las Coronas,ES,Southern Pyrenees,from Burgui / Burgi,3,8.6,297,3.5,10.5,923,42.7174,-1.05266,42.72371,-1.0012,,https://cycletrip.pro/climbs/alto-de-las-coronas
alto-de-las-coronas,Alto de las Coronas,ES,Southern Pyrenees,from Navascués / Nabaskoze,3,8.2,344,4.2,9.7,923,42.7174,-1.05266,42.70645,-1.12945,,https://cycletrip.pro/climbs/alto-de-las-coronas
col-de-laire-dei-masco,Col de l'Aire Deï Masco,FR,Provence,from Céreste-en-Luberon,3,8.2,299,3.7,8.8,696,43.82909,5.58009,43.85703,5.5881,,https://cycletrip.pro/climbs/col-de-laire-dei-masco
col-de-laire-dei-masco,Col de l'Aire Deï Masco,FR,Provence,from Grambois,3,10.5,386,3.7,8.5,696,43.82909,5.58009,43.76531,5.59009,,https://cycletrip.pro/climbs/col-de-laire-dei-masco
portella-castanea,Portella Castanea,IT,Sicily,from Messina,3,12.4,423,3.4,11.3,448,38.23638,15.52532,38.20456,15.55719,,https://cycletrip.pro/climbs/portella-castanea
portella-castanea,Portella Castanea,IT,Sicily,from Salice,3,10.6,348,3.3,12.5,448,38.23638,15.52532,38.29425,15.54088,,https://cycletrip.pro/climbs/portella-castanea
passo-xon,Passo Xon,IT,Veneto,from Schio,3,13.8,448,3.2,12.4,671,45.72027,11.2211,45.71509,11.33303,Q3897348,https://cycletrip.pro/climbs/passo-xon
passo-xon,Passo Xon,IT,Veneto,from Valdagno,3,12.1,383,3.2,15.7,671,45.72027,11.2211,45.66218,11.29378,Q3897348,https://cycletrip.pro/climbs/passo-xon
col-de-belle-roche,Col de Belle Roche,FR,Jura,from La Rivoire,3,13.8,335,2.4,7.6,1056,46.11091,5.6469,45.99953,5.68964,Q2982013,https://cycletrip.pro/climbs/col-de-belle-roche
col-de-belle-roche,Col de Belle Roche,FR,Jura,from Les Neyrolles,3,5.0,262,5.3,14.1,1056,46.11091,5.6469,46.13477,5.63579,Q2982013,https://cycletrip.pro/climbs/col-de-belle-roche
col-du-festre,Col du Festre,FR,French Alps,from Pellafol,3,10.2,379,3.7,10.2,1320,44.67918,5.87072,44.75113,5.88363,,https://cycletrip.pro/climbs/col-du-festre
montalcino,Montalcino,IT,Tuscany,from Montalcino,3,6.0,287,4.8,9.3,,43.05756,11.49028,43.06652,11.5414,,https://cycletrip.pro/climbs/montalcino
przelecz-pod-swierkami,Przełęcz pod Świerkami,PL,Sudety,from Sędziszowa,3,6.5,300,4.6,16.2,544,50.97617,15.83451,51.01889,15.88429,,https://cycletrip.pro/climbs/przelecz-pod-swierkami
col-du-cheval-mort,Col du Cheval Mort,FR,Massif Central,from Arzenc-de-Randon,3,10.0,286,2.9,7.4,1454,44.66795,3.54296,44.65495,3.64501,Q2982252,https://cycletrip.pro/climbs/col-du-cheval-mort
col-du-cheval-mort,Col du Cheval Mort,FR,Massif Central,from Monts-de-Randon,3,4.7,253,5.4,9.0,1454,44.66795,3.54296,44.66915,3.49365,Q2982252,https://cycletrip.pro/climbs/col-du-cheval-mort
portella-dellarmacia,Portella dell'Armacia,IT,Sicily,from Salice,3,2.7,190,7.1,15.2,675,38.19944,15.4918,38.21558,15.50593,,https://cycletrip.pro/climbs/portella-dellarmacia
col-de-la-savine,Col de la Savine,FR,,from Hauts de Bienne,3,5.9,284,4.8,9.5,984,46.56332,6.00536,46.52622,6.02295,Q2982198,https://cycletrip.pro/climbs/col-de-la-savine
przelecz-kubalonka,Przełęcz Kubalonka,PL,Beskidy,from Wisła,3,7.3,317,4.3,10.8,761,49.60406,18.90253,49.64607,18.8692,,https://cycletrip.pro/climbs/przelecz-kubalonka
cipressa,Cipressa,IT,Liguria,from San Lorenzo al Mare,3,5.8,278,4.8,9.9,366,43.86182,7.92525,43.85343,7.96375,,https://cycletrip.pro/climbs/cipressa
urkaregi,Urkaregi,ES,Basque Country,from Elgoibar,3,6.3,287,4.6,12.0,368,43.24037,-2.4431,43.21494,-2.41777,,https://cycletrip.pro/climbs/urkaregi
urkaregi,Urkaregi,ES,Basque Country,from Markina-Xemein,3,6.7,243,3.6,10.4,368,43.24037,-2.4431,43.25984,-2.49078,,https://cycletrip.pro/climbs/urkaregi
port-de-canalis-donil,Port de Canalís d'Onil,ES,Costa Blanca,from Onil,3,5.3,264,5.0,9.0,1015,38.6505,-0.65255,38.62475,-0.67465,,https://cycletrip.pro/climbs/port-de-canalis-donil
karlow,Karłów,PL,Kotlina Kłodzka,from Kudowa-Zdrój,3,11.1,364,3.3,10.3,,50.47558,16.33881,50.44252,16.2437,,https://cycletrip.pro/climbs/karlow
karlow,Karłów,PL,Kotlina Kłodzka,from Radków,3,10.8,378,3.5,11.2,,50.47558,16.33881,50.49976,16.39885,,https://cycletrip.pro/climbs/karlow
col-de-la-chaine,Col de la Chaine,FR,Provence,from Beaumes-de-Venise,3,12.1,396,3.3,11.0,472,44.17931,5.09664,44.11741,5.01589,,https://cycletrip.pro/climbs/col-de-la-chaine
col-de-la-chaine,Col de la Chaine,FR,Provence,from Malaucène,3,2.6,167,6.4,9.1,472,44.17931,5.09664,44.17703,5.11764,,https://cycletrip.pro/climbs/col-de-la-chaine
alto-de-mozqueta,Alto de Mozqueta,ES,Asturias,from Langreo,3,5.7,271,4.8,9.4,494,43.24261,-5.67293,43.28823,-5.66906,,https://cycletrip.pro/climbs/alto-de-mozqueta
kanpazar-mendatea,Kanpazar Mendatea,ES,Basque Country,from Bergara,3,5.4,248,4.6,8.6,457,43.09672,-2.50574,43.07732,-2.46395,,https://cycletrip.pro/climbs/kanpazar-mendatea
kanpazar-mendatea,Kanpazar Mendatea,ES,Basque Country,from Elorrio,3,5.0,255,5.1,8.8,457,43.09672,-2.50574,43.11498,-2.53064,,https://cycletrip.pro/climbs/kanpazar-mendatea
trabakua,Trabakua,ES,Basque Country,from Abadiño,3,7.8,266,3.4,13.4,404,43.21091,-2.54521,43.16934,-2.60131,,https://cycletrip.pro/climbs/trabakua
trabakua,Trabakua,ES,Basque Country,from Markina-Xemein,3,7.3,303,4.2,14.4,404,43.21091,-2.54521,43.26442,-2.51303,,https://cycletrip.pro/climbs/trabakua
passo-del-ballino,Passo Del Ballino,IT,Lake Garda,from Ponte Arche,3,11.1,377,3.4,9.0,750,45.9744,10.81994,46.04088,10.88035,Q3897355,https://cycletrip.pro/climbs/passo-del-ballino
passo-del-ballino,Passo Del Ballino,IT,Lake Garda,from Ville Del Monte,4,4.9,172,3.5,8.2,750,45.9744,10.81994,45.9359,10.81184,Q3897355,https://cycletrip.pro/climbs/passo-del-ballino
alt-del-portell,Alt del Portell,ES,,from Bocairent,3,2.4,175,7.3,10.3,837,38.74296,-0.61185,38.75034,-0.62835,,https://cycletrip.pro/climbs/alt-del-portell
portella-di-baida,Portella di Baida,IT,Sicily,from Balata di Baida,3,2.1,163,7.8,10.0,454,38.05201,12.79986,38.03717,12.79626,,https://cycletrip.pro/climbs/portella-di-baida
coll-de-jou,Coll de Jou,ES,Southern Pyrenees,from Encies,3,4.9,250,5.1,13.1,1461,42.13861,1.5393,42.11052,1.54467,Q11914499,https://cycletrip.pro/climbs/coll-de-jou
passo-plebi,Passo Plebi,IT,Sardinia,from Olbia,3,4.9,251,5.1,9.8,358,40.97674,9.46317,40.97938,9.42752,,https://cycletrip.pro/climbs/passo-plebi
ochodzita,Ochodzita,PL,Beskidy,from Laliki,4,5.0,143,2.9,8.2,,49.5456,18.95513,49.54936,19.02092,,https://cycletrip.pro/climbs/ochodzita
ochodzita,Ochodzita,PL,Beskidy,from Písek,3,11.7,383,3.3,11.9,,49.5456,18.95513,49.55791,18.81224,,https://cycletrip.pro/climbs/ochodzita
collado-de-benissili,Collado de Benissili,ES,Costa Blanca,from Pego,3,20.2,506,2.5,7.7,571,38.81227,-0.29158,38.84703,-0.12546,,https://cycletrip.pro/climbs/collado-de-benissili
collado-de-benissili,Collado de Benissili,ES,Costa Blanca,from Planes,4,12.1,221,1.8,9.1,571,38.81227,-0.29158,38.78667,-0.37304,,https://cycletrip.pro/climbs/collado-de-benissili
col-de-suzette,Col de Suzette,FR,Provence,from Beaumes-de-Venise,3,8.3,320,3.9,8.4,392,44.16859,5.0684,44.117,5.01609,,https://cycletrip.pro/climbs/col-de-suzette
col-du-haut-jacques,Col du Haut Jacques,FR,Vosges,from Bois-de-Champ,4,5.6,194,3.5,8.7,605,48.27456,6.86258,48.26079,6.80985,Q2982280,https://cycletrip.pro/climbs/col-du-haut-jacques
col-du-haut-jacques,Col du Haut Jacques,FR,Vosges,from Saint-Dié-des-Vosges,3,5.7,265,4.7,11.0,605,48.27456,6.86258,48.28059,6.91054,Q2982280,https://cycletrip.pro/climbs/col-du-haut-jacques
col-du-haut-jacques,Col du Haut Jacques,FR,Vosges,from Saint-Michel-sur-Meurthe,3,6.8,263,3.9,13.7,605,48.27456,6.86258,48.30957,6.87135,Q2982280,https://cycletrip.pro/climbs/col-du-haut-jacques
colle-di-velva,Colle di Velva,IT,Liguria,from Castiglione Chiavarese,3,3.6,211,5.9,10.9,545,44.28377,9.5576,44.2838,9.54537,Q3682815,https://cycletrip.pro/climbs/colle-di-velva
colle-di-velva,Colle di Velva,IT,Liguria,from Maissana,3,3.0,148,5.0,9.4,545,44.28377,9.5576,44.30024,9.56499,Q3682815,https://cycletrip.pro/climbs/colle-di-velva
col-de-fourtou,Col de Fourtou,FR,Pyrenees,from Bouleternère,3,18.3,467,2.6,12.9,656,42.56496,2.64604,42.65098,2.59933,Q2982266,https://cycletrip.pro/climbs/col-de-fourtou
col-de-fourtou,Col de Fourtou,FR,Pyrenees,from Caixas,3,6.3,261,4.2,11.1,656,42.56496,2.64604,42.58061,2.68379,Q2982266,https://cycletrip.pro/climbs/col-de-fourtou
urto-edo-artalekuko-mendatea,Urto edo Artalekuko mendatea,ES,Basque Country,from Belauntza,3,11.3,375,3.3,11.6,494,43.10268,-1.9558,43.14102,-2.04859,,https://cycletrip.pro/climbs/urto-edo-artalekuko-mendatea
iratzabaleta,Iratzabaleta,FR,Pyrenees,from Menditte,3,8.8,323,3.7,11.9,1248,43.04365,-1.026,43.08908,-1.02293,Q2981994,https://cycletrip.pro/climbs/iratzabaleta
cote-de-valfin,Côte de Valfin,,,from Chaumont,3,6.2,272,4.4,10.3,693,46.44061,5.85591,46.39335,5.863,,https://cycletrip.pro/climbs/cote-de-valfin
alto-de-la-escrita,Alto de La Escrita,ES,Basque Country,from Karrantza Harana / Valle de Carranza,3,7.3,291,4.0,7.8,432,43.23742,-3.29331,43.23815,-3.35568,,https://cycletrip.pro/climbs/alto-de-la-escrita
alto-de-la-escrita,Alto de La Escrita,ES,Basque Country,from La Matanza,3,5.2,250,4.8,8.4,432,43.23742,-3.29331,43.2448,-3.26499,,https://cycletrip.pro/climbs/alto-de-la-escrita
passo-del-carmine,Passo del Carmine,IT,Lombardy,from Begoglio,3,15.2,421,2.8,8.2,600,44.9143,9.26368,44.99669,9.29551,Q3897360,https://cycletrip.pro/climbs/passo-del-carmine
passo-del-carmine,Passo del Carmine,IT,Lombardy,from Zavattarello,3,5.0,216,4.3,7.9,600,44.9143,9.26368,44.89012,9.26562,Q3897360,https://cycletrip.pro/climbs/passo-del-carmine
passo-della-cerventosa,Passo della Cerventosa,IT,Tuscany,from Città di Castello,3,16.3,435,2.7,9.8,749,43.29139,12.05677,43.32314,12.16285,Q3897428,https://cycletrip.pro/climbs/passo-della-cerventosa
passo-delle-fittanze-della-sega,Passo delle Fittanze della Sega,IT,Lake Garda,from Bosco Chiesanuova,3,9.7,341,3.5,11.7,1399,45.68389,10.97912,45.65587,11.01742,Q3897413,https://cycletrip.pro/climbs/passo-delle-fittanze-della-sega
alto-del-vivero,Alto del Vivero,ES,Basque Country,from Bilbao,4,4.2,158,3.8,6.2,415,43.26227,-2.87132,43.27052,-2.91126,,https://cycletrip.pro/climbs/alto-del-vivero
alto-del-vivero,Alto del Vivero,ES,Basque Country,from Galdakao,3,8.6,322,3.7,9.8,415,43.26227,-2.87132,43.23235,-2.81726,,https://cycletrip.pro/climbs/alto-del-vivero
coll-dorient,Coll d'Orient,ES,Mallorca,from Alaró,3,7.0,283,4.1,12.8,498,39.73655,2.77523,39.70986,2.79496,,https://cycletrip.pro/climbs/coll-dorient
passo-vezzena,Passo Vezzena,IT,Dolomites,from Gionghi,4,4.8,179,3.7,11.4,1402,45.95661,11.32859,45.95397,11.2945,Q2056148,https://cycletrip.pro/climbs/passo-vezzena
passo-vezzena,Passo Vezzena,IT,Dolomites,from Roana,3,14.9,411,2.8,8.9,1402,45.95661,11.32859,45.90839,11.45874,Q2056148,https://cycletrip.pro/climbs/passo-vezzena
guadalest,Guadalest,ES,Costa Blanca,from el Castell de Guadalest,3,7.3,291,4.0,12.5,562,38.67546,-0.19959,38.66547,-0.15669,,https://cycletrip.pro/climbs/guadalest
col-du-grand-sambuc,Col du Grand Sambuc,FR,Provence,from Jouques,3,10.1,339,3.4,8.6,615,43.57882,5.61966,43.63092,5.64464,Q2982269,https://cycletrip.pro/climbs/col-du-grand-sambuc
col-du-grand-sambuc,Col du Grand Sambuc,FR,Provence,from Vauvenargues,3,4.3,179,4.2,10.3,615,43.57882,5.61966,43.55622,5.6178,Q2982269,https://cycletrip.pro/climbs/col-du-grand-sambuc
przelecz-lapszanka,Przełęcz Łapszanka,PL,Podhale,from Jurgów,4,4.9,154,3.2,11.0,928,49.3442,20.19771,49.34316,20.14077,,https://cycletrip.pro/climbs/przelecz-lapszanka
przelecz-lapszanka,Przełęcz Łapszanka,PL,Podhale,from Łapsze Niżne,3,12.1,376,3.1,8.1,928,49.3442,20.19771,49.40215,20.25936,,https://cycletrip.pro/climbs/przelecz-lapszanka
col-de-manse,Col de Manse,FR,French Alps,from Chabottes,3,6.2,220,3.6,6.8,1272,44.61238,6.13441,44.64202,6.15522,Q2562349,https://cycletrip.pro/climbs/col-de-manse
col-de-manse,Col de Manse,FR,French Alps,from Gap,3,5.9,259,4.4,10.1,1272,44.61238,6.13441,44.58865,6.08121,Q2562349,https://cycletrip.pro/climbs/col-de-manse
pas-de-la-couelle,Pas de la Couelle,FR,Provence,from Saint-Zacharie,3,5.9,258,4.4,11.5,534,43.40703,5.68511,43.38498,5.70676,Q3367157,https://cycletrip.pro/climbs/pas-de-la-couelle
pas-de-la-couelle,Pas de la Couelle,FR,Provence,from Trets,3,8.3,280,3.4,9.0,534,43.40703,5.68511,43.44754,5.6826,Q3367157,https://cycletrip.pro/climbs/pas-de-la-couelle
jochgrimm-passo-oclini,Jochgrimm - Passo Oclini,IT,Dolomites,from Ville di Fiemme,3,3.6,200,5.6,8.1,1989,46.34732,11.45154,46.35395,11.49266,Q1691238,https://cycletrip.pro/climbs/jochgrimm-passo-oclini
col-du-pointu,Col du Pointu,FR,Provence,from Apt,3,7.8,297,3.8,9.2,499,43.83576,5.3511,43.88012,5.36839,,https://cycletrip.pro/climbs/col-du-pointu
col-du-pointu,Col du Pointu,FR,Provence,from Cadenet,3,14.6,319,2.2,8.7,499,43.83576,5.3511,43.73399,5.37488,,https://cycletrip.pro/climbs/col-du-pointu
alt-de-tarrenyes,Alt de Tarrenyes,ES,Costa Blanca,from Castell de Castells,4,5.3,170,3.2,7.5,590,38.78033,-0.18468,38.75395,-0.17275,,https://cycletrip.pro/climbs/alt-de-tarrenyes
alt-de-tarrenyes,Alt de Tarrenyes,ES,Costa Blanca,from la Vall d'Ebo,3,4.0,211,5.3,10.1,590,38.78033,-0.18468,38.80578,-0.16144,,https://cycletrip.pro/climbs/alt-de-tarrenyes
puerto-de-ozeka,Puerto de Ozeka,ES,Basque Country,from Aiarako kuadrilla,3,3.7,204,5.5,11.6,518,43.07606,-3.09083,43.07927,-3.06822,,https://cycletrip.pro/climbs/puerto-de-ozeka
col-de-viares,Col de Viarès,FR,Provence,from Saint-Roman-de-Malegarde,3,2.9,179,6.2,8.7,337,44.25617,4.97085,44.26864,4.95942,,https://cycletrip.pro/climbs/col-de-viares
brennerpass-passo-del-brennero,Brennerpass - Passo del Brennero,IT,,from Mauern,3,10.2,334,3.3,9.8,1370,47.0074,11.5067,47.08147,11.47461,Q212946,https://cycletrip.pro/climbs/brennerpass-passo-del-brennero
passo-san-osvaldo,Passo San Osvaldo,IT,Friuli,from Pinedo / Penei,3,7.6,291,3.8,13.8,828,46.28543,12.40868,46.25451,12.46386,Q3897455,https://cycletrip.pro/climbs/passo-san-osvaldo
col-du-testanier,Col du Testanier,FR,Provence,from Fréjus,3,5.4,244,4.5,9.5,312,43.5016,6.79438,43.47365,6.76918,,https://cycletrip.pro/climbs/col-du-testanier
col-du-testanier,Col du Testanier,FR,Provence,from Mandelieu-la-Napoule,4,15.0,300,2.0,9.4,312,43.5016,6.79438,43.52926,6.92842,,https://cycletrip.pro/climbs/col-du-testanier
col-de-dent,Col de Dent,FR,Pyrenees,from Aunat,3,7.9,291,3.7,11.7,1231,42.8016,2.13947,42.79528,2.09043,Q109018691,https://cycletrip.pro/climbs/col-de-dent
col-de-dent,Col de Dent,FR,Pyrenees,from Le Clat,3,3.4,161,4.7,15.2,1231,42.8016,2.13947,42.78562,2.16696,Q109018691,https://cycletrip.pro/climbs/col-de-dent
col-de-colliard,Col de Colliard,FR,Jura,from Les Neyrolles,3,3.0,178,6.0,13.4,979,46.1279,5.6382,46.13416,5.63372,Q2982033,https://cycletrip.pro/climbs/col-de-colliard
passo-della-castagnola,Passo della Castagnola,IT,Piedmont,from Ronco Scrivia,3,5.1,223,4.4,7.9,578,44.59763,8.88781,44.58947,8.93672,Q3897381,https://cycletrip.pro/climbs/passo-della-castagnola
passo-della-castagnola,Passo della Castagnola,IT,Piedmont,from Voltaggio,3,5.1,234,4.6,10.8,578,44.59763,8.88781,44.61596,8.84539,Q3897381,https://cycletrip.pro/climbs/passo-della-castagnola
alto-de-laukiz,Alto de Laukiz,ES,Basque Country,from Laukiz,3,2.4,161,6.7,10.4,213,43.34043,-2.92428,43.35208,-2.90798,,https://cycletrip.pro/climbs/alto-de-laukiz
col-d-urbeis,Col d'Urbeis,FR,Vosges,from Breitenau,3,9.3,319,3.4,8.9,602,48.3262,7.17761,48.332,7.28052,Q2981999,https://cycletrip.pro/climbs/col-d-urbeis
col-d-urbeis,Col d'Urbeis,FR,Vosges,from La Neuve Ville,4,5.6,158,2.8,6.3,602,48.3262,7.17761,48.31506,7.13532,Q2981999,https://cycletrip.pro/climbs/col-d-urbeis
sierockie,Sierockie,PL,Podhale,from Biały Dunajec,3,5.8,246,4.3,15.3,820,49.3711,19.95818,49.36982,20.01117,,https://cycletrip.pro/climbs/sierockie
przelecz-sokolowska,Przełęcz Sokołowska,PL,Kotlina Kłodzka,from Polanica-Zdrój,3,3.3,187,5.7,13.8,564,50.37862,16.5075,50.4018,16.51342,,https://cycletrip.pro/climbs/przelecz-sokolowska
collada-de-sentigosa,Collada de Sentigosa,ES,Girona,from Sant Joan de les Abadesses,3,6.7,268,4.0,8.5,1064,42.21077,2.33261,42.2349,2.28999,Q20985631,https://cycletrip.pro/climbs/collada-de-sentigosa
col-de-perjuret,Col de Perjuret,FR,Massif Central,from Florac,3,22.0,481,2.2,11.5,1031,44.20443,3.51464,44.31897,3.59777,Q2982093,https://cycletrip.pro/climbs/col-de-perjuret
col-de-perjuret,Col de Perjuret,FR,Massif Central,from Meyrueis,3,8.2,267,3.3,9.9,1031,44.20443,3.51464,44.19759,3.45302,Q2982093,https://cycletrip.pro/climbs/col-de-perjuret
przelecz-kowarska,Przełęcz Kowarska,PL,Sudety,from Kostrzyca,3,9.7,317,3.3,8.5,727,50.76293,15.86718,50.81721,15.8085,,https://cycletrip.pro/climbs/przelecz-kowarska
przelecz-kowarska,Przełęcz Kowarska,PL,Sudety,from Pisarzowice,4,11.3,249,2.2,7.0,727,50.76293,15.86718,50.77451,15.98152,,https://cycletrip.pro/climbs/przelecz-kowarska
heidburg,Heidburg,FR,,from Elzach,4,4.3,151,3.5,10.8,520,48.21857,8.08795,48.18421,8.08477,Q1593849,https://cycletrip.pro/climbs/heidburg
heidburg,Heidburg,FR,,from Haslach im Kinzigtal,3,6.6,267,4.0,10.3,520,48.21857,8.08795,48.25855,8.10605,Q1593849,https://cycletrip.pro/climbs/heidburg
bukowina-tatrzanska,Bukowina Tatrzańska,PL,Podhale,from Białka Tatrzańska,3,2.4,159,6.6,9.8,880,49.3423,20.10726,49.35778,20.12581,,https://cycletrip.pro/climbs/bukowina-tatrzanska
larraitz,Larraitz,ES,Basque Country,from Amezketa,3,5.9,248,4.2,9.7,399,43.03683,-2.09869,43.06658,-2.0854,,https://cycletrip.pro/climbs/larraitz
larraitz,Larraitz,ES,Basque Country,from Zaldibia,3,6.1,227,3.7,9.1,399,43.03683,-2.09869,43.04129,-2.15111,,https://cycletrip.pro/climbs/larraitz
col-du-mont-de-fourche,Col du Mont de Fourche,FR,Vosges,from Corravillers,3,3.2,182,5.7,9.1,625,47.90431,6.64564,47.89316,6.62337,Q2982292,https://cycletrip.pro/climbs/col-du-mont-de-fourche
col-du-mont-de-fourche,Col du Mont de Fourche,FR,Vosges,from Rupt-sur-Moselle,3,4.7,211,4.5,10.6,625,47.90431,6.64564,47.93168,6.654,Q2982292,https://cycletrip.pro/climbs/col-du-mont-de-fourche
cote-de-corps,Côte de Corps,FR,French Alps,from Saint-Firmin,3,2.3,153,6.7,11.5,,44.80169,5.96459,44.7903,5.98109,,https://cycletrip.pro/climbs/cote-de-corps
col-des-trois-s-urs,Col des Trois Sœurs,FR,Massif Central,from La Panouse,4,5.8,195,3.4,7.7,1452,44.72264,3.5665,44.71359,3.62584,Q2982238,https://cycletrip.pro/climbs/col-des-trois-s-urs
col-des-trois-s-urs,Col des Trois Sœurs,FR,Massif Central,from Les Laubies,3,16.3,407,2.5,7.4,1452,44.72264,3.5665,44.68745,3.41685,Q2982238,https://cycletrip.pro/climbs/col-des-trois-s-urs
la-tejera,La Tejera,ES,Basque Country,from Añana,3,5.6,228,4.1,9.8,744,42.79376,-2.9563,42.80303,-3.0165,,https://cycletrip.pro/climbs/la-tejera
la-tejera,La Tejera,ES,Basque Country,from Pobes,3,4.6,218,4.7,9.5,744,42.79376,-2.9563,42.80309,-2.91042,,https://cycletrip.pro/climbs/la-tejera
kalbarioa,Kalbarioa,ES,Basque Country,from Mutriku,3,3.9,200,5.1,13.8,233,43.29491,-2.38312,43.27157,-2.37224,,https://cycletrip.pro/climbs/kalbarioa
polskie-wrota,Polskie Wrota,PL,Kotlina Kłodzka,from Duszniki-Zdrój,4,4.7,157,3.4,7.5,660,50.39801,16.34945,50.40428,16.40432,,https://cycletrip.pro/climbs/polskie-wrota
polskie-wrota,Polskie Wrota,PL,Kotlina Kłodzka,from Jeleniów,3,7.0,264,3.8,10.8,660,50.39801,16.34945,50.41385,16.26623,,https://cycletrip.pro/climbs/polskie-wrota
pas-de-magnan,Pas de Magnan,FR,Provence,from Le Tholonet,4,11.0,262,2.4,10.8,460,43.50555,5.61825,43.52262,5.50888,,https://cycletrip.pro/climbs/pas-de-magnan
pas-de-magnan,Pas de Magnan,FR,Provence,from Rousset,3,6.0,243,4.1,9.4,460,43.50555,5.61825,43.47371,5.618,,https://cycletrip.pro/climbs/pas-de-magnan
col-deze,Col d'Èze,FR,Provence,from Monaco,3,6.6,257,3.9,10.5,507,43.7267,7.3606,43.73124,7.41337,,https://cycletrip.pro/climbs/col-deze
arcu-correboi,Arcu Correboi,IT,Sardinia,from 'Onne/Fonni,3,20.7,449,2.2,8.7,1246,40.07471,9.35936,40.14948,9.27238,Q3897432,https://cycletrip.pro/climbs/arcu-correboi
arcu-correboi,Arcu Correboi,IT,Sardinia,from Villanova Strisaili,3,20.5,421,2.1,9.7,1246,40.07471,9.35936,39.96311,9.45944,Q3897432,https://cycletrip.pro/climbs/arcu-correboi
le-motte,Le Motte,IT,Lombardy,from Oga,3,4.0,201,5.0,13.2,1372,46.47908,10.34213,46.4585,10.35753,,https://cycletrip.pro/climbs/le-motte
alto-del-bardal,Alto del Bardal,ES,Cantabria,from Reinosilla,4,4.6,154,3.4,6.7,1093,42.94058,-4.1591,42.92211,-4.20101,Q18397963,https://cycletrip.pro/climbs/alto-del-bardal
alto-del-bardal,Alto del Bardal,ES,Cantabria,from Villaescusa,3,5.4,234,4.3,9.0,1093,42.94058,-4.1591,42.97339,-4.15734,Q18397963,https://cycletrip.pro/climbs/alto-del-bardal
udana-mendatea,Udana Mendatea,ES,Basque Country,from Oñati,3,6.9,262,3.8,9.7,515,43.01468,-2.35916,43.03166,-2.40818,,https://cycletrip.pro/climbs/udana-mendatea
collado-de-somahoz,Collado de Somahoz,ES,Cantabria,from Espinilla,3,8.1,284,3.5,9.9,1199,42.95411,-4.23837,43.01639,-4.22789,Q5777475,https://cycletrip.pro/climbs/collado-de-somahoz
reschenpass-passo-resia,Reschenpass - Passo Resia,IT,Dolomites,from Burgeis - Burgusio,4,16.7,252,1.5,7.8,1507,46.83435,10.51025,46.71156,10.53453,Q222860,https://cycletrip.pro/climbs/reschenpass-passo-resia
reschenpass-passo-resia,Reschenpass - Passo Resia,IT,Dolomites,from Nauders,3,10.9,321,3.0,8.8,1507,46.83435,10.51025,46.91657,10.49044,Q222860,https://cycletrip.pro/climbs/reschenpass-passo-resia
col-des-croix,Col des Croix,FR,Vosges,from Le Thillot,3,3.9,193,5.0,10.5,680,47.85972,6.74707,47.87911,6.76532,Q2982214,https://cycletrip.pro/climbs/col-des-croix
col-des-croix,Col des Croix,FR,Vosges,from Ternuay,3,13.1,335,2.6,8.3,680,47.85972,6.74707,47.78704,6.63401,Q2982214,https://cycletrip.pro/climbs/col-des-croix
col-du-linas,Col du Linas,FR,Pyrenees,from Padern,3,28.9,452,1.6,8.5,667,42.87876,2.38506,42.86476,2.63972,Q113834739,https://cycletrip.pro/climbs/col-du-linas
col-du-linas,Col du Linas,FR,Pyrenees,from Rennes-les-Bains,3,15.6,394,2.5,8.3,667,42.87876,2.38506,42.93963,2.31614,Q113834739,https://cycletrip.pro/climbs/col-du-linas
col-de-landoz-neuve,Col de Landoz-Neuve,FR,Jura,from Les Charbonnières,3,6.3,228,3.6,8.6,1213,46.6809,6.25406,46.66746,6.31389,Q18649332,https://cycletrip.pro/climbs/col-de-landoz-neuve
col-de-landoz-neuve,Col de Landoz-Neuve,FR,Jura,from Mouthe,3,10.1,310,3.1,8.1,1213,46.6809,6.25406,46.70512,6.18846,Q18649332,https://cycletrip.pro/climbs/col-de-landoz-neuve
col-de-la-fageole,Col de la Fageole,FR,Massif Central,from Saint-Flour,3,5.0,220,4.4,7.8,1107,45.1007,3.1306,45.0616,3.10879,Q2982172,https://cycletrip.pro/climbs/col-de-la-fageole
col-de-la-fageole,Col de la Fageole,FR,Massif Central,from Vieillespesse,4,5.3,183,3.5,9.0,1107,45.1007,3.1306,45.13223,3.14598,Q2982172,https://cycletrip.pro/climbs/col-de-la-fageole
col-de-bancillon,Col de Bancillon,FR,Massif Central,from Clermont-Ferrand,3,3.4,180,5.3,10.9,551,45.81206,3.0869,45.78404,3.08452,Q2982254,https://cycletrip.pro/climbs/col-de-bancillon
kladske-sedlo,Kladské sedlo,PL,Kotlina Kłodzka,from Hynčice nad Moravou,3,21.2,423,2.0,7.6,816,50.22579,16.92196,50.07833,16.93223,,https://cycletrip.pro/climbs/kladske-sedlo
kladske-sedlo,Kladské sedlo,PL,Kotlina Kłodzka,from Stara Morawa,3,7.3,261,3.6,9.1,816,50.22579,16.92196,50.25977,16.89231,,https://cycletrip.pro/climbs/kladske-sedlo
col-du-bac,Col du Bac,FR,Pyrenees,from Chalabre,3,6.2,242,3.9,9.6,620,42.99807,2.05329,42.98116,2.00536,Q109018727,https://cycletrip.pro/climbs/col-du-bac
col-du-bac,Col du Bac,FR,Pyrenees,from Saint-Benoît,3,3.2,167,5.2,7.5,620,42.99807,2.05329,43.01662,2.06456,Q109018727,https://cycletrip.pro/climbs/col-du-bac
col-de-couz,Col de Couz,FR,French Alps,from Cognin,3,11.9,331,2.8,7.1,636,45.46913,5.81687,45.55593,5.89311,Q2982043,https://cycletrip.pro/climbs/col-de-couz
col-de-couz,Col de Couz,FR,French Alps,from Les Échelles,3,8.3,254,3.1,29.2,636,45.46913,5.81687,45.44084,5.74737,Q2982043,https://cycletrip.pro/climbs/col-de-couz
col-de-la-mallebranche,Col de la Mallebranche,FR,French Alps,from Sallenôves,3,11.8,329,2.8,7.0,702,46.00312,6.10749,46.01144,5.99365,Q115354774,https://cycletrip.pro/climbs/col-de-la-mallebranche
sedda-ru-cuntrasto,Sedda ru Cuntrasto,IT,Sicily,from Nicosia,3,16.0,381,2.4,12.1,1122,37.85068,14.39766,37.7556,14.40089,Q3682761,https://cycletrip.pro/climbs/sedda-ru-cuntrasto
col-du-pertuis,Col du Pertuis,,,from Bourdeaux,4,8.0,230,2.9,9.1,,44.56321,5.09825,44.59378,5.12774,,https://cycletrip.pro/climbs/col-du-pertuis
col-du-pertuis,Col du Pertuis,,,from Dieulefit,3,6.7,249,3.7,9.3,,44.56321,5.09825,44.52518,5.05981,,https://cycletrip.pro/climbs/col-du-pertuis
col-notre-dame,Col Notre-Dame,FR,Provence,from Anthéor,3,6.7,244,3.7,14.2,324,43.4805,6.9117,43.45446,6.8813,,https://cycletrip.pro/climbs/col-notre-dame
puerto-bienca-tomalino,Puerto Bienca-Tomalino,IT,Piedmont,from Bollengo,3,10.0,304,3.0,8.4,541,45.4879,7.9733,45.46942,7.93973,,https://cycletrip.pro/climbs/puerto-bienca-tomalino
puerto-bienca-tomalino,Puerto Bienca-Tomalino,IT,Piedmont,from Mongrando,4,7.3,213,2.9,7.1,541,45.4879,7.9733,45.51552,8.00575,,https://cycletrip.pro/climbs/puerto-bienca-tomalino
loitiko-mendatea,Loitiko mendatea,ES,Southern Pyrenees,from Lumbier,3,5.9,230,3.9,9.7,726,42.65646,-1.40183,42.64101,-1.33837,Q12262555,https://cycletrip.pro/climbs/loitiko-mendatea
passo-linguad,Passo Linguadà,IT,Northern Apennines,from Bardi,3,12.0,318,2.7,10.0,930,44.66922,9.64835,44.63186,9.72981,Q60837175,https://cycletrip.pro/climbs/passo-linguad
ravellino,Ravellino,IT,Lombardy,from Sala al Barro,3,5.2,210,4.1,9.0,,45.77431,9.36872,45.81372,9.37765,,https://cycletrip.pro/climbs/ravellino
gora-szybowcowa,Góra Szybowcowa,PL,Sudety,from Jeżów Sudecki,3,4.9,207,4.2,7.5,,50.94391,15.7626,50.92264,15.73422,,https://cycletrip.pro/climbs/gora-szybowcowa
avellaneda,Avellaneda,ES,Basque Country,from Mercadillo,3,3.7,176,4.8,11.4,263,43.22882,-3.16083,43.26022,-3.15414,,https://cycletrip.pro/climbs/avellaneda
im-gem-rk-passo-cimabanche,Im Gemärk - Passo Cimabanche,IT,Dolomites,from Cortina d'Ampezzo,3,15.1,336,2.2,12.3,1530,46.62059,12.18398,46.53983,12.13209,Q2056122,https://cycletrip.pro/climbs/im-gem-rk-passo-cimabanche
im-gem-rk-passo-cimabanche,Im Gemärk - Passo Cimabanche,IT,Dolomites,from Niederrasen - Rasun di Sotto,3,33.3,522,1.6,11.3,1530,46.62059,12.18398,46.77443,12.02956,Q2056122,https://cycletrip.pro/climbs/im-gem-rk-passo-cimabanche
passo-del-cavallo,Passo del Cavallo,IT,Lake Garda,from Fontana,3,5.9,226,3.8,8.1,730,45.64629,10.30448,45.65122,10.26467,Q3897365,https://cycletrip.pro/climbs/passo-del-cavallo
puerto-de-altube,Puerto de Altube,ES,Basque Country,from Urduña / Orduña,3,14.7,351,2.4,10.4,625,42.95997,-2.86965,42.99329,-3.00426,,https://cycletrip.pro/climbs/puerto-de-altube
col-de-fontaube,Col de Fontaube,FR,Provence,from Eygaliers,3,7.3,245,3.4,12.3,635,44.20821,5.31304,44.23946,5.28072,,https://cycletrip.pro/climbs/col-de-fontaube
przelecz-karkoszczonka,Przełęcz Karkoszczonka,PL,Beskidy,from Brenna,3,5.4,209,3.9,9.9,,49.72488,18.9921,49.72128,18.92002,,https://cycletrip.pro/climbs/przelecz-karkoszczonka
portella-castani,Portella Càstani,IT,Sicily,from Piazza Armerina,3,2.9,153,5.3,11.3,553,37.49079,14.43541,37.50697,14.45505,,https://cycletrip.pro/climbs/portella-castani
portella-castani,Portella Càstani,IT,Sicily,from Raddusa,4,9.4,224,2.4,7.9,553,37.49079,14.43541,37.50078,14.51667,,https://cycletrip.pro/climbs/portella-castani
przelecz-wilcza,Przełęcz Wilcza,PL,Kotlina Kłodzka,from Budzów,3,4.2,186,4.4,10.0,532,50.54375,16.66459,50.57418,16.67975,,https://cycletrip.pro/climbs/przelecz-wilcza
przelecz-wilcza,Przełęcz Wilcza,PL,Kotlina Kłodzka,from Młynów,3,9.8,266,2.7,11.0,532,50.54375,16.66459,50.47815,16.65856,,https://cycletrip.pro/climbs/przelecz-wilcza
superdevoluy,SuperDévoluy,FR,French Alps,from Le Pré,3,4.6,194,4.2,10.3,,44.67753,5.93117,44.6953,5.93704,,https://cycletrip.pro/climbs/superdevoluy
col-de-la-croix-haute,Col de La Croix-Haute,FR,French Alps,from Saint-Julien-en-Beauchêne,4,11.9,238,2.0,6.9,1183,44.72379,5.67742,44.62637,5.69787,Q1107422,https://cycletrip.pro/climbs/col-de-la-croix-haute
col-de-la-croix-haute,Col de La Croix-Haute,FR,French Alps,from Saint-Martin-de-Clelles,3,20.2,401,2.0,10.5,1183,44.72379,5.67742,44.83923,5.61139,Q1107422,https://cycletrip.pro/climbs/col-de-la-croix-haute
zakret-smierci,Zakręt Śmierci,PL,Sudety,from Mroczkowice,3,20.2,400,2.0,6.6,,50.84904,15.5364,50.94262,15.35815,,https://cycletrip.pro/climbs/zakret-smierci
alto-de-morga,Alto de Morga,ES,Basque Country,from Larrabetzu,3,4.8,197,4.1,10.2,273,43.28211,-2.75978,43.25812,-2.79383,,https://cycletrip.pro/climbs/alto-de-morga
mezkirizko-lepoa,Mezkirizko lepoa,ES,Southern Pyrenees,from Erro,3,8.9,269,3.0,9.0,922,42.9798,-1.38677,42.94244,-1.44845,Q12263509,https://cycletrip.pro/climbs/mezkirizko-lepoa
corio,Corio,IT,Piedmont,from Levone,3,7.8,248,3.2,9.4,582,45.31132,7.5406,45.31962,7.61891,,https://cycletrip.pro/climbs/corio
polana-glodowka,Polana Głodówka,PL,Podhale,from Bukowina Tatrzańska,3,3.9,176,4.5,8.3,,49.30144,20.11595,49.32966,20.09722,,https://cycletrip.pro/climbs/polana-glodowka
przelecz-wyzna,Przełęcz Wyżna,PL,Bieszczady,from Wetlina,3,6.8,231,3.4,8.3,872,49.14168,22.54833,49.15191,22.4727,,https://cycletrip.pro/climbs/przelecz-wyzna
portella-massara,Portella Massara,IT,Sicily,from Assoro,4,10.0,142,1.4,5.7,407,37.48011,14.55396,37.52257,14.51365,,https://cycletrip.pro/climbs/portella-massara
portella-massara,Portella Massara,IT,Sicily,from Ramacca,3,8.6,261,3.0,9.6,407,37.48011,14.55396,37.4384,14.61142,,https://cycletrip.pro/climbs/portella-massara
puerto-de-los-pescadores,Puerto de los Pescadores,ES,Andalusia,from Mijas,3,9.1,264,2.9,9.3,,36.61995,-4.70755,36.55277,-4.68924,,https://cycletrip.pro/climbs/puerto-de-los-pescadores
san-pantaleo,San Pantaleo,IT,Sardinia,from Olbia,4,7.5,167,2.2,7.3,,41.04671,9.46729,41.01771,9.50999,,https://cycletrip.pro/climbs/san-pantaleo
san-pantaleo,San Pantaleo,IT,Sardinia,from San Pantaleo,4,3.7,147,4.0,8.1,,41.04671,9.46729,41.03523,9.4335,,https://cycletrip.pro/climbs/san-pantaleo
san-pantaleo,San Pantaleo,IT,Sardinia,from Sarrabalestra,3,3.6,166,4.6,11.4,,41.04671,9.46729,41.07047,9.4601,,https://cycletrip.pro/climbs/san-pantaleo
montee-de-chateau-chalon,Montée de Château-Chalon,FR,Jura,from Voiteur,3,4.1,175,4.3,11.1,,46.75703,5.62674,46.75807,5.61575,,https://cycletrip.pro/climbs/montee-de-chateau-chalon
col-d-vires,Col d’Évires,FR,French Alps,from Groisy,3,9.0,256,2.9,8.5,810,46.04494,6.25598,45.99998,6.18023,Q106600905,https://cycletrip.pro/climbs/col-d-vires
portella-di-pitta,Portella di Pitta,IT,Sicily,from Gela,3,22.9,416,1.8,8.9,485,37.28882,14.19382,37.15641,14.29154,,https://cycletrip.pro/climbs/portella-di-pitta
passo-del-giovo,Passo del Giovo,IT,Liguria,from Melazzo,4,31.0,327,1.1,7.2,516,44.42908,8.47355,44.63766,8.42058,Q3682764,https://cycletrip.pro/climbs/passo-del-giovo
passo-del-giovo,Passo del Giovo,IT,Liguria,from San Giovanni Battista,3,4.0,172,4.3,10.6,516,44.42908,8.47355,44.40733,8.4889,Q3682764,https://cycletrip.pro/climbs/passo-del-giovo
grotti,Grotti,IT,Tuscany,from Monteroni d'Arbia,4,5.1,180,3.5,9.4,371,43.21793,11.31509,43.24699,11.34109,,https://cycletrip.pro/climbs/grotti
grotti,Grotti,IT,Tuscany,from Orgia,3,4.6,184,4.0,7.9,371,43.21793,11.31509,43.22001,11.27446,,https://cycletrip.pro/climbs/grotti
cote-des-demoiselles-coiffees,Côte des Demoiselles Coiffées,FR,French Alps,from Le Lauzet-Ubaye,3,6.0,212,3.5,10.7,,44.48463,6.31965,44.46746,6.35085,,https://cycletrip.pro/climbs/cote-des-demoiselles-coiffees
cote-des-demoiselles-coiffees,Côte des Demoiselles Coiffées,FR,French Alps,from Savines-le-Lac,4,9.2,219,2.4,9.6,,44.48463,6.31965,44.52262,6.39781,,https://cycletrip.pro/climbs/cote-des-demoiselles-coiffees
col-de-la-ligne,Col de la Ligne,FR,Provence,from Murs,3,8.7,253,2.9,7.9,756,43.99743,5.2862,43.95122,5.24257,,https://cycletrip.pro/climbs/col-de-la-ligne
gasteizko-mendatea,Gasteizko mendatea,ES,Basque Country,from Ventas de Armentia,4,6.6,205,3.1,8.0,758,42.77886,-2.676,42.72366,-2.69458,,https://cycletrip.pro/climbs/gasteizko-mendatea
gasteizko-mendatea,Gasteizko mendatea,ES,Basque Country,from Vitoria-Gasteiz,3,7.1,227,3.2,8.0,758,42.77886,-2.676,42.83466,-2.66959,,https://cycletrip.pro/climbs/gasteizko-mendatea
przelecz-wyznianska,Przełęcz Wyżniańska,PL,Bieszczady,from Ustrzyki Górne,3,5.6,202,3.6,8.7,855,49.12522,22.59194,49.10433,22.64617,,https://cycletrip.pro/climbs/przelecz-wyznianska
col-du-plafond,Col du Plafond,FR,Vosges,from Anould,3,3.9,167,4.3,8.8,620,48.16518,6.91641,48.18738,6.95083,Q2982306,https://cycletrip.pro/climbs/col-du-plafond
chrosnickie-rozdroze,Chrośnickie Rozdroże,PL,Sudety,from Stara Kraśnica,3,7.8,235,3.0,9.7,538,50.96758,15.82802,51.00055,15.90878,,https://cycletrip.pro/climbs/chrosnickie-rozdroze
santa-pellaia,Santa Pellaia,ES,Girona,from Cassà de la Selva,4,7.7,230,3.0,9.7,346,41.91989,2.91725,41.8947,2.86354,,https://cycletrip.pro/climbs/santa-pellaia
santa-pellaia,Santa Pellaia,ES,Girona,"from Cruïlles, Monells i Sant Sadurní de l'Heura",4,15.9,318,2.0,8.4,346,41.91989,2.91725,41.96011,3.02736,,https://cycletrip.pro/climbs/santa-pellaia
col-des-aires,Col des Aires,FR,Provence,from Eygaliers,4,11.0,271,2.5,11.3,640,44.1928,5.34604,44.24078,5.27831,,https://cycletrip.pro/climbs/col-des-aires
col-des-robines,Col des Robines,FR,French Alps,from Barrême,4,9.3,254,2.7,6.4,988,43.96143,6.49309,43.95741,6.3893,Q2982236,https://cycletrip.pro/climbs/col-des-robines
lamon,Lamon,IT,Dolomites,from Lamon,4,5.5,192,3.5,10.1,,46.05479,11.75025,46.0327,11.76163,,https://cycletrip.pro/climbs/lamon
col-de-gu-ry,Col de Guéry,FR,Massif Central,from Aurières,4,16.3,298,1.8,6.1,1268,45.62111,2.82067,45.68529,2.93952,Q49130762,https://cycletrip.pro/climbs/col-de-gu-ry
col-de-gu-ry,Col de Guéry,FR,Massif Central,from Mont-Dore,4,9.1,243,2.7,8.2,1268,45.62111,2.82067,45.57594,2.80663,Q49130762,https://cycletrip.pro/climbs/col-de-gu-ry
aia,Aia,ES,Basque Country,from Aia,4,7.8,223,2.9,9.8,,43.2365,-2.14866,43.27332,-2.13814,,https://cycletrip.pro/climbs/aia
przelecz-snozka,Przełęcz Snozka,PL,Podhale,from Krościenko nad Dunajcem,4,8.3,228,2.8,6.2,,49.45107,20.31939,49.44052,20.42482,,https://cycletrip.pro/climbs/przelecz-snozka
puerto-de-los-alazores,Puerto de los Alazores,ES,Andalusia,from Alfarnate,4,5.2,182,3.5,9.1,1045,37.0266,-4.25211,36.9945,-4.27883,Q6092495,https://cycletrip.pro/climbs/puerto-de-los-alazores
puerto-de-ayurdin,Puerto de Ayurdín,ES,Basque Country,from Zigoitia,4,3.6,149,4.2,11.0,680,42.94745,-2.78813,42.93808,-2.74962,,https://cycletrip.pro/climbs/puerto-de-ayurdin
col-de-steige,Col de Steige,FR,,from Steige,4,6.2,197,3.2,9.0,534,48.36368,7.20015,48.35618,7.24379,Q22491,https://cycletrip.pro/climbs/col-de-steige
coll-de-sant-mar-al,Coll de Sant Marçal,ES,Girona,from Viladrau,4,6.6,207,3.1,11.0,1107,41.80446,2.41828,41.84835,2.40887,Q121361991,https://cycletrip.pro/climbs/coll-de-sant-mar-al
col-de-la-givrine,Col de la Givrine,FR,,from Les Rousses,4,4.8,159,3.3,8.2,1226,46.4546,6.08771,46.48653,6.08993,Q391854,https://cycletrip.pro/climbs/col-de-la-givrine
col-de-la-givrine,Col de la Givrine,FR,,from Saint-Cergue,4,5.8,188,3.3,8.7,1226,46.4546,6.08771,46.44649,6.15746,Q391854,https://cycletrip.pro/climbs/col-de-la-givrine
przelecz-pod-srednica,Przełęcz pod Średnicą,PL,Sudety,from Karpniki,4,7.4,217,2.9,7.0,595,50.81461,15.86206,50.85111,15.8561,,https://cycletrip.pro/climbs/przelecz-pod-srednica
przelecz-pod-srednica,Przełęcz pod Średnicą,PL,Sudety,from Kowary,4,3.4,140,4.1,10.6,595,50.81461,15.86206,50.80257,15.83697,,https://cycletrip.pro/climbs/przelecz-pod-srednica
puerto-de-carrales,Puerto de Carrales,FR,,from Cilleruelo de Bezana,4,4.2,158,3.8,9.2,1020,42.93735,-3.83,42.96916,-3.84911,Q16623214,https://cycletrip.pro/climbs/puerto-de-carrales
puerto-de-carrales,Puerto de Carrales,FR,,from Quintanilla-Escalada,4,19.1,351,1.8,10.9,1020,42.93735,-3.83,42.80063,-3.76967,Q16623214,https://cycletrip.pro/climbs/puerto-de-carrales
la-turbie,La Turbie,FR,French Alps,from Roquebrune-Cap-Martin,4,4.5,165,3.7,11.6,473,43.74989,7.40299,43.75748,7.44415,,https://cycletrip.pro/climbs/la-turbie
col-de-clavel,Col de Clavel,FR,Provence,from Comps-sur-Artuby,4,10.5,250,2.4,8.4,1063,43.74983,6.62987,43.71566,6.53025,,https://cycletrip.pro/climbs/col-de-clavel
col-de-martimpr,Col de Martimpré,FR,Vosges,from Gerbépal,4,5.8,183,3.2,7.3,796,48.10338,6.90567,48.15323,6.92133,Q2982078,https://cycletrip.pro/climbs/col-de-martimpr
collet-de-sant-pere-q18007209,Collet de Sant Pere,ES,Southern Pyrenees,from Bassella,4,11.1,260,2.3,12.7,741,42.00848,1.40197,41.99919,1.29605,Q18007209,https://cycletrip.pro/climbs/collet-de-sant-pere-q18007209
coll-de-llu,coll de Lluç,FR,Pyrenees,from Bourg-Madame,4,6.3,186,3.0,5.6,1333,42.44568,2.01536,42.43407,1.9441,Q11914502,https://cycletrip.pro/climbs/coll-de-llu
passo-di-montereale,Passo di Montereale,IT,Central Apennines,from Montereale,4,5.2,172,3.3,6.9,1040,42.56021,13.25657,42.53478,13.24992,Q60327376,https://cycletrip.pro/climbs/passo-di-montereale
przelecz-rochowicka,Przełęcz Rochowicka,PL,Sudety,from Stare Rochowice,4,4.6,161,3.5,8.4,504,50.91267,16.01717,50.92589,16.07408,,https://cycletrip.pro/climbs/przelecz-rochowicka
passo-della-torrita,Passo della Torrita,IT,Central Apennines,from Saletta,4,9.0,222,2.5,12.2,1010,42.61917,13.22561,42.67862,13.26878,Q3897408,https://cycletrip.pro/climbs/passo-della-torrita
passo-della-torrita,Passo della Torrita,IT,Central Apennines,from Sigillo,4,18.5,304,1.6,14.0,1010,42.61917,13.22561,42.50547,13.08138,Q3897408,https://cycletrip.pro/climbs/passo-della-torrita
przelecz-droszkowska,Przełęcz Droszkowska,PL,Kotlina Kłodzka,from Jaszkowa Górna,4,4.1,153,3.7,7.1,510,50.39738,16.78005,50.40777,16.73306,,https://cycletrip.pro/climbs/przelecz-droszkowska
portella-farina,Portella Farina,IT,Sicily,from Enna,4,8.3,219,2.6,9.3,746,37.4697,14.32096,37.44609,14.24562,,https://cycletrip.pro/climbs/portella-farina
przelecz-bardzka,Przełęcz Bardzka,PL,Kotlina Kłodzka,from Bardo,4,5.3,163,3.1,8.8,442,50.47776,16.70443,50.50782,16.75381,,https://cycletrip.pro/climbs/przelecz-bardzka
przelecz-bardzka,Przełęcz Bardzka,PL,Kotlina Kłodzka,from Kłodzko,4,4.4,154,3.5,6.2,442,50.47776,16.70443,50.45748,16.65684,,https://cycletrip.pro/climbs/przelecz-bardzka
alto-de-eizaga,Alto de Eizaga,ES,Basque Country,from Anduaga,4,3.7,142,3.8,10.0,375,43.08633,-2.31015,43.06587,-2.27773,,https://cycletrip.pro/climbs/alto-de-eizaga
przelecz-nad-roztokami-gornymi,Przełęcz nad Roztokami Górnymi,PL,Bieszczady,from Liszna,4,7.9,203,2.6,8.6,801,49.14429,22.33016,49.20519,22.30611,,https://cycletrip.pro/climbs/przelecz-nad-roztokami-gornymi
przelecz-radomierska,Przełęcz Radomierska,PL,Sudety,from Radomierz,4,3.9,142,3.7,7.0,523,50.91034,15.92742,50.90057,15.87772,,https://cycletrip.pro/climbs/przelecz-radomierska
collada-de-les-cargolines,Collada de les Cargolines,ES,Southern Pyrenees,from Talarn,4,4.9,162,3.3,8.7,622,42.15769,0.8493,42.15692,0.89769,Q17598373,https://cycletrip.pro/climbs/collada-de-les-cargolines
balcon-de-bizkaia,Balcón de Bizkaia,ES,Basque Country,from Iurreta,4,11.6,234,2.0,9.1,364,43.24331,-2.6253,43.19298,-2.67189,,https://cycletrip.pro/climbs/balcon-de-bizkaia
balcon-de-bizkaia,Balcón de Bizkaia,ES,Basque Country,from Munitibar,4,5.6,168,3.0,9.5,364,43.24331,-2.6253,43.26473,-2.59276,,https://cycletrip.pro/climbs/balcon-de-bizkaia
puerto-de-confrides,Puerto de Confrides,ES,Costa Blanca,from Benimantell,4,7.4,189,2.6,8.9,788,38.68332,-0.26843,38.67497,-0.21537,,https://cycletrip.pro/climbs/puerto-de-confrides
zieleniec,Zieleniec,PL,Kotlina Kłodzka,from Lasówka,4,5.7,153,2.7,9.4,,50.3386,16.38438,50.31828,16.44086,,https://cycletrip.pro/climbs/zieleniec
zieleniec,Zieleniec,PL,Kotlina Kłodzka,from Zielone Ludowe,4,8.6,204,2.4,9.7,,50.3386,16.38438,50.39725,16.35182,,https://cycletrip.pro/climbs/zieleniec
przelecz-rzasnicka,Przełęcz Rząśnicka,PL,Sudety,from Czernica,4,5.3,157,3.0,8.0,465,51.00426,15.76239,50.97912,15.72229,,https://cycletrip.pro/climbs/przelecz-rzasnicka
przelecz-domanowska,Przełęcz Domanowska,PL,Sudety,from Wierzchosławice,4,5.1,152,3.0,6.2,492,50.86566,16.05901,50.9046,16.08983,,https://cycletrip.pro/climbs/przelecz-domanowska
przelecz-klodzka,Przełęcz Kłodzka,PL,Kotlina Kłodzka,from Jaszkowa Dolna,4,8.5,194,2.3,6.1,483,50.43137,16.76483,50.42101,16.66173,,https://cycletrip.pro/climbs/przelecz-klodzka
belvedere-du-cirque-de-ladoye,Belvedère du cirque de Ladoye,FR,Jura,from Poligny,4,8.3,189,2.3,10.9,,46.76613,5.694,46.83178,5.70801,,https://cycletrip.pro/climbs/belvedere-du-cirque-de-ladoye
gorges-de-la-nesque,Gorges de la Nesque,FR,Provence,from Villes-sur-Auzon,4,10.9,217,2.0,8.6,,44.05541,5.29825,44.05792,5.23504,,https://cycletrip.pro/climbs/gorges-de-la-nesque
portella-grottacalda,Portella Grottacalda,IT,Sicily,from Enna,4,16.8,272,1.6,9.1,744,37.46898,14.34958,37.50579,14.22829,,https://cycletrip.pro/climbs/portella-grottacalda
lu,Lu,IT,Piedmont,from Mirabello Monferrato,4,5.5,142,2.6,7.4,267,45.00001,8.4819,45.03195,8.5212,,https://cycletrip.pro/climbs/lu
straznicze-naroze,Strażnicze Naroże,PL,Sudety,from Mieroszów,4,7.6,169,2.2,11.2,649,50.66345,16.10382,50.66011,16.18802,,https://cycletrip.pro/climbs/straznicze-naroze
col-de-la-madeleine-2,Col de la Madeleine,FR,Provence,from Bédoin,4,8.2,174,2.1,8.3,448,44.14119,5.12943,44.1115,5.17705,,https://cycletrip.pro/climbs/col-de-la-madeleine-2
sella-di-camporosso,Sella di Camporosso,IT,Friuli,from Villach,4,29.2,309,1.1,15.2,816,46.50653,13.53002,46.59014,13.83374,Q3954902,https://cycletrip.pro/climbs/sella-di-camporosso
toblacher-feld-sella-di-dobbiaco,Toblacher Feld - Sella di Dobbiaco,IT,Dolomites,from Anras,4,28.2,277,1.0,7.4,1219,46.72494,12.23173,46.76024,12.55541,Q1730577,https://cycletrip.pro/climbs/toblacher-feld-sella-di-dobbiaco
pogrzebien,Pogrzebień,PL,Śląsk,from Lubomia,4,2.9,83,2.9,7.2,294,50.06339,18.29455,50.04011,18.30763,,https://cycletrip.pro/climbs/pogrzebien
pogrzebien,Pogrzebień,PL,Śląsk,from Racibórz,4,3.4,86,2.6,4.2,294,50.06339,18.29455,50.07272,18.26208,,https://cycletrip.pro/climbs/pogrzebien
combe-de-lourmarin,Combe de Lourmarin,FR,Provence,from Cadenet,4,11.2,143,1.3,5.7,,43.81363,5.34469,43.73419,5.37453,,https://cycletrip.pro/climbs/combe-de-lourmarin
